p,posterior_x_class_mcmc,posterior_x_class_mcmc_stderr,posterior_x_class_component_norm_mcmc,mean_affine_dimension,mean_list_size,mean_acceptance_rate,logical_00_marginal_entropy_mcmc,logical_00_marginal_entropy_mcmc_stderr,logical_00_marginal_component_norm_mcmc,logical_01_marginal_entropy_mcmc,logical_01_marginal_entropy_mcmc_stderr,logical_01_marginal_component_norm_mcmc,logical_02_marginal_entropy_mcmc,logical_02_marginal_entropy_mcmc_stderr,logical_02_marginal_component_norm_mcmc,logical_03_marginal_entropy_mcmc,logical_03_marginal_entropy_mcmc_stderr,logical_03_marginal_component_norm_mcmc,logical_04_marginal_entropy_mcmc,logical_04_marginal_entropy_mcmc_stderr,logical_04_marginal_component_norm_mcmc,logical_05_marginal_entropy_mcmc,logical_05_marginal_entropy_mcmc_stderr,logical_05_marginal_component_norm_mcmc,logical_06_marginal_entropy_mcmc,logical_06_marginal_entropy_mcmc_stderr,logical_06_marginal_component_norm_mcmc,logical_07_marginal_entropy_mcmc,logical_07_marginal_entropy_mcmc_stderr,logical_07_marginal_component_norm_mcmc,logical_08_marginal_entropy_mcmc,logical_08_marginal_entropy_mcmc_stderr,logical_08_marginal_component_norm_mcmc,logical_09_marginal_entropy_mcmc,logical_09_marginal_entropy_mcmc_stderr,logical_09_marginal_component_norm_mcmc,logical_10_marginal_entropy_mcmc,logical_10_marginal_entropy_mcmc_stderr,logical_10_marginal_component_norm_mcmc,logical_11_marginal_entropy_mcmc,logical_11_marginal_entropy_mcmc_stderr,logical_11_marginal_component_norm_mcmc,logical_00_given_others_entropy_mcmc,logical_00_given_others_entropy_mcmc_stderr,logical_00_given_others_component_norm_mcmc,logical_01_given_others_entropy_mcmc,logical_01_given_others_entropy_mcmc_stderr,logical_01_given_others_component_norm_mcmc,logical_02_given_others_entropy_mcmc,logical_02_given_others_entropy_mcmc_stderr,logical_02_given_others_component_norm_mcmc,logical_03_given_others_entropy_mcmc,logical_03_given_others_entropy_mcmc_stderr,logical_03_given_others_component_norm_mcmc,logical_04_given_others_entropy_mcmc,logical_04_given_others_entropy_mcmc_stderr,logical_04_given_others_component_norm_mcmc,logical_05_given_others_entropy_mcmc,logical_05_given_others_entropy_mcmc_stderr,logical_05_given_others_component_norm_mcmc,logical_06_given_others_entropy_mcmc,logical_06_given_others_entropy_mcmc_stderr,logical_06_given_others_component_norm_mcmc,logical_07_given_others_entropy_mcmc,logical_07_given_others_entropy_mcmc_stderr,logical_07_given_others_component_norm_mcmc,logical_08_given_others_entropy_mcmc,logical_08_given_others_entropy_mcmc_stderr,logical_08_given_others_component_norm_mcmc,logical_09_given_others_entropy_mcmc,logical_09_given_others_entropy_mcmc_stderr,logical_09_given_others_component_norm_mcmc,logical_10_given_others_entropy_mcmc,logical_10_given_others_entropy_mcmc_stderr,logical_10_given_others_component_norm_mcmc,logical_11_given_others_entropy_mcmc,logical_11_given_others_entropy_mcmc_stderr,logical_11_given_others_component_norm_mcmc,posterior_x_class_component_norm_dp_mcmc,scaled_posterior_x_class_component_norm_dp_mcmc,marginal_sum_component_norm_dp_mcmc,scaled_marginal_sum_component_norm_dp_mcmc,logical_00_marginal_component_norm_dp_mcmc,scaled_logical_00_marginal_component_norm_dp_mcmc,logical_01_marginal_component_norm_dp_mcmc,scaled_logical_01_marginal_component_norm_dp_mcmc,logical_02_marginal_component_norm_dp_mcmc,scaled_logical_02_marginal_component_norm_dp_mcmc,logical_03_marginal_component_norm_dp_mcmc,scaled_logical_03_marginal_component_norm_dp_mcmc,logical_04_marginal_component_norm_dp_mcmc,scaled_logical_04_marginal_component_norm_dp_mcmc,logical_05_marginal_component_norm_dp_mcmc,scaled_logical_05_marginal_component_norm_dp_mcmc,logical_06_marginal_component_norm_dp_mcmc,scaled_logical_06_marginal_component_norm_dp_mcmc,logical_07_marginal_component_norm_dp_mcmc,scaled_logical_07_marginal_component_norm_dp_mcmc,logical_08_marginal_component_norm_dp_mcmc,scaled_logical_08_marginal_component_norm_dp_mcmc,logical_09_marginal_component_norm_dp_mcmc,scaled_logical_09_marginal_component_norm_dp_mcmc,logical_10_marginal_component_norm_dp_mcmc,scaled_logical_10_marginal_component_norm_dp_mcmc,logical_11_marginal_component_norm_dp_mcmc,scaled_logical_11_marginal_component_norm_dp_mcmc,given_others_sum_component_norm_dp_mcmc,scaled_given_others_sum_component_norm_dp_mcmc,logical_00_given_others_component_norm_dp_mcmc,scaled_logical_00_given_others_component_norm_dp_mcmc,logical_01_given_others_component_norm_dp_mcmc,scaled_logical_01_given_others_component_norm_dp_mcmc,logical_02_given_others_component_norm_dp_mcmc,scaled_logical_02_given_others_component_norm_dp_mcmc,logical_03_given_others_component_norm_dp_mcmc,scaled_logical_03_given_others_component_norm_dp_mcmc,logical_04_given_others_component_norm_dp_mcmc,scaled_logical_04_given_others_component_norm_dp_mcmc,logical_05_given_others_component_norm_dp_mcmc,scaled_logical_05_given_others_component_norm_dp_mcmc,logical_06_given_others_component_norm_dp_mcmc,scaled_logical_06_given_others_component_norm_dp_mcmc,logical_07_given_others_component_norm_dp_mcmc,scaled_logical_07_given_others_component_norm_dp_mcmc,logical_08_given_others_component_norm_dp_mcmc,scaled_logical_08_given_others_component_norm_dp_mcmc,logical_09_given_others_component_norm_dp_mcmc,scaled_logical_09_given_others_component_norm_dp_mcmc,logical_10_given_others_component_norm_dp_mcmc,scaled_logical_10_given_others_component_norm_dp_mcmc,logical_11_given_others_component_norm_dp_mcmc,scaled_logical_11_given_others_component_norm_dp_mcmc
0.0,0.0,0.0,0.0,0.0,1.0,0.0,0.0,0.0,0.0,0.0,0.0,0.0,0.0,0.0,0.0,0.0,0.0,0.0,0.0,0.0,0.0,0.0,0.0,0.0,0.0,0.0,0.0,0.0,0.0,0.0,0.0,0.0,0.0,0.0,0.0,0.0,0.0,0.0,0.0,0.0,0.0,0.0,0.0,0.0,0.0,0.0,0.0,0.0,0.0,0.0,0.0,0.0,0.0,0.0,0.0,0.0,0.0,0.0,0.0,0.0,0.0,0.0,0.0,0.0,0.0,0.0,0.0,0.0,0.0,0.0,0.0,0.0,0.0,0.0,0.0,0.0,0.0,0.0,0.0,0.0,0.0,0.0,0.0,0.0,0.0,0.0,0.0,0.0,0.0,0.0,0.0,0.0,0.0,0.0,0.0,0.0,0.0,0.0,0.0,0.0,0.0,0.0,0.0,0.0,0.0,0.0,0.0,0.0,0.0,0.0,0.0,0.0,0.0,0.0,0.0,0.0,0.0,0.0,0.0,0.0,0.0,0.0,0.0,0.0,0.0,0.0,0.0,0.0,0.0,0.0,0.0,0.0
0.01,0.13197950973846326,0.05838639591682754,0.0009165243731837727,78.0,1.32,0.002576666666666667,0.03678772566058245,0.025705359161651665,0.0002554703170873781,0.055153642341672235,0.031152772426958603,0.00038301140515050163,0.03683545848801884,0.02570411523471897,0.0002558017950556864,0.055153642341672235,0.031152772426958603,0.00038301140515050163,0.01846954180692906,0.018364094131697203,0.00012826070699256293,0.01849216436740935,0.018363773987291773,0.0001284178081070094,0.018395902547952564,0.01836532919405442,0.00012774932324967057,0.018395902547952564,0.01836532919405442,0.00012774932324967057,0.03676181922904235,0.02570607136982448,0.0002552904113127941,0.0,0.0,0.0,0.03673183336217956,0.025706928301222797,0.00025508217612624695,0.03673183336217956,0.025706928301222797,0.00025508217612624695,4.07913522333261e-06,4.07913522333261e-06,2.8327327939809794e-08,0.0,0.0,0.0,0.0,0.0,0.0,0.0,0.0,0.0,0.0,0.0,0.0,0.0,0.0,0.0,0.0,0.0,0.0,0.0,0.0,0.0,0.0,0.0,0.0,0.0,0.0,0.0,0.01333333333333334,0.01333333333333334,9.259259259259263e-05,0.01333333333333334,0.01333333333333334,9.259259259259263e-05,0.07148176906996129,0.1679608395283666,0.19285671469970633,0.4531557644850954,0.011650007031306281,0.027374042178145503,0.02215109225159913,0.05204846073979379,0.010557690862495379,0.02480742493949932,0.017919592480812707,0.04210569822548375,0.018132328734823903,0.042605564978737555,0.006633711915146867,0.015587244649288026,0.018000847811489414,0.04229662402004903,0.015587721992973976,0.03662649800555798,0.019353309501976217,0.04547450565224239,0.018222847552163045,0.042818257204338704,0.011615790974741946,0.027293644649367624,0.023031773590177475,0.05411779924259177,0.01040789271489843,0.024455443966482932,3.553799040430921e-05,8.350367906559205e-05,0.000422279918925359,0.0009922318742455305,0.0,0.0,0.0006251644622024266,0.0014689500453192441,1.8230572907824478e-06,4.283640948623424e-06,0.0,0.0,0.0,0.0,4.740681085965457e-06,1.1139186753418132e-05,1.4193614879099467e-05,3.335076204818882e-05,0.001910015857015146,0.004487967645887059,0.0026031137765835403,0.006116541056432267,0.004791023356511801,0.011257476075783007
0.02,0.16623086587354835,0.05526902403296097,0.0011543810130107525,78.0,1.68,0.003446666666666666,0.01684897664791398,0.01621957130684855,0.00011700678227718042,0.03668506312803652,0.02548487776141819,0.000254757382833587,0.00027600098107925114,0.00027583884630096115,1.9166734797170217e-06,0.016848976680365495,0.016219571306160738,0.00011700678250253816,0.03652464017920528,0.025487821317644585,0.00025364333457781447,8.295474665586534e-08,8.295474665586532e-08,5.760746295546204e-10,0.05678876555013224,0.03210502145372613,0.0003943664274314739,0.03900756860358916,0.026864869795737774,0.00027088589308048023,0.07744099370762454,0.03718643802243578,0.0005377846785251704,0.07756409796505694,0.03718259394787175,0.0005386395692017843,0.02019359650545311,0.019996985813949267,0.0001402333090656466,0.03708687089423635,0.02569902568764033,0.000257547714543308,0.0,0.0,0.0,2.6896912539049605e-05,2.6896912539049602e-05,1.8678411485451114e-07,0.0,0.0,0.0,1.6632016632016425e-05,1.6632016632016425e-05,1.1550011550011406e-07,0.0,0.0,0.0,0.0,0.0,0.0,0.0,0.0,0.0,2.6896912539049328e-05,2.6896912539049328e-05,1.867841148545092e-07,0.0,0.0,0.0,0.013349910208592353,0.0133330053304519,9.270770978189133e-05,0.0,0.0,0.0,0.00010538390955262884,0.00010538390955262883,7.318327052265892e-07,0.06722074521319317,0.15794870421687607,0.1821084675768004,0.4279005891626332,0.010023110687889067,0.023551320955360115,0.015303990850169697,0.035959814436225666,0.01032679028382879,0.024264877440395474,0.010816777636126438,0.025416201590888258,0.020649634157273375,0.04852048199331379,0.006693887920122291,0.01572864031487715,0.02066541708312689,0.048557567162176574,0.01784168119296124,0.04192262993427426,0.01474773060470918,0.034652768751159295,0.021452830337847124,0.05040775348295905,0.011430612738445832,0.026858531019202197,0.022156004084300497,0.052060002081801386,0.01127311053326709,0.02648844780842577,4.072788568069329e-05,9.569838519874072e-05,0.0008741863530065932,0.0020540772236837417,2.0956602878691248e-05,4.924176694231712e-05,0.0006238811275857591,0.0014659345916949735,4.573220464274597e-05,0.00010745704233705862,0.0004230821011245606,0.0009941167631813477,0.0005186428797539909,0.0012186560941662098,5.330604064052932e-06,1.2525329821025625e-05,0.0009744970693519344,0.0022897774917418176,0.0022953592030493745,0.00539340958931788,0.002665286839816356,0.00626262921334978,0.002785427662312338,0.006544924316990876
0.03,0.31580496116622425,0.09228753384319156,0.0021930900080987794,78.0,2.3,0.004698333333333334,0.03480371705280787,0.022675754670138375,0.00024169247953338796,0.11330446181042778,0.043365401038024914,0.0007868365403501929,0.0369477420954858,0.02547997106466284,0.0002565815423297625,0.08615659867860614,0.03669830890202899,0.000598309713045876,0.10747370041791442,0.04126700219024391,0.0007463451417910723,0.021165015043488434,0.019986868767532445,0.00014697927113533634,0.07116055297364246,0.03455782547210313,0.000494170506761406,0.09593222625924291,0.03775218807369444,0.0006661960156891869,0.06004341005865097,0.02937207078519921,0.0004169681254072984,0.08763062214205386,0.037853729220222475,0.0006085459870975962,0.037150767740584005,0.02547079278371052,0.0002579914426429445,0.1320698718770561,0.0468351199061142,0.0009171518880351118,0.0004352614265310878,0.00043526142653108773,3.022648795354776e-06,5.225287148466734e-05,5.225287148466732e-05,3.6286716308796765e-07,0.0,0.0,0.0,0.008085499413511426,0.00786645001016658,5.614930148271823e-05,0.0,0.0,0.0,0.0,0.0,0.0,0.0,0.0,0.0,0.0,0.0,0.0,0.0,0.0,0.0,0.0,0.0,0.0,0.00021907196235621397,0.000219071962356214,1.5213330719181525e-06,0.029949915750828112,0.02213379507021734,0.00020798552604741745,0.06923854239344303,0.16268992582907532,0.19432327348814474,0.4566017402706518,0.014597286255784447,0.03429926939773723,0.01158137447798957,0.027212776145924506,0.014216596560777738,0.033404762146377186,0.011208556652701762,0.026336765440800613,0.019945376057136307,0.04686568548669819,0.008575992942348733,0.020151025822772353,0.019620676649614324,0.046102738713117666,0.02159969467786929,0.05075284088311502,0.017616894993874425,0.041394449403710454,0.019321079801801713,0.04539877546859572,0.01778974042649602,0.04180058462321451,0.01825000399175042,0.042882066738588374,0.0145082098647315,0.03408996644373833,6.136580699285178e-05,0.00014419134549911996,0.0017237167358335373,0.004050220270518739,8.088915017690751e-05,0.00019006537959563214,2.6436610070129437e-05,6.21181495566673e-05,0.0001135627502105938,0.00026683859552850675,0.0008944268516818014,0.002101636359309407,0.0010435463635580402,0.0024520227407695497,2.3703693855292585e-05,5.569661148091789e-05,0.001985208095554633,0.004664646982107021,0.0034247116844126893,0.008047051117237735,0.004239585245136013,0.009961760967725672,0.0008910568772490103,0.002093717924409359
0.04,0.36081776125999826,0.08731017020334206,0.0025056788976388768,78.0,2.3,0.005258333333333333,0.05151189220768533,0.029344137405079383,0.00035772147366448147,0.0535626919178319,0.029309612948015446,0.0003719631383182771,0.051866027050674744,0.029326466310272296,0.0003601807434074635,0.037850117018033154,0.025355420394296856,0.00026284803484745244,0.10811511238467986,0.04197772924560724,0.0007507993915602767,0.05564695937449918,0.03148776507079988,0.0003864372178784665,0.1370997280344459,0.04843281090820945,0.000952081444683652,0.060570554140410994,0.033908616719854505,0.00042062884819729857,0.07962169784250317,0.03794533511923702,0.0005529284572396054,0.14194676833784464,0.047092992718650854,0.0009857414467905879,0.039465240124518755,0.02685105620375137,0.00027406416753138023,0.11174275246609693,0.04303077393672146,0.0007759913365701176,3.430531732418807e-05,3.430531732418806e-05,2.382313703068616e-07,0.010787195930497874,0.010787195930497873,7.491108285067969e-05,0.0,0.0,0.0,0.0,0.0,0.0,4.7253644977081065e-05,4.725364497708106e-05,3.281503123408407e-07,0.0,0.0,0.0,0.0,0.0,0.0,6.908462867012605e-05,6.908462867012605e-05,4.797543657647642e-07,0.0003678984976662584,0.00036789849766625843,2.554850678237905e-06,0.022807790596647906,0.018807109846979784,0.0001583874346989438,0.013701231830999597,0.013330900577713599,9.514744327083054e-05,0.010739392746691018,0.009994038154994224,7.457911629646541e-05,0.07073468841272312,0.16620542278340167,0.21108677796261693,0.49599097645777185,0.023093844146804713,0.054263646539556405,0.01397814306372312,0.032844467541544874,0.01623888911783618,0.03815654655343435,0.017368401181054243,0.04081056305112126,0.016555728183147694,0.038901023866985726,0.011996941105250928,0.028189233786843765,0.014264486158873414,0.03351728841993588,0.02421693833147607,0.05690258293664255,0.02272172845551935,0.05338928563994302,0.013435970332771547,0.031570523314298805,0.024233833550982024,0.05694228166387268,0.012981874335177676,0.03050353314359263,0.014932680219238598,0.035087345188354144,0.00016847116378843546,0.0003958569922707412,0.0021856173882977468,0.005135549052612225,0.00013114859997119055,0.00030816009789253824,-0.000552809819558076,-0.0012989382132054387,0.000343956559340755,0.0008081953373540499,0.00094269168639695,0.0022150443270182087,0.0010693590047153373,0.0025126747494653725,8.021655391422699e-05,0.00018848497896462797,0.002744289871833167,0.006448262777760348,0.0033720648593088885,0.00792334677894299,0.004906843472013581,0.01152961880653876,-0.0004591691207836062,-0.0010789104972602805
0.05,0.5210957808119852,0.11871747160768815,0.0036187207000832303,78.0,4.22,0.007209999999999999,0.12395553616968062,0.041226447118170285,0.000860802334511671,0.11809877772155124,0.03948029549731307,0.0008201304008441058,0.12687832435253996,0.042231080054710865,0.0008810994746704164,0.08751108727679079,0.03470297073751796,0.0006077158838666027,0.12253043355826632,0.04135812165947393,0.0008509057885990717,0.03837379042100389,0.023922704154372774,0.0002664846557014159,0.13752295132642486,0.04435370050525412,0.0009550204953223949,0.16784671827019992,0.04960483390999311,0.0011656022102097218,0.13969278070079608,0.04784242840968254,0.0009700887548666394,0.09690258139720041,0.040864008316801155,0.000672934593036114,0.17978129981249003,0.051076231802793214,0.0012484812486978473,0.12339021054094221,0.04344134825883414,0.0008568764620898765,0.00012061244435634944,0.00012061244435634944,8.375864191413155e-07,0.00098001266596582,0.000979990169496614,6.805643513651528e-06,0.0005431951466156773,0.0005431951466156773,3.7721885181644257e-06,0.0,0.0,0.0,0.0010908714543858137,0.0007634460723721626,7.575496211012595e-06,0.010966288061148615,0.01096484879282999,7.615477820242094e-05,0.013443223443223448,0.013331543401744332,9.335571835571839e-05,0.0,0.0,0.0,0.02452316704226963,0.017078566439131342,0.00017029977112687243,0.013880129349744013,0.013333360613937304,9.638978715100009e-05,0.05457696063466168,0.03069654868160913,0.0003790066710740394,0.004153001345430801,0.0033713168033510568,2.884028712104723e-05,0.0651727766780116,0.1531365889184968,0.2086088041242783,0.49016847693611987,0.02603631112386834,0.061177566412865564,0.02147524228542768,0.05046041487592782,0.012205156562711834,0.028678478016427512,0.023040202689844243,0.054137605113024456,0.017257198823797705,0.040549270675102125,0.015310766947938648,0.0359757362451681,0.009029338773942536,0.02121625332709805,0.020709335722996616,0.048660762868150825,0.02408411706445108,0.05659049257000788,0.007039987428904396,0.016541870944333216,0.021412518657414635,0.050313033055969986,0.011008628042980546,0.02586699283204426,0.009557018454196814,0.022456143207422983,0.0008643608876515597,0.0020309903103174383,0.0020931912854452047,0.004918375274858427,0.00011699962053369406,0.00027491421582062723,-0.0005242008381667099,-0.001231715638903419,0.0004861506427775841,0.0011423090273306004,0.00011330157813556613,0.00026622491904072874,0.0008453172505279731,0.0019862434424017797,0.0001953267583854441,0.00045895963051312017,0.002314501301077635,0.005438387810995832,0.0014659802761108013,0.0034446164541144337,0.0016792873418472948,0.003945824444691287,-9.319765012923348e-05,-0.00021898668375787468
0.06,0.6272566859180995,0.08643869200973436,0.004355949207764579,78.0,5.62,0.00789,0.13470020761219387,0.04458039426892592,0.000935418108418013,0.14054369813014067,0.04365197794354049,0.0009759979036815324,0.08522839898712586,0.036342502083617965,0.0005918638818550407,0.18380861789245703,0.050889591938401625,0.001276448735364285,0.1656814194873493,0.04765441411688205,0.0011505654131065924,0.07123273211898501,0.033104056488237714,0.0004946717508262847,0.10969191623243146,0.0401629771790542,0.0007617494182807741,0.21783648353223353,0.055963666399361726,0.0015127533578627329,0.24640658702796048,0.05903235788499967,0.0017111568543608366,0.17823188492272418,0.05136450007077107,0.0012377214230744735,0.13646785171602485,0.044970323292421614,0.0009476934146946171,0.15041158596492415,0.047190296041212894,0.0010445249025341956,0.0012889244643403063,0.0010956505071372136,8.950864335696571e-06,0.021198114424955988,0.019913348915766207,0.00014720912795108325,0.001010256479354088,0.0005812133303559215,7.015669995514501e-06,0.000718500966281757,0.0007123647816835928,4.989590043623313e-06,0.0006672962867328036,0.0004899915778568371,4.6340019912000244e-06,0.0012509678732950866,0.0007835295429383179,8.687276897882546e-06,0.00016227485697753016,0.0001616409181374513,1.126908729010626e-06,0.00053002431246703,0.00040482642772181327,3.680724392132153e-06,0.0016744627569043491,0.0010605745604668794,1.1628213589613536e-05,0.04209250738437778,0.027955554203615462,0.00029230907905817904,3.3128926967052054e-07,3.3128926967052054e-07,2.300619928267504e-09,0.020188840559822525,0.018318613231425106,0.0001402002816654342,0.048150508430998884,0.11313933503622292,0.1668895004680535,0.3921405551623847,0.021198809856477065,0.04981088110747885,0.024033799928940548,0.05647226230748122,0.00572240539247394,0.013445946097121344,0.01789091702867275,0.042038319464745906,0.018744196043828203,0.04404327067960991,0.01688910081658049,0.03968435013486744,0.008822072701506561,0.020729239869190744,0.009081565503985868,0.021338970567284343,0.016828504701292015,0.03954196733533083,0.004493999025144531,0.01055955747771402,0.012531011430613425,0.02944413977731076,0.010653118038538127,0.025031650344249364,0.0018208951173381595,0.004278560485847619,0.0017622135811245882,0.0041406763761580685,0.0010945087707125232,0.0025717691992221347,0.00011872287382887721,0.000278963347143828,-0.000248043465242326,-0.0005828281700869894,0.00038731496832584023,0.0009100746678253143,-0.000780190597102164,-0.0018332152293707644,0.0006264450794240622,0.00147195911387559,0.0002864594258234112,0.0006730942207798951,0.00125277486317782,0.0029436473173102343,-0.00159215596796319,-0.003741091700982735,-0.001680174931223769,-0.0039479100150229774,0.0005930205164524869,0.0013934213589960214
0.07,0.6327893540156225,0.10418708855726208,0.004394370513997378,78.0,7.8,0.006673333333333333,0.22137406578345548,0.05314847825757312,0.0015373199012739963,0.2001612087269203,0.04999911033741856,0.0013900083939369465,0.10798150389613148,0.037363432064055534,0.0007498715548342464,0.16871434133404553,0.04579868624696275,0.001171627370375316,0.15916699141712523,0.044117041053091145,0.0011053263292855919,0.1525700287320058,0.045647921678112324,0.001059514088416707,0.14960028571578843,0.04579377323431822,0.0010388908730263086,0.14461213022060931,0.046070764946872074,0.001004250904309787,0.1284790928711416,0.03996557114808111,0.0008922159227162611,0.12838085859981058,0.042492617872815344,0.0008915337402764623,0.14706322443867859,0.04465371829672251,0.001021272391935268,0.16393190866083684,0.04845834329759874,0.0011384160323669225,0.0024223007362884417,0.00142761687209102,1.6821532890891956e-05,0.01245324809088134,0.01082015747020494,8.648088952000931e-05,0.0002924684593137267,0.00029068983793043793,2.0310309674564355e-06,0.000438430404778016,0.0004326914845760516,3.0446555887362225e-06,0.005399018535875147,0.004997568072857048,3.749318427691075e-05,5.664252159198746e-08,5.664252159198744e-08,3.933508443888018e-10,0.0005067888018196509,0.000332579282418026,3.5193666793031316e-06,0.0010729582776008017,0.0009023410353560699,7.451099150005567e-06,0.018736733879567855,0.011302344577805247,0.000130116207496999,0.0021584681022273834,0.0011637727544192736,1.4989361821023495e-05,0.03180227620477541,0.01768315389740214,0.00022084914031094034,0.012858585232876972,0.010975403742001608,8.929573078386786e-05,0.038213272581897335,0.08978979434182693,0.13082753507752723,0.30740569114261573,0.012324899402411467,0.028959837979186363,0.017897593981008476,0.042054008311488096,0.004408390950784963,0.010358404033599243,0.009389796594615253,0.02206322170746228,0.018998787006353813,0.04464148351567283,0.011356909922068807,0.026685351380878273,0.013417864712316579,0.031527980505812604,0.0028845189040249924,0.0067777591833422714,0.012475092656959163,0.029312747335705484,0.006071405157851806,0.014265991464642925,0.009652823169032864,0.02268125571574506,0.011949452620099039,0.0280776500090803,0.001674931432347726,0.003935589356416665,0.0019828356434726324,0.004659072427243339,-7.605552966847705e-05,-0.00017870781291645665,0.0001278571205031213,0.0003004261027502774,-2.6305057402909953e-07,-6.1809040021245e-07,-6.139951667139316e-05,-0.0001442705531905594,-0.0006973230612776287,-0.0016385012335110158,0.0015439120490205096,0.003627732879101588,0.0008002050862700323,0.0018802433100562942,0.001468685500288149,0.003450972924160594,-0.0027727960361072362,-0.00651524376249955,-0.0020500986900245178,-0.004817120526990745,0.0014093719171165632,0.003311603692613111
0.08,0.6886626023526102,0.11780129272380921,0.004782379183004237,78.0,8.62,0.00755,0.15219283270826964,0.04557496050426452,0.001056894671585206,0.24564783690871955,0.05301620358981555,0.0017058877563105525,0.1078413916123769,0.036527812482484504,0.0007488985528637284,0.1570185433414013,0.042981030349949836,0.0010904065509819536,0.26531203748828086,0.05442778952707167,0.0018424447047797282,0.10287358937931022,0.03474366493007237,0.0007143999262452099,0.18876538469046003,0.04975273167450615,0.0013108707270170835,0.1639018838372831,0.046905064165310234,0.0011382075266477994,0.2312601640222997,0.053412596038213224,0.0016059733612659702,0.10596986603698577,0.03787661793934789,0.0007359018474790679,0.1613759435264397,0.044963957506980116,0.0011206662744891645,0.18136876920307593,0.049636859434340014,0.0012595053416880272,0.015920917294381467,0.013268643501932596,0.00011056192565542685,0.008658587603569034,0.00536448506017484,6.0129080580340516e-05,0.0004271802868977159,0.00042607375395383064,2.966529770123027e-06,0.00028648237625418017,0.00021358021459274448,1.9894609462095845e-06,0.0005629023055332727,0.0005629023055332727,3.909043788425505e-06,0.00043472787364058407,0.000422836635779205,3.0189435669485006e-06,0.02057249581609077,0.019702523989281226,0.00014286455427840814,0.002021970567094348,0.001143889385266093,1.4041462271488529e-05,0.019905277446320667,0.010454676435917742,0.00013823109337722685,0.008461749185469481,0.0058594293541567284,5.876214712131584e-05,0.007762520499303875,0.005181761077473219,5.390639235627691e-05,0.012973466227842022,0.009826828044580817,9.009351547112515e-05,0.04589608612505845,0.10784211494662733,0.12997873959314443,0.30541127488795805,0.008292815022802772,0.01948564216311104,0.0087762509703408,0.020621572466223814,0.008678043959953252,0.020390815279784858,0.006142213832599322,0.014432370733248375,0.016384372518930768,0.03849838915894364,0.0060473089166704925,0.01420937248401403,0.01450185357079704,0.034075031048610156,0.004735404274559072,0.01112678782030021,0.015273985262387317,0.03588931025341035,0.013065555877418854,0.03070015981177288,0.015226252958565327,0.03577715357448544,0.012854682428119438,0.030204670094053285,0.008461526591166738,0.019882064034439165,0.0008263330665929731,0.0019416362717487594,0.0006229801122510567,0.0014638174743654287,0.00023951720024797965,0.0005627939901118111,-3.296971589039056e-05,-7.746899988641715e-05,-0.00014392572817013805,-0.00033818253867679444,-2.231768825801709e-05,-5.2439911671466276e-05,0.0014273709433192,0.003353896036395609,0.0012070092217195071,0.0028361117084283512,0.0021851746824984777,0.0051345088260107185,-0.0006373697582800662,-0.0014976288511541448,5.1662870202685254e-05,0.00012139233771894042,0.0027380613849334696,0.006433627691048369
0.09,0.6847893111052165,0.10154949132010996,0.004755481327119559,78.0,9.3,0.007066666666666666,0.1880779283039761,0.044649791999042406,0.0013060967243331673,0.18796540397605366,0.04324464228946825,0.0013053153053892614,0.11111540165782348,0.033342230120021785,0.0007716347337348852,0.1491458073005576,0.0379090413662075,0.001035734772920539,0.2056562959490211,0.048117888948438284,0.001428168721868202,0.13608477157762933,0.04054106181205913,0.0009450331359557592,0.17234269530593754,0.045766370716927296,0.0011968242729578995,0.17113292082799295,0.04492925852248173,0.0011884230613055065,0.21538869521585435,0.04953411048693341,0.0014957548278878774,0.21311232707029668,0.052203067636453784,0.0014799467157659491,0.18356932796586534,0.0435922690770846,0.0012747869997629538,0.18786326172221696,0.04714632149119458,0.0013046059841820621,0.009735236911301641,0.007961265329978994,6.760581188403918e-05,0.009732666012379732,0.005947023820652243,6.75879584193037e-05,0.0027243896904529576,0.0014495855483685988,1.891937285036776e-05,0.00020638723236593437,0.00018928213756625687,1.4332446692078776e-06,0.0003916124949147809,0.0003863731147741162,2.7195312146859784e-06,0.0008404668130848447,0.0005106744339290043,5.8365750908669766e-06,0.0009653341092977804,0.0009385706034428932,6.703709092345697e-06,0.0013733398852927691,0.0008862328398504889,9.53708253675534e-06,0.004970032881664123,0.0025727056340737096,3.451411723377863e-05,0.010866722627783747,0.006079775242085442,7.546335158183158e-05,0.014095729268200751,0.008201760812412867,9.788700880694966e-05,0.023441692800082067,0.019821077084105174,0.00016278953333390323,0.07380207960589127,0.1734128773087954,0.17761014858478938,0.4173308810511132,0.013462156824413003,0.03163205376014013,0.010404970011341066,0.024448576484751933,0.018591226858203816,0.04368383871291787,0.013192619636862257,0.030998721752634423,0.015524957745246109,0.036479020741384205,0.006498799964459241,0.015270241799544264,0.015601053469633162,0.036657822999902175,0.012724466125814477,0.029898700617640148,0.018680008343387153,0.04389244872607205,0.017525259620193447,0.04117913360369312,0.02185181910526412,0.05134525809720772,0.013552810879971504,0.0318450637552251,0.01875652956099002,0.044072250766753654,-0.00031715014138176283,-0.0007452082495452136,0.001734361483759067,0.004075232253593611,0.0017238427243409576,0.004050516305938015,0.0002433938824029914,0.0005719030370452065,0.00028015249196979464,0.0006582748071211967,0.0005302869631878685,0.0012460162176569738,0.0005675236645249523,0.0013335113608132993,0.001561561553323044,0.0036692039506556764,0.0032324155594013393,0.0075952125713373555,0.0014442051327554686,0.003393451361162794,0.0037692740117465954,0.008856669828719382,0.003986662234959704,0.009367467322255359
0.1,0.9011068931272932,0.12852743016152168,0.006257686757828425,78.0,10.5,0.008483333333333334,0.2077432502574491,0.04917635213933623,0.0014426614601211743,0.16752679783940938,0.0429928132245555,0.001163380540551454,0.15243138063395228,0.043974772189841,0.0010585512544024464,0.21154435380503817,0.04999036385691374,0.0014690580125349872,0.23505071080599746,0.05050580489506776,0.0016322966028194268,0.09131438772062189,0.03759640028550078,0.0006341276925043187,0.25710435650260954,0.055106127781177634,0.0017854469201570107,0.23663407840705297,0.052969225367211666,0.00164329221116009,0.28187711649208813,0.053913874436463026,0.001957479975639501,0.211422136454647,0.052632153006664704,0.0014682092809350485,0.23227417673827047,0.05304997196801313,0.0016130151162379895,0.23061209554021098,0.05356175281398023,0.0016014728856959095,0.0029361706021618617,0.0026421486160974,2.039007362612404e-05,0.016389583551436913,0.016195498227321053,0.00011381655244053411,0.00011781986067907057,0.00011781614216127223,8.1819347693799e-07,0.0004444444444444473,0.0004444444444444473,3.0864197530864395e-06,6.308405419576176e-05,4.492264617741773e-05,4.3808370969279e-07,0.0038095087471204407,0.003240636530172584,2.645492185500306e-05,0.0241535370602365,0.016306946896584365,0.00016773289625164235,0.015079828184949209,0.013066396751612435,0.00010472102906214728,0.04108086560751377,0.018579968545614986,0.00028528378894106786,0.02422524718248506,0.01630486305932859,0.0001682308832117018,0.026000758098418127,0.010789085191781686,0.00018056082012790365,0.023123678593010673,0.012222618573576264,0.0001605811013403519,0.09779756361680439,0.2297951086357494,0.2239750382975745,0.5262745446190599,0.020460942867863728,0.04807711373601848,0.02125302545791686,0.04993827160231188,0.027284424785549995,0.06411026129675547,0.022052654872235747,0.05181716225496385,0.019066490424822308,0.04480056635809353,0.014079858519682922,0.0330834685287658,0.012677348589866355,0.02978798845987851,0.017803411504381025,0.04183270757916116,0.018348926025277913,0.04311450401616707,0.018148207515499417,0.04264287537784556,0.02166637621867135,0.050909522617770986,0.011133371515806912,0.026160102791327647,0.02386691463510008,0.056080131636639136,0.0004459822972221575,0.0010479253945563222,0.001992856751504901,0.004682619042555237,0.0032433025622103087,0.007620793781141389,0.0008540947734559485,0.0020068680035891127,0.0012594866441587077,0.0029594180009817187,0.0003320946256422449,0.0007803233307102074,-0.0007567786079262227,-0.001778204036892141,0.0014259587207250512,0.0033505777344621187,0.003267730277273651,0.007678191626538627,0.002610231484808574,0.0061332655480690725,0.004659425058310434,0.01094825932116166,0.004532530047714325,0.01065009388976581
0.11,1.059022004575925,0.12899933234571503,0.0073543194762217025,78.0,13.72,0.009553333333333332,0.25941149122917734,0.05440941059279085,0.0018014686890915092,0.31600461295598065,0.05555639600550406,0.002194476478860977,0.2111394649774917,0.05132251755505066,0.0014662462845659145,0.230382866059579,0.05047174225102145,0.001599881014302632,0.3154961775478635,0.05555245410697102,0.0021909456774157187,0.18792724064658234,0.047019756215108746,0.0013050502822679329,0.17310129616083045,0.042993457399879816,0.0012020923344502115,0.1999516261023648,0.04582757633917136,0.0013885529590442,0.29083421508419377,0.05435719357244359,0.00201968204919579,0.1997183497350787,0.041233922437899445,0.00138693298427138,0.3098209193996386,0.05706435395539761,0.00215153416249749,0.24831985380446436,0.05191682819105101,0.0017244434291976691,0.003618800904776642,0.00148468457292848,2.513056183872668e-05,0.032185883079554535,0.017149293259340843,0.00022351307694135094,0.0036725117521148533,0.0016072060609622332,2.5503553834130927e-05,0.0001576243526198595,9.474095213789868e-05,1.0946135598601355e-06,0.008583553127210685,0.005191712076473714,5.960800782785198e-05,0.0035899114927236166,0.0017768495997785782,2.4929940921691782e-05,0.001541063272583072,0.001139170248823584,1.0701828281826889e-05,0.0015853080666214103,0.001141722890438914,1.1009083795982017e-05,0.02988349110721914,0.020475780217987936,0.00020752424380013291,0.01567751656779723,0.005941186748322808,0.00010887164283192519,0.039328302485168026,0.021327421482858384,0.0002731132117025557,0.048087661242119724,0.023227272996201635,0.0003339420919591647,0.10155132856063717,0.2386153367800925,0.24990465972116988,0.587201422054022,0.02283858782024075,0.053663870296432804,0.027665598128027748,0.06500590497543578,0.0311480431381049,0.07318861219035455,0.027546837787243424,0.06472685359212031,0.022793938688096534,0.05355895815146594,0.0229274818407648,0.05387274473407659,0.015004165339683538,0.035255313902614244,0.019953266186506214,0.046884224937668695,0.013882265911952322,0.03261918482802877,0.02085660480663639,0.04900680129510274,0.015767819022175666,0.03704967231440412,0.009520051051737546,0.022369280836317354,0.020535191907275378,0.04825157683557537,0.0025564254713510764,0.006006837462844281,0.00014157841340206579,0.00033266704900421955,0.0032501534716219693,0.0076368913751333495,0.0017573275569193708,0.004129195676419635,0.00220572452423174,0.0051827948255683915,5.36216907951453e-06,1.2599498193823827e-05,-0.001325043390033071,-0.003113456803001701,0.0011224962197725322,0.0026375313579031223,0.0017606179627569995,0.004136927148850546,0.0023234480371520693,0.005459409972613433,0.003817294824353399,0.00896950441724753,0.0029198066466677103,0.006860674854798737
0.12,1.2628527066328308,0.14442506318433396,0.00876981046272799,78.0,17.74,0.01095,0.29646362651117625,0.05395653196518383,0.0020587751841053908,0.3347957905046004,0.05433760296413488,0.0023249707673930584,0.27161709894589775,0.05296441252795916,0.0018862298537909567,0.2933726485015865,0.052502486902779075,0.002037310059038795,0.3159526053472187,0.054719726640017265,0.002194115314911241,0.19208560668599164,0.04701193014700351,0.0013339278242082754,0.3303912576509409,0.057345878660960255,0.0022943837336870895,0.2915112646102944,0.05406761106865906,0.0020243837820159336,0.30464825392287437,0.05463179723189228,0.002115612874464405,0.27890709117227924,0.05430879328425679,0.0019368547998074948,0.23555514657888937,0.04996623947592226,0.001635799629020065,0.23443790101226064,0.051800363954841666,0.00162804097925181,0.01664488584718776,0.008837083739346946,0.000115589485049915,0.011225502210908867,0.00786062769555489,7.795487646464491e-05,0.03955089416110668,0.0234343498387581,0.0002746589872299075,0.007272958366103073,0.005088840013297955,5.0506655320160225e-05,0.002559416198593821,0.0015862445698643381,1.777372360134598e-05,0.0010667345117608962,0.0006648068563525571,7.4078785538951125e-06,0.005641856811646287,0.003909693153407923,3.917956119198811e-05,0.013865284960849537,0.00866019202425817,9.628670111701067e-05,0.020813983278898697,0.010395430687933839,0.00014454155054790762,0.020961211500228723,0.010706464588122334,0.00014556396875158836,0.046171385914727824,0.020013965864312807,0.0003206346244078321,0.03276454894115512,0.019951042342878467,0.00022753158986913276,0.09741796323782757,0.22890316095219626,0.27088124660783464,0.6364901454553082,0.019928055762992183,0.04682498796083705,0.027683256466953837,0.0650473968057205,0.028458406033982933,0.0668687671177903,0.03201818060783661,0.0752331757458282,0.028414345337449055,0.0667652376210204,0.030161889551040065,0.0708714453582745,0.017711245496309383,0.041616144946575215,0.02075478687756297,0.04876755952662506,0.017194905179692754,0.04040289918909555,0.023552888399231545,0.05534226363341736,0.013005718183363222,0.03055955907595185,0.011997568711420104,0.028190708474172287,0.0154923634301163,0.03640243382133056,0.0043375980788638545,0.010192061896923022,-0.001409761518118994,-0.003312519138779326,0.0005332672016986788,0.0012530188893701006,0.0026696486484571354,0.006272878162846964,0.0025774761566314274,0.006056300295372597,0.00040056022729525087,0.0009411970763109727,-0.0003692935353966515,-0.0008677296749177077,0.0008342382425029402,0.001960211077601116,0.001576458242210567,0.0037042067269480814,0.0025017434473830536,0.005878351014169651,0.001283842227860652,0.0030166463591911833,0.0005565860107283853,0.0013078111362938975
0.13,1.2708566074613339,0.15792910269295024,0.008825393107370374,78.0,19.92,0.009825,0.3205129914622673,0.05448744649391087,0.002225784662932412,0.3166653034445088,0.05122061523477375,0.0021990646072535336,0.2875942530312091,0.055306276213785525,0.00199718231271673,0.30513682778398316,0.05276528128906109,0.002119005748499883,0.3324095243129589,0.05246663533485851,0.002308399474395548,0.23541098881091757,0.05154325209685865,0.0016347985334091498,0.19342821353437728,0.04244134520406981,0.00134325148287762,0.29322038431939956,0.053177643860307995,0.002036252668884719,0.30641603590851735,0.05202768677035176,0.0021278891382535926,0.27969590180140413,0.047073480799372985,0.0019423326513986398,0.30779410705419447,0.05177668957174396,0.0021374590767652395,0.225457450567688,0.04380944345705327,0.001565676740053389,0.02476709678772411,0.011020895019307496,0.00017199372769252855,0.014067831740859143,0.006526025928613456,9.769327597818849e-05,0.004215199000063015,0.0015484122862415418,2.927221527821538e-05,0.008701140712550555,0.004415225834014167,6.0424588281601075e-05,0.017668003301755945,0.009419526452484462,0.00012269446737330517,0.0018450467036504436,0.0010042666034819352,1.2812824330905858e-05,0.00960090696669067,0.007399438407194986,6.667296504646298e-05,0.013923243168626613,0.006230394591526816,9.668918867101815e-05,0.05179197455023523,0.02217715808840712,0.0003596664899321891,0.03519515567892033,0.01495587360345203,0.0002444108033258356,0.02529169645139938,0.010556512918796418,0.00017563678091249568,0.04146766175893064,0.021291308017135295,0.00028796987332590726,0.09003781505567734,0.2115620136828206,0.27848754202828563,0.6543626712915019,0.01841787007430631,0.04327650197041413,0.026994623203689446,0.06342931400600911,0.023785802575060643,0.05588954248534428,0.034261262348167176,0.08050374888830228,0.030958014408948287,0.07274210134851437,0.035667313589345016,0.08380754998277426,0.019069016907601554,0.04480650283915964,0.016765442921788616,0.03939379096021654,0.020116814388490858,0.047268514437860135,0.022679647118745268,0.053290407048310326,0.013342541757519862,0.031350994025371254,0.016429192734622636,0.038603703299225765,0.009085670346324282,0.02134861572260523,0.0033726803353096376,0.007924792963993251,-0.0013420563974418564,-0.0031534322966759714,-0.001904330565942065,-0.004474608907372023,0.0025459426636967536,0.005982205991111801,0.0016769925923567485,0.003940432467744518,0.0013712823437627415,0.003222104554566825,-1.5215485271098935e-05,-3.5751852720153417e-05,0.0009017612792061851,0.002118870076668161,0.0016400852890406134,0.0038537113117020736,0.0026791209056082244,0.006295135142270184,-0.000487444252532334,-0.0011453486244650422,-0.0013531483614692657,-0.0031794951042183914
0.14,1.425246818921016,0.1447210884758036,0.009897547353618166,78.0,21.88,0.009475,0.3018581501848729,0.052653032892168515,0.002096237154061617,0.3708023561199056,0.051374799076428036,0.0025750163619437886,0.32386953038139343,0.052842374306897366,0.002249093960981899,0.3953939484268033,0.05430683591646011,0.0027457913085194674,0.44082068247342493,0.05710296987441511,0.003061254739398784,0.29695904629461745,0.05354702039765185,0.002062215599268177,0.38892851154151487,0.058735324622289205,0.0027008924412605198,0.32716124400222824,0.0540252040719705,0.002271953083348807,0.36349154021320573,0.05392768240196545,0.002524246807036151,0.37843600372752134,0.05631488403388753,0.0026280278036633427,0.3150663147233374,0.05320515301306942,0.0021879605189120653,0.34528850382907195,0.054820241990945776,0.002397836832146333,0.024702315268904592,0.01238217873912551,0.00017154385603405966,0.013986131303047907,0.006142322730444227,9.712591182672158e-05,0.002823391051263492,0.0015281832326186154,1.9606882300440917e-05,0.015189877847917765,0.006443153876360089,0.00010548526283276225,0.018189836071141583,0.008920709703143143,0.00012631830604959432,0.004050103985769522,0.0016226229229230203,2.8125722123399457e-05,0.0059795859288284256,0.003660965161983198,4.152490228353073e-05,0.008446352465130105,0.003393843755175115,5.86552254522924e-05,0.012430376361070401,0.0061224648162689025,8.63220580629889e-05,0.026556727570690764,0.009551313474165863,0.00018442171924090808,0.04397361234752723,0.01947321961611565,0.00030537230796893913,0.033321175895483016,0.011410474436590002,0.00023139705482974317,0.08718243986427907,0.2048527335327122,0.25835515919866714,0.6070575756599198,0.01902856624729611,0.044711455850916675,0.027695327229222598,0.06507575949722613,0.02100107823473111,0.049346270765263454,0.03147554036640936,0.0739581330083885,0.026449881670464553,0.062149333859506675,0.033127929066102714,0.07784075366591656,0.01818565576860717,0.04273086760457252,0.014432476150612002,0.03391201480138792,0.020385521668450715,0.04789989641002802,0.017006378759428203,0.03995991832512281,0.01322465918399858,0.031074005133350124,0.01634214485334403,0.0383991667382404,0.008449980780122983,0.019854934821757722,0.001360677958078345,0.00319718741072151,0.00014480535163508695,0.0003402493914920496,-0.0010492559653834319,-0.002465438602302396,0.0012979476974517327,0.0030497900060998235,4.225758625047338e-06,9.929272533987264e-06,0.002406856302071397,0.005655394520585985,0.0007710633065593711,0.0018117688185987197,0.0014641563033881352,0.0034403306621738905,0.0020909861675168606,0.004913193905352291,0.0030666853794490525,0.007205796073646464,-0.0011305111195483429,-0.002656363982117603,-0.00197765635972027,-0.004646902655026999
0.15,1.737913860871444,0.15919087969326867,0.012068846256051695,78.0,32.94,0.012221666666666665,0.3941803333597055,0.05388452366837526,0.002737363426109066,0.4976429140614476,0.05786559788316928,0.003455853569871164,0.3529714104563438,0.05088049698412691,0.002451190350391276,0.46184993596334417,0.05385319729655521,0.003207291221967668,0.4967894902306552,0.05552592312431195,0.003449927015490661,0.4116241352639261,0.058294540669785115,0.0028585009393328202,0.3271160337453722,0.0525875998588238,0.0022716391232317514,0.3415051490700052,0.05347565603299213,0.002371563535208369,0.46668814838260814,0.05535413510071977,0.003240889919323668,0.3296203556999791,0.05062106040289312,0.0022890302479165216,0.359146891999395,0.05553027639799739,0.0024940756388846875,0.31521223261805736,0.05137851596583411,0.002188973837625398,0.036336898016072275,0.01422815752199147,0.00025233956955605745,0.0142346546369043,0.008126581336921688,9.885176831183541e-05,0.010050158681417119,0.0035269347500858214,6.979276862095222e-05,0.022825780673566838,0.009973474666269301,0.0001585123657886586,0.012777390091819356,0.008859383046069685,8.873187563763441e-05,0.014231527005425928,0.008689884766195208,9.883004864879116e-05,0.01162146054641758,0.007382221540624828,8.070458712789987e-05,0.011587876366596743,0.005737821522329528,8.047136365692183e-05,0.0593158421266166,0.01941726134265674,0.0004119155703237264,0.03201367378529496,0.01007569601457889,0.00022231717906454832,0.03950042338366784,0.015085003758124617,0.00027430849571991555,0.030713406559595324,0.009805379713761456,0.0002132875455527453,0.07078175621502798,0.16631601808193355,0.18623272819797845,0.43759137165696216,0.017724701954099382,0.04164776360930409,0.02078409871163173,0.048836433595109384,0.017483750231645796,0.0410815989198222,0.020757241155270178,0.04877332634730538,0.013440352441826316,0.031580819963714736,0.02138678800763217,0.05025257370255299,0.01085972461510525,0.025517114183544274,0.012539132693954246,0.02946322232418254,0.014041529092713032,0.03299340580625255,0.011531445427221738,0.027095457766805886,0.013746973298081187,0.03230128753332777,0.011936990568797422,0.028048367905040367,0.006205993810079218,0.014582234659421482,-0.0007343940219638582,-0.0017256069355661532,0.001593360464947731,0.0037439219096830107,0.0013810293337228614,0.003245007074158555,-0.00059393142760483,-0.0013955617285458233,-0.00026478223860794295,-0.0006221592955437815,0.002115051835144891,0.004969741047248829,0.0010709156985228843,0.002516332515665147,0.001716746994061585,0.004033843455919099,0.0003305036052652275,0.0007765849073092835,0.002551944015917724,0.0059963073790664425,-0.0014645931733653292,-0.003441357176333919,-0.0014958572759617265,-0.0035148184936392092
0.16,1.5523151222030396,0.1377152266940609,0.010779966126409997,78.0,36.5,0.011950000000000002,0.4048077109750181,0.054437699040356405,0.002811164659548737,0.4319376978374943,0.055421570053766245,0.0029995673460937104,0.3807906295508286,0.056284327827114816,0.002644379371880754,0.43261953421156724,0.058309778394461144,0.0030043023209136615,0.42515966466794153,0.05301261693928459,0.0029524976713051496,0.3586704875045049,0.056620334339529406,0.0024907672743368398,0.3262692917974114,0.04884417601818272,0.0022657589708153566,0.3167873542206655,0.045919722037658546,0.002199912182087955,0.33391050626427854,0.04708818001628209,0.0023188229601686008,0.3404167527322406,0.05212360136745343,0.002364005227307226,0.32043857760477645,0.049610975818636785,0.00222526790003317,0.30097080796082215,0.04687123667086908,0.0020900750552834873,0.008804991827362557,0.0033646275004505896,6.114577657890665e-05,0.011984680430766455,0.004741584864488079,8.322694743587816e-05,0.01145728395254221,0.005609395435993731,7.956447189265424e-05,0.005265126681940884,0.002537995364428124,3.656337973570058e-05,0.0038822183737699588,0.0012465313239353193,2.6959849817846936e-05,0.01210317712402875,0.011218459542179563,8.404984113908855e-05,0.002922898899976235,0.002162208196410966,2.0297909027612744e-05,0.029286208933461667,0.01834273193146092,0.00020337645092681714,0.04149438809630756,0.01309761988581078,0.00028815547289102474,0.0498047144799307,0.020105596336072333,0.0003458660727772965,0.017417508410181554,0.004810186977584636,0.00012095491951514967,0.02168532852012033,0.008274099079672427,0.0001505925591675023,0.0598268712088124,0.14057530535866797,0.13940592095468693,0.32756233964855636,0.017979503993323123,0.042246472412658866,0.010215105835221125,0.024002452293473798,0.01318503573783043,0.03098090185163229,0.013050747544302138,0.030665364645191803,0.0030251882184174823,0.007108290120791763,0.008167035553273475,0.01919009792053785,0.009593433927984042,0.022541708710749286,0.015982934090066906,0.037555128570849756,0.011118695054034518,0.026125617483078144,0.009963854659887358,0.023412086961297342,0.015938790729441755,0.03745140483811803,0.01118559561090458,0.026282813840177437,0.007435048149120652,0.01747014581910947,8.201879396273583e-05,0.00019271970560216995,0.00236567261154154,0.005558625129924975,0.002797764115657456,0.006573911303289727,-0.0013710776571135258,-0.003221623601984232,0.0016534495167195263,0.0038851132611753933,0.0014183899642345264,0.003332793413916133,0.0013918759527293309,0.00327049339407025,0.0011881678896420093,0.0027918401970381955,-0.0020126909797367094,-0.004729223563799685,0.001131244800706761,0.002658087914036432,-0.0006244340497109043,-0.0014672337937928163,-0.0005853328095120947,-0.0013753575403670708
0.17,1.8057515078973958,0.15274684529444718,0.012539941027065248,78.0,39.9,0.013025000000000002,0.3886090756365308,0.0524481445245159,0.0026986741363647974,0.47762845883776306,0.052401757495241265,0.0033168642974844655,0.406386036761591,0.05409610645383848,0.0028221252552888265,0.4543088845782255,0.05362452715859429,0.00315492280957101,0.4539030599694662,0.053029411713958696,0.003152104583121293,0.36100710749691955,0.053050173703663626,0.0025069938020619415,0.3853417849681996,0.050504392865866006,0.0026759846178347193,0.4269196992042745,0.05057536708182339,0.0029647201333630174,0.4401582070994444,0.05086777633552963,0.003056654215968364,0.4176554562623871,0.050069290697338106,0.0029003851129332436,0.380131653506706,0.05341521732131554,0.0026398031493521253,0.35933287040528145,0.055632810157270354,0.0024953671555922323,0.0314277591611211,0.012274594505493707,0.00021824832750778542,0.03408723556213054,0.013774116867908411,0.0002367169136259065,0.020993098183796764,0.011460273502463243,0.0001457854040541442,0.009566812116860411,0.003846872656046492,6.643619525597508e-05,0.015828706860292925,0.0088637008749372,0.00010992157541870087,0.019129781014327406,0.009543259402506275,0.00013284570148838477,0.022923832842488102,0.01076612708775751,0.0001591932836283896,0.013365125109277329,0.008214698745060211,9.281336881442589e-05,0.02767330778167458,0.008478540147758638,0.00019217574848385126,0.04384195943096342,0.017067048878237314,0.0003044580516039126,0.03911575541103065,0.016533283716621796,0.00027163719035437953,0.040493759638910526,0.021166565941236705,0.00028120666415910086,0.06236813249622145,0.146546511511616,0.13389354393716063,0.31460989759645186,0.022107410413329344,0.05194582144695879,0.004679952978132916,0.010996493810766703,0.0076133602523099095,0.017889126084139343,0.010668107639374085,0.02506687143591175,0.0027524963928033663,0.006467545654635048,0.004625995728123859,0.010869710364748555,0.010790979953153184,0.025355584729464007,0.016824586040849437,0.03953275965194071,0.011647107977289059,0.027367230265780907,0.00863954541295798,0.020300355175648103,0.020049110859788197,0.047109431336422036,0.0134948902890493,0.03170896764003591,0.013053518743475805,0.030671876136803798,0.0023956504786922994,0.005629064177523018,0.0028632080772076907,0.006727685095783325,0.0016083343920966693,0.0037791061728552153,-0.0008965676107582597,-0.0021066665047071516,0.003473123058738794,0.00816080340933023,0.0006090751428395342,0.0014311449430842041,0.001918695927609877,0.004508363223154174,0.00030929466847466516,0.0007267502309268284,-0.0014774730060931646,-0.003471620942131809,0.00031664328377633763,0.0007440172853310343,0.0009849775037904618,0.0023144033871249354,0.0009485568271009001,0.0022288256585297904
0.18,1.7735894202901799,0.14967011026672417,0.012316593196459582,78.0,52.86,0.014736666666666667,0.413796611232613,0.054021866404608425,0.0028735875780042572,0.42932263488840694,0.05251404427462413,0.0029814071867250483,0.37337013915052275,0.05259604099629869,0.002592848188545297,0.45860505408817615,0.0543082321689151,0.0031847573200567787,0.4526615049373084,0.05209027236649559,0.0031434826731757525,0.3718160320520365,0.05177443754726695,0.0025820557781391423,0.35336661629503363,0.05332497962849094,0.002453934835382178,0.3698747338309644,0.05502316858981402,0.0025685745404928086,0.4602824135219943,0.053858995156504906,0.003196405649458294,0.37792154971446446,0.05648961736771975,0.0026244552063504475,0.4364570757972516,0.0521009071484826,0.003030951915258692,0.3647292486168038,0.052969201750774415,0.0025328420042833597,0.01608271493417435,0.007983677218125674,0.00011168552037621076,0.01648949956437429,0.008465432064646795,0.00011451041364148814,0.024523590321178207,0.009536825166866252,0.00017030271056373754,0.00999641528591969,0.00458965244351536,6.941955059666451e-05,0.027990088851545254,0.014833127817914005,0.00019437561702461981,0.005213263180843986,0.0018181890042367128,3.620321653363879e-05,0.012867514023468888,0.0072833091985380315,8.93577362740895e-05,0.01779989022896126,0.009231473243908411,0.00012361034881223096,0.019489946794019216,0.00561950461768404,0.00013534685273624455,0.02331801907025014,0.008979190513549212,0.0001619306879878482,0.03367322081652737,0.008729025221636558,0.00023384181122588452,0.019211427338992847,0.00845805314923839,0.000133412689854117,0.07900049685340187,0.18562760753261037,0.17903834087928563,0.4206867070178259,0.030819270656383953,0.07241609490710672,0.010363196365584918,0.024350420875249655,0.00676040268258372,0.015884930170170425,0.015932012413192087,0.03743547781640752,0.012484447249315096,0.029334727837950894,0.009993771305869096,0.023482382157405984,0.016149987973353878,0.037947655376613224,0.016478541669201627,0.038719658578306865,0.011960788237035315,0.028104285328294707,0.010121303321654604,0.02378204436102484,0.02045525221176536,0.04806374239129401,0.017519366793345998,0.04116528721800107,0.01699991666673282,0.03994473433445849,0.004282531195819828,0.010062671144195111,0.0027505776473319044,0.006463037174998618,-0.00019581995536799488,-0.00046011849633750975,0.00023490657690194375,0.0005519604002605115,0.002202520090059906,0.005175265360913035,0.00017243081219973976,0.00040516098516365514,0.0015645210739798764,0.003676157941590576,-0.00036165815393538023,-0.0008497888055598259,0.0009680430554684909,0.0022746124838762464,0.000662289602870393,0.0015561830541735355,0.0021212279235757452,0.004984253013185659,0.0025983467978283686,0.006105340077998886
0.19,1.989208612403518,0.13260152769829586,0.013813948697246652,78.0,74.16,0.01741666666666667,0.5738073283200706,0.052923419824717245,0.003984773113333824,0.5044291996038062,0.04944198726198427,0.0035029805528042097,0.42351990920702126,0.04761025441857527,0.0029411104806043144,0.532072095579786,0.04899109748013032,0.003694945108192958,0.4729136185289507,0.04726771738277399,0.003284122350895491,0.3986206343709396,0.052178521930111264,0.0027681988497981914,0.3967623089950331,0.054448324441704034,0.002755293812465508,0.451241956007924,0.05108608968761756,0.003133624694499472,0.4540907476578412,0.050077807718098215,0.003153407969846119,0.3629177214869842,0.0536903902245958,0.0025202619547707236,0.43617651759887344,0.05192703292604202,0.003029003594436621,0.38826532365242383,0.047347699426883,0.0026962869698084987,0.053950502306601124,0.014981754484121028,0.0003746562660180634,0.03067416745891096,0.009832189119810557,0.00021301505179799278,0.011446967333315516,0.0043050089764604055,7.949282870357998e-05,0.0100676700775768,0.003139067220454085,6.991437553872778e-05,0.034822275677371554,0.01279298612989001,0.0002418213588706358,0.026486888168657602,0.009591738123125493,0.00018393672339345557,0.009297730880013056,0.0059442079388732924,6.456757555564623e-05,0.022458981855123957,0.008469332774175489,0.00015596515177169416,0.048788952179445504,0.016409827308565543,0.000338812167912816,0.047337866622784164,0.018100087932452158,0.00032873518488044556,0.030476484890166966,0.01151541345015767,0.00021164225618171503,0.03495462629072741,0.011474131098442036,0.00024274046035227369,0.10275178163659843,0.24143604350120795,0.23849674938616405,0.5603962349124365,0.03310895459679884,0.07779616932174951,0.020736907056758153,0.04872554727997718,0.01198122665980638,0.02815230952651935,0.020478680436231696,0.048118791731863265,0.023442621644638336,0.05508316964463517,0.018804162561864055,0.044184174113365685,0.021666866013843242,0.050910673490354844,0.015524315445296526,0.036477511528053806,0.01610968613779932,0.03785295808215129,0.01770056538632906,0.041591049873217496,0.01980011794661727,0.04652437224685374,0.019142645500181188,0.044979508073695225,0.01845986834797687,0.043375185388525195,0.003313641857291409,0.0077860701475124024,0.002110121564692832,0.004958156382025738,-0.00016923799788512667,-0.0003976588237074139,0.0010981234933745616,0.002580262719470409,-9.501444088775538e-05,-0.00022325560022453425,-0.0004967999331699011,-0.001167331683847737,0.002848327652016966,0.0066927205343281235,-0.0012504864775329345,-0.0029382702935028993,0.004123250084432605,0.009688408034346428,0.0013284533942626313,0.003121469295986194,0.0024922003203925913,0.005855927511759196,0.0031572888309889914,0.007418687164379287
0.2,2.0966907139846493,0.1527676589128558,0.014560352180448953,78.0,78.44,0.018008333333333335,0.4976504376624492,0.052844380699704444,0.003455905817100342,0.4837642921265692,0.04824136602904607,0.0033594742508789525,0.39495181142052393,0.05111243653347385,0.0027427209126425272,0.4794959394532785,0.049757285754719875,0.0033298329128699897,0.5049134518395636,0.05351527106297523,0.003506343415552525,0.41658076825849727,0.05132598594794657,0.00289292200179512,0.4751435124326803,0.057368075602723466,0.0032996077252269466,0.43760614108461227,0.05143825293949214,0.0030389315353098073,0.4378355659186402,0.052864137902179836,0.0030405247633238904,0.4607686952929358,0.05225212613045272,0.003199782606200943,0.44864302062513967,0.05328947403687411,0.0031155765321190256,0.4214529967405345,0.053347030421232684,0.0029267569218092673,0.037014920881928176,0.013384288446433636,0.0002570480616800568,0.0463118207530428,0.016990983200791787,0.000321609866340575,0.015585188453340337,0.006590986891276039,0.00010823047537041901,0.00800448936108606,0.003486420195011936,5.5586731674208755e-05,0.015907673626996063,0.0069165227619425226,0.00011046995574302822,0.009106437248076783,0.003223928111231154,6.323914755608878e-05,0.04047041345830047,0.0175905022807443,0.00028104453790486436,0.017693696703939693,0.008249266984413112,0.00012287289377735898,0.039196938542054416,0.012634054215250696,0.0002722009620976001,0.0570891266305566,0.01638458148981091,0.00039645226826775414,0.05504068142008631,0.014770582112109045,0.00038222695430615493,0.054373131753929715,0.019575917954205654,0.000377591192735623,0.12235811342374275,0.28750507606554493,0.29408221481866265,0.6910055015980424,0.02832107032285369,0.06654606915383929,0.027779899406952874,0.06527447889319432,0.022506066712456342,0.05288254485987696,0.025327007761912608,0.05951091504560888,0.030443197285074535,0.07153243463972343,0.02607519945724366,0.06126894239875066,0.024276920211577298,0.05704352246667057,0.01847900497877155,0.04342015076383471,0.024206112010420354,0.05687714431086173,0.02640431350118662,0.062042262251357165,0.02027897821059994,0.04764955105820332,0.019984444959613226,0.04695748575612148,0.014116707798671899,0.033170053344943835,0.0004138809218008387,0.0009724967358097418,0.0003285526824500384,0.0007720008205112427,0.0013942045896182074,0.003275964996296961,0.001382733486649017,0.003249011325310785,-0.0005372602367880094,-0.0012624013309995709,-0.000327341965548401,-0.0007691559968607372,0.0031763715541244424,0.0074635258727663275,-0.0009664262221892809,-0.0022708134078532716,0.00438273684479836,0.010298124535275099,0.00118867898417636,0.002793041116771784,0.002184147766283061,0.0051320958791585235,0.001496429393297265,0.003516162798756948
0.21,2.329941346736159,0.13723115261906207,0.016180148241223328,78.0,106.32,0.021393333333333327,0.6369338700312356,0.045234557665452375,0.004423151875216914,0.6090022937471739,0.04740233936552188,0.004229182595466485,0.4656109393586633,0.04876498988582739,0.003233409301101829,0.6255284652267395,0.045132361887459525,0.004343947675185691,0.6228576714706895,0.04436428772144548,0.004325400496324233,0.4796150722560283,0.05164195490715665,0.0033306602240001965,0.4251342326905011,0.051502240597067234,0.0029523210603507022,0.47834686180052083,0.04919455565136572,0.003321853206948061,0.5409965790610461,0.04843927574616863,0.0037569206879239318,0.460736122226683,0.054414549200826334,0.003199556404351965,0.5208484151032912,0.05080959316770305,0.0036170028826617443,0.4704849358478769,0.049604746471378094,0.003267256498943589,0.04587476221163152,0.013448347663399366,0.0003185747375807744,0.02370148281763437,0.006488376463329744,0.00016459363067801644,0.015810958137644843,0.0058363836745827175,0.0001097983204003114,0.022434117867142032,0.0070344269321994946,0.00015579248518848634,0.007828662685562517,0.0025059835143637498,5.4365713094184144e-05,0.009980199100887101,0.004345132778205449,6.930693820060487e-05,0.004331021592278083,0.002026057998255596,3.0076538835264468e-05,0.007211007983942295,0.0025433815494554906,5.00764443329326e-05,0.04677112843732458,0.015134815627338939,0.00032479950303697624,0.02761958160680291,0.013379156101537733,0.00019180265004724244,0.036514846184669325,0.011934741994281989,0.0002535753207268703,0.04376521578805477,0.013070912770381755,0.00030392510963926926,0.13555961127109611,0.3185246589651123,0.3207083882482829,0.753569068516621,0.021061382734992178,0.049487968356453096,0.029486838023670414,0.06928527558747682,0.03434889287406836,0.0807096544903904,0.027454069162264977,0.06450887498951995,0.02910891296182708,0.06839726439956274,0.028775690267149035,0.06761429044303893,0.025149075065426255,0.059092826273181555,0.022758879997952716,0.05347658068507227,0.03040255688008119,0.07143694180805087,0.03039576667818554,0.07142098685861692,0.01945558383206373,0.04571481982699214,0.022310739770601395,0.05242358479826522,0.01575223916349946,0.03701306429284792,-0.0013581170136647812,-0.003191169955092136,-0.00044939113558404507,-0.0010559351480994776,0.0031051303964884777,0.007296130398351052,0.0011453565857423996,0.002691246400356348,0.001694767763428535,0.003982198818729139,0.0010649944541852084,0.0025024193573459225,0.0023695181007385583,0.0055676608827096635,0.0003033556399669493,0.0007127952851117275,0.0025169635264107424,0.005914113660847808,0.0013628558472880733,0.003202304800859235,0.002769724582254938,0.006508026761936795,0.0012270804162444065,0.002883273029791842
0.22,2.521059037157206,0.14862867451864128,0.017507354424702817,78.0,125.16,0.02207,0.5986345724749611,0.05332852967267203,0.004157184531076118,0.5978073444535196,0.047966194514436004,0.00415143989203833,0.5297308748388629,0.05147096377927778,0.003678686630825437,0.5792059990914586,0.04868704767172127,0.0040222638825795735,0.5903793008900096,0.04871799966299835,0.004099856256180622,0.519328979176882,0.054503596354183254,0.003606451244283903,0.5647357711563337,0.05151459088922829,0.003921776188585651,0.48086047086296396,0.05402174926885959,0.00333930882543725,0.5946905222395403,0.0477466000384165,0.004129795293330141,0.5473597844603565,0.04869884917091587,0.003801109614308031,0.5278522219321488,0.05044047945549769,0.0036656404300843665,0.46139655219286646,0.04726768676994507,0.0032041427235615727,0.02393617077182762,0.005964859984486478,0.00016622340813769179,0.027805894499260627,0.006943500102340786,0.0001930964895781988,0.03531171887533927,0.013539774565766504,0.00024522026996763385,0.011977727979313367,0.004577068405423218,8.31786665230095e-05,0.041584362864518526,0.019135602908344863,0.00028878029767026754,0.009738938548680097,0.004213218968948763,6.763151769916734e-05,0.05873137527101371,0.019923986748212445,0.000407856772715373,0.009394220736521228,0.004710002626455421,6.523764400361964e-05,0.0707594054774305,0.023035780235245808,0.000491384760259934,0.04914076698692697,0.016793455729443765,0.000341255326298104,0.044482237960362755,0.012773437465748317,0.0003089044302802969,0.02665593389119332,0.010723353888478207,0.00018511065202217583,0.12125544778068435,0.2849141406489087,0.2681719982050499,0.6301242196795032,0.013011382979592208,0.030572869657695376,0.024984151996050995,0.058705306244644595,0.03684814201704407,0.08658214463307146,0.023737191521332537,0.05577532100620684,0.020262637085612732,0.047611154287846354,0.023562458683929095,0.05536475094834032,0.016877464108264,0.03965700734070307,0.020092242131993985,0.047210776963200245,0.02452093198340212,0.05761687735958584,0.025559312472492948,0.06005676183596014,0.014621084497940078,0.034355188169527096,0.02409499872739519,0.05661606123272198,0.013380845815219086,0.03144099713766423,-0.0015539329408117571,-0.003651278986311575,-8.927031238025883e-05,-0.00020975861128552694,0.0030090443174180487,0.007070356767988562,0.000487331769618214,0.0011450843231622903,0.002471592455461196,0.005807505174989989,0.002008355436327529,0.00471903632976376,-0.0008645303677803949,-0.002031388538076668,0.0016436950790900552,0.0038621932417817833,-0.0011645946731354754,-0.002736450168415006,0.0020072903360241947,0.0047165336616924805,0.00326078715445884,0.00766187735854978,0.002165077560928894,0.005087286583824363
0.23,2.800869105441473,0.12600294621306635,0.019450479898899118,78.0,151.38,0.025115000000000002,0.62676221249787,0.041676066603268044,0.0043525153645685415,0.6515678440490198,0.03983471710792124,0.004524776694784859,0.5928397542684941,0.040897212142125494,0.004116942737975654,0.6826702964665256,0.0372329009670004,0.0047407659476842055,0.6676670358097165,0.039271086992422585,0.004636576637567476,0.5798615074088063,0.04759616574327978,0.0040268160236722654,0.5351173997387496,0.049934321092997655,0.0037160930537413167,0.6297142226048401,0.045499534105309915,0.004373015434755834,0.6249527501680361,0.04226442966910828,0.004339949653944695,0.5675419912419638,0.041990636106649264,0.0039412638280691935,0.5536286814468256,0.04817106709844328,0.0038446436211585114,0.5195558522154243,0.04568235942950249,0.0036080267514960024,0.04260012116883135,0.011529989418131919,0.00029583417478355105,0.03391590050401667,0.006353509290377252,0.0002355270868334491,0.026826642429719976,0.00934189802532789,0.0001862961279841665,0.016711743124884805,0.00569665028878087,0.00011605377170058892,0.02870159948041938,0.008828446712816683,0.00019931666305846791,0.034607104667181615,0.013001989367898776,0.00024032711574431678,0.023461079605775113,0.008205775439854028,0.00016292416392899383,0.035622644157374726,0.014577204421621002,0.00024737947331510227,0.04277057691626743,0.011198071022130454,0.00029701789525185714,0.062443592899424374,0.014347235263947999,0.00043363606180155817,0.062034108636412705,0.016302114553814518,0.0004307924210861993,0.046771017414120354,0.012911938676174708,0.00032479873204250247,0.09654021152274678,0.22684070619092503,0.19469035388365305,0.4574642697268497,0.011666943558897178,0.027413837967056074,0.02225037500770501,0.05228174560785452,0.03143023155936126,0.07385167082413031,0.018562218973739657,0.04361567883535841,0.012750130038516331,0.029959003158820507,0.016136575923049873,0.03791614105823293,0.0063138918250503365,0.014835762816513623,0.00919603827204428,0.021607947433363424,0.0167102831425077,0.03926418192903609,0.016356378190324147,0.03843261083537978,0.008105198747273177,0.0190447998678358,0.02521208864518413,0.05924088939326832,0.007071172075884696,0.016615145564636478,0.00016703525830533117,0.00039248304261108,0.0010509454533499476,0.0024694083951729575,0.002063498760400209,0.004848606696112237,0.00041040940560457784,0.0009643397080480251,0.001549910593542892,0.0036418276698018787,0.0011244542224862393,0.0026421320803512644,-0.0038945257391198216,-0.00915097403461271,0.0005980371545333663,0.0014052089623896897,-0.003142308016331742,-0.007383486717616592,0.0015466133113672476,0.0036340800400273396,0.0029373938985928793,0.00690199965183135,0.002659707773153569,0.0062495200705199585
0.24,2.815236912015968,0.13060732553628673,0.019550256333444222,78.0,204.16,0.031000000000000007,0.6518296137429853,0.0438170320767878,0.0045265945398818425,0.6712580829176144,0.0419904372587659,0.004661514464705655,0.6554956254867502,0.04572526892118902,0.004552052954769099,0.6695980057242426,0.047490884247283524,0.004649986150862795,0.646725996245441,0.040128781081707,0.004491152751704451,0.5497037558640365,0.04787395524045459,0.003817387193500254,0.5493359430561449,0.04521598157661516,0.003814832937889895,0.5163317106273635,0.04519773754310919,0.003585636879356691,0.5928827701915074,0.044926653942928066,0.004117241459663246,0.5833491041682342,0.04535052744725236,0.004051035445612737,0.5474230784144201,0.0452730336449793,0.003801549155655695,0.6005554554401261,0.04419214998175938,0.004170523996111987,0.02973858443572364,0.008919144691554595,0.00020651794747030306,0.03536966774738928,0.00877379638047753,0.00024562269269020335,0.034796159161352855,0.010601391298170863,0.0002416399941760615,0.018449434657291743,0.010443256151714885,0.00012812107400897042,0.03280644319847256,0.013511591251089968,0.00022782252221161502,0.015312483835070003,0.006552777945161416,0.00010633669329909724,0.009436802117662865,0.004725409812824403,6.553334803932545e-05,0.015934495747240304,0.00393396877417323,0.00011065622046694656,0.03364145805418965,0.007344428691495991,0.00023362123648742813,0.04432850936593668,0.015490533756215551,0.0003078368705967825,0.0634661214155316,0.019407546603898384,0.00044073695427452496,0.08281896520673487,0.02457986208501438,0.0005751317028245477,0.07897670261913636,0.18557169817816704,0.14336537268670563,0.33686587040380417,0.012833030684118198,0.03015379495278276,0.0197699237702714,0.04645342493715641,0.019204552941484865,0.04512497209829487,0.012941442404604177,0.03040853016463402,0.011430682199570736,0.026858694232130546,0.012518930985068812,0.029415754332994686,0.004729179284492596,0.011112160950103452,-0.0002983832643316713,-0.000701111685264971,0.016807186906805487,0.03949187687582715,0.007595865530311508,0.01784801870483972,0.004031517734040572,0.009472864367979183,0.021801443510268942,0.051226890472326335,0.0030014894931171708,0.007052605183933293,0.0013533033976725227,0.0031798593930600794,0.0019117801141824787,0.0044921131240813535,0.0019907155652277215,0.0046775878933632,0.0006342056479605954,0.0014901941355261847,0.0008065146067321792,0.0018950688014736428,-0.0008506624720462638,-0.001998803118880946,-0.003245869939580549,-0.007626826352300472,-0.0008424506424526931,-0.001979507768324497,-0.00018331021630504755,-0.00043072434028022214,0.0004447684079236191,0.0010450731167191934,0.000967097688162742,0.0022723911526416926,1.5397335639865295e-05,3.617914685408352e-05
0.25,2.753201905405592,0.17998145181168904,0.019119457676427722,78.0,237.56,0.03383,0.623047338056758,0.04486104069813922,0.004326717625394153,0.6918997371556647,0.04367816169057212,0.0048048592858032264,0.6030784923366889,0.04617980936510732,0.0041880450856714505,0.6528523047912244,0.04306827686876762,0.004533696561050169,0.6248773542982231,0.04769127135463991,0.004339426071515438,0.5426207179417478,0.04705201011947281,0.0037681994301510266,0.4658749833378113,0.04882298684446587,0.0032352429398459118,0.5118470113750688,0.045853854773288,0.003554493134549089,0.6116665539079096,0.048237005395346505,0.004247684402138261,0.5666425449928437,0.046936339120508784,0.003935017673561415,0.5520343795198501,0.048249148671838125,0.003833572079998959,0.5564609405322277,0.05079141427045462,0.0038643120870293594,0.03477451545876979,0.010988560628166683,0.00024148969068590133,0.0298157516005574,0.007283407544827971,0.0002070538305594264,0.028988086040616028,0.006814385729502801,0.00020130615305983353,0.013254168438183788,0.003608209969416348,9.204283637627631e-05,0.023342539390259157,0.005264687902291399,0.0001621009679879108,0.01687755677169202,0.006369282627968464,0.00011720525535897237,0.010696210401427063,0.0033042360194406564,7.427923889879904e-05,0.011758687871672571,0.007602609794961813,8.165755466439286e-05,0.037714722269617806,0.011482323295797377,0.0002619077935390125,0.05524004407652898,0.017870304951627648,0.0003836114171981179,0.04710668303936317,0.012841890937880266,0.0003271297433289109,0.028170166512262573,0.007329404563600667,0.00019562615633515675,0.08367271139771,0.19660591833169794,0.15743459210313196,0.3699243402127837,0.017111816225608024,0.040207664926357224,0.017197461355284535,0.04040890543941593,0.009603753627206507,0.022565956926310225,0.01075802552576414,0.02527815165299631,0.015896164591674405,0.03735124612662547,0.015579880173714242,0.036608072068939006,0.012359585434563612,0.02904133981043623,0.006021194041158683,0.014148010314719515,0.022176262579339325,0.05210760350351456,0.0047468722983070935,0.011153734256034947,0.007827811625231208,0.018393022855337306,0.018155764625280176,0.04266063233209696,0.0054003866915013484,0.012689298184473093,0.002259014220294968,0.005308009718896382,0.001725386292143927,0.00405414322994156,0.0017879315746393244,0.004201105991120346,0.0011059884226411372,0.0025987429577134266,0.0004688142265049592,0.0011015736192755282,-0.0013931827606148148,-0.0032735640028758793,-0.0013254585163512893,-0.0031144322260476805,-0.00013780426513360317,-0.000323798926125852,0.0035542147778542185,0.008351344765519873,-0.0003325329007859318,-0.0007813531465924364,-0.0008168187177647843,-0.0019192803894372253,-0.0014951656619267614,-0.003513193406914947
0.26,3.164136129597858,0.13406267918785372,0.02197316756665179,78.0,295.54,0.040536666666666665,0.7214405961219701,0.03390174261371049,0.005010004139735904,0.7477976485811113,0.036484598101249224,0.005193039226257717,0.6831588061873417,0.04030642699100907,0.004744158376300984,0.7251969628580734,0.03578108685609146,0.005036090019847732,0.7186640660719771,0.03728468563051036,0.0049907226810553965,0.6480799714382031,0.04388222046130017,0.004500555357209743,0.5881177434437425,0.04805701204541359,0.004084150996137101,0.5380246744181079,0.040633115631535086,0.00373628246123686,0.7332416593747797,0.03350727276401066,0.005091955967880414,0.6009345330380609,0.04642135595503135,0.004173156479430978,0.5572161303568,0.04350962875916353,0.0038695564608111107,0.6246805185604846,0.044417825234456136,0.004338059156670032,0.05194014095513408,0.010792886676128165,0.0003606954232995422,0.04619624284177018,0.010724112744187116,0.00032080724195673735,0.043747939944944074,0.013821130601400946,0.0003038051385065561,0.02405878665631636,0.006640300234974467,0.0001670749073355303,0.04260944213432641,0.011436024362513333,0.00029589890371060006,0.013310484780530993,0.0034166440947842173,9.243392208702078e-05,0.02538307498871869,0.009956540563856938,0.00017627135408832423,0.011018909952546405,0.0030835236938836666,7.652020800379448e-05,0.050097021940630926,0.012177621365182772,0.00034789598569882587,0.05156093396372475,0.011947739532231974,0.0003580620414147552,0.07202649065188854,0.019779709840954913,0.0005001839628603371,0.04217679315457081,0.01272074008502088,0.00029289439690674177,0.09140644963339145,0.2147778967768082,0.17070887073827526,0.40111493625846906,0.01665217629073528,0.039127648156396896,0.01103293230016751,0.02592410058825047,0.006427949215514095,0.01510376366912204,0.008690114220048478,0.020419176791332448,0.01794738856163324,0.04217101072587312,0.016945010011898364,0.039815720070238717,0.020394680631829778,0.04792141724251961,0.017031928315406557,0.040019952162107186,0.018995296671577896,0.04463328226986114,0.00650693469845824,0.015289355998445449,0.015860727937696856,0.03726798055794152,0.014223731883308983,0.03342152802638053,0.010602548271249547,0.024912826472385883,0.001274688690068168,0.0029951382752100002,0.0011728250354635684,0.0027557890653706224,0.0010712311455806517,0.002517073722176104,0.0006246508573846418,0.00146774322716822,0.000295868236608193,0.0006952021201637059,-0.000629747142017693,-0.001479717976206748,0.000715930649957544,0.0016822235176254202,0.0017637777749939193,0.004144351765266316,0.004934126472789541,0.011593725721837657,-0.0002737968197403927,-0.0006433408728144971,-0.0007067380666940649,-0.0016606236884318087,0.00035973143685547374,0.0008452615950208979
0.27,3.186197693814634,0.1612363214496793,0.022126372873712736,78.0,382.74,0.04870000000000001,0.731383726951785,0.03793590013975027,0.005079053659387395,0.7407943234041352,0.037863075755045425,0.005144405023639827,0.6360596127686032,0.03983433368736489,0.004417080644226411,0.7286247081714536,0.04144150826091891,0.005059893806746206,0.7481507867426154,0.03704579415628588,0.005195491574601496,0.6210853578004879,0.049207350850393926,0.004313092762503388,0.6394354479716079,0.046559954485166345,0.004440523944247277,0.5920187829383012,0.04594154641076304,0.004111241548182648,0.72610898193522,0.03980645890873286,0.00504242348566125,0.5522703521151885,0.04592444173877088,0.003835210778577698,0.5698061417742717,0.04704495049358432,0.003956987095654664,0.6352002422652034,0.042201543524863154,0.004411112793508357,0.040595657332813895,0.009375125698519315,0.0002819142870334298,0.044674424499143654,0.01074997354293308,0.00031023905902183096,0.046214976227345515,0.013195583569052908,0.0003209373349121216,0.021625760281676672,0.006545902515191828,0.00015017889084497689,0.037401482932765136,0.00978592499740661,0.0002597325203664246,0.016247031152725803,0.005517740197663938,0.00011282660522726252,0.012424411731636489,0.004334012119589364,8.62806370252534e-05,0.029853221470922904,0.00915608179497497,0.00020731403799252016,0.09345620399759624,0.019939605949656117,0.0006490014166499739,0.04871474243237881,0.014510188854850715,0.0003382968224470751,0.03634836407289506,0.01059090421027932,0.00025241919495066014,0.05032429800479974,0.012197739262618964,0.0003494742916999982,0.10820345997709188,0.2542458617642633,0.18250852524706032,0.42884060537978713,0.01578034644046535,0.03707910801137181,0.0076586181971865595,0.017995468757463093,0.010670319045231502,0.025072067580175977,0.010508619821200915,0.024692122626761612,0.017658165461689614,0.04149142269511267,0.018258781540327264,0.0429026913600429,0.018106192475618618,0.04254415256414057,0.024995479920192354,0.05873192348808515,0.00783307390903024,0.018405387652910474,0.011530542654609762,0.027093336520398813,0.024481260948343568,0.05752366225816785,0.015027124833164573,0.03530926186515622,0.00824530904178713,0.019374017275285496,0.00030289827983378886,0.000711720625195893,0.000695835689515206,0.001635006353443585,-0.0007542719567418147,-0.0017723141541595821,-3.862282681720705e-05,-9.075212465471682e-05,-0.0010191508214565034,-0.0023947004922377124,0.0004882768455612082,0.0011473049697812627,0.00090204693716439,0.0021195412876790568,0.00249316928632698,0.005858204292733307,0.001086212771549945,0.0025522760752801476,0.0002883753899547679,0.0006775961650965495,0.0008625410886893401,0.0020267143254692165,0.00293799835820703,0.00690341995165849
0.28,3.22140010467575,0.1602264358493107,0.022370834060248264,78.0,518.64,0.06154166666666667,0.6937078553769215,0.04166929729826918,0.004817415662339733,0.71203345274527,0.04098589001993779,0.004944676755175486,0.6368940904546538,0.04388309297834973,0.004422875628157318,0.6549472830417479,0.037468884326103735,0.004548245021123249,0.6975642455873406,0.038021274023575836,0.004844196149912088,0.6439593413478599,0.045908824336103174,0.004471939870471249,0.5988965283793107,0.04585352106460985,0.004159003669300769,0.6689347721613876,0.04611568764136725,0.004645380362231858,0.6864690063951044,0.03925723795497982,0.004767145877743781,0.6657711349463736,0.04037546016672941,0.004623410659349817,0.6788080747184901,0.04070029728296679,0.004713944963322848,0.6524550649398527,0.041713680027587345,0.0045309379509712,0.042095633995087506,0.012997716328001575,0.00029233079163255214,0.029357709012615474,0.0055322433478447956,0.00020387297925427412,0.024974676127556973,0.005586433867906272,0.0001734352508858123,0.019598209582538658,0.008667907187013844,0.00013609867765651846,0.016730262839127773,0.0035095916846833264,0.0001161823808272762,0.014351786531533994,0.004190024562128061,9.966518424676384e-05,0.014556280533353979,0.004917967277120683,0.00010108528148162485,0.02719235114654996,0.008500183091262496,0.00018883577185104138,0.028602270583871787,0.005749239758845433,0.0001986268790546652,0.05351436593707087,0.015341794437100527,0.00037162754122965877,0.05756104745022087,0.014450577359942752,0.0003997294961820894,0.062079022857020424,0.01646937545672471,0.00043110432539597516,0.14238704133185898,0.3345670834846368,0.21616033555632289,0.5079123237316528,0.020085590738064776,0.04719514817109116,0.012100563141648509,0.028432714669499905,0.020540290654580136,0.04826355737115798,0.01773061388443438,0.0416616548824947,0.02051197919651636,0.048197033887946335,0.01982300936106958,0.04657816024398121,0.016158587498098377,0.03796786169515323,0.022897024486843037,0.05380117903556254,0.0033878303699783397,0.007960391027316903,0.016309334580540007,0.038322072382056725,0.0269376525933197,0.06329545006180845,0.019677859051229707,0.04623710030358373,0.006834781607669745,0.0160596984623267,0.00044925120278246976,0.0010556063477475007,0.0014523793378458838,0.003412658305357466,-0.0012960391053944797,-0.0030453053839587622,-0.0001325689475555097,-0.0003114974911298383,-0.0007215942029917133,-0.0016955311782318818,0.0010839158513421775,0.002546878997795276,0.0009295826043348997,0.002184241893653231,0.0008542867083609108,0.002007318993375623,-0.002096180926801647,-0.0049254000404546075,0.00020177932588446863,0.0004741212398066574,0.003273888422256339,0.007692661430723486,0.0028360813376059456,0.0066639453476425485
0.29,3.4918063178013314,0.14425465608632,0.024248654984731468,78.0,618.44,0.071265,0.7579573608958016,0.037272429457364926,0.005263592783998622,0.7582015371171087,0.033675107936418244,0.005265288452202144,0.7306930271349824,0.03603894162879447,0.005074257132881822,0.7856746956547118,0.030362696166933167,0.005456074275379943,0.7846399837546653,0.028235596240090855,0.005448888776074064,0.6736357162320854,0.04307256649421419,0.00467802580716726,0.6175054218018525,0.038931956213461,0.0042882320958461985,0.6056321383456664,0.0448839843364049,0.0042057787385115725,0.7012535114335203,0.03938400074322227,0.004869816051621669,0.6001020628250342,0.04271325686299242,0.00416737543628496,0.6664252324749456,0.04443687280213707,0.004627953003298233,0.6269571601653886,0.04232190363604822,0.004353869167815199,0.039283669148582445,0.009527124285368078,0.000272803257976267,0.046622097095607294,0.008831546071272513,0.00032376456316393957,0.03978213941730307,0.010550265025519928,0.00027626485706460464,0.01386195981081515,0.002784740369409819,9.626360979732743e-05,0.040404977806981074,0.012070499431955308,0.0002805901236595908,0.021466504591087468,0.005005945461896218,0.00014907294854921854,0.028322642560873537,0.013593880189035209,0.000196685017783844,0.022634986088097303,0.006061364734308678,0.0001571874033895646,0.06925854657565074,0.019248545575802717,0.0004809621289975746,0.05002566947778548,0.011062869208723071,0.00034740048248462136,0.07704224381126004,0.019295671402959114,0.0005350155820226392,0.05326687797176866,0.012819493651228931,0.00036990887480394907,0.18276287151957213,0.4294382432672908,0.2699588103646508,0.6343226953791229,0.02529291336898545,0.059430803390095,0.019548243776137075,0.045932543061877086,0.024657295432809305,0.057937290798444605,0.02415918328207543,0.0567668757946601,0.024397002701763693,0.0573256805067804,0.023330264625754556,0.05481916415814317,0.021089290028714652,0.04955354217399536,0.02480178285192372,0.058276793143329106,0.010163529264435908,0.0238812627336491,0.0226350704800584,0.05318566524134873,0.025475447457341326,0.0598597040611569,0.02440878709465129,0.05735337031564336,0.008356682739582028,0.01963571225047142,0.00199210702323979,0.004680857404721359,0.002321436825458129,0.0054546842249300915,-0.0009905012385116076,-0.002327382516393373,0.0007028054321291002,0.0016513831700215374,-8.74568134613191e-06,-2.0549742966017037e-05,0.0017670519596929449,0.004152045122859089,0.0011024109861789023,0.002590337048914943,-0.0006989320149862596,-0.0016422817948930296,-0.001439592537693962,-0.003382613138368157,0.0005649237412687666,0.0013274023165283028,0.0027916643211862687,0.006559578605405202,0.00025205392296608693,0.0005922515497114729
0.3,4.028133819674923,0.17545257325574481,0.0279731515255203,78.0,765.62,0.08655999999999998,0.8465016292918561,0.024914040460464366,0.005878483536749001,0.8086942583374832,0.026026248606307364,0.005615932349565856,0.7693706570079374,0.03422626961864738,0.005342851784777343,0.8168360093954428,0.029668484278021698,0.0056724722874683525,0.8271000270688217,0.0286897249154465,0.005743750187977928,0.7691826369893302,0.03277652227376362,0.005341546090203682,0.6938300052249603,0.037956591193809286,0.004818263925173335,0.7148241007309973,0.040190860890505796,0.00496405625507637,0.7102874368216995,0.040167948542481055,0.004932551644595135,0.6856285302947159,0.04236555826954591,0.00476130923815775,0.7100117675619155,0.040930677277871044,0.004930637274735524,0.7935169990906953,0.03894713754071222,0.005510534715907606,0.048260414389483385,0.00966078619480346,0.0003351417665936346,0.05347010548783257,0.010460830110382699,0.0003713201769988373,0.031203850924004618,0.005887211159079089,0.00021669340919447651,0.025153902388482575,0.0055334962164711125,0.00017467987769779567,0.024023535663272644,0.004279423598967273,0.0001668301087727267,0.016708120531219426,0.00291243516159121,0.00011602861480013491,0.019218583320799985,0.007377249842976285,0.00013346238417222213,0.026457964827979224,0.008212291880543886,0.00018373586686096683,0.04169794719421513,0.008378210127564841,0.0002895690777376051,0.058325084724359176,0.014845451551697015,0.0004050353105858276,0.05488295129390047,0.011031714228348324,0.0003811316062076422,0.06897400032755008,0.01579626838547835,0.0004789861133857644,0.20718907206087736,0.4868325299894128,0.30018955439579503,0.7053559282313844,0.024381518439519773,0.05728929710833064,0.022733797326398648,0.05341764388724747,0.019539547896579343,0.04591211033826158,0.023124825221496233,0.054336442825691764,0.023506573918801895,0.055233438416631385,0.02443568629687895,0.057416575418812794,0.027848231961351097,0.0654350400174246,0.03085093696730456,0.07249050129402457,0.02307163556515667,0.05421146299587985,0.029582152060207596,0.06950923514813004,0.0261078315524183,0.06134561809064264,0.025006817189681965,0.058758562690307055,0.01585787693882253,0.037261281560831395,0.003965171281420976,0.009316969990619694,0.0017439402741508318,0.004097739554361342,-0.00034974546462153617,-0.0008217975383566381,0.0021885156285396815,0.005142359052847583,0.0009712695810479607,0.002282193856751295,0.002393597106654428,0.0056242393656047865,0.0013121138021388048,0.003083076127401027,-0.0006831032617587769,-0.0016050889453683727,0.0015812480330002483,0.003715461306859398,0.001724255705219354,0.004051486687840241,0.0015729706096877908,0.003696011830625376,-0.0005623563566572302,-0.0013213697283543334
0.31,4.104661388599845,0.15450730998335943,0.028504592976387813,78.0,962.04,0.10487166666666667,0.84039651575959,0.024479012214716135,0.005836086914997153,0.8489386868485012,0.023294384958849786,0.0058954075475590355,0.773792295729453,0.034724023875939244,0.005373557609232312,0.8150517486345025,0.02713236986663439,0.005660081587739601,0.8666975390541342,0.02549825010466418,0.006018732910098154,0.7091270726152215,0.040950951271513686,0.0049244935598279265,0.7171411000655961,0.03821618522487161,0.004980146528233306,0.7245123226335355,0.03893083959485417,0.005031335573843996,0.795098503207307,0.031627638962225715,0.005521517383384076,0.7243290813874439,0.03890279770794694,0.0050300630651905825,0.75142887892712,0.0401539733739064,0.005218256103660555,0.7453242502793125,0.03682290424496353,0.0051758628491618925,0.05640253613465589,0.011353759829275684,0.0003916842787128881,0.04901835355246988,0.008884013271565721,0.00034040523300326306,0.033348604090754054,0.007496964380414668,0.00023158752840801426,0.023155350794935865,0.0031329464666409314,0.00016080104718705463,0.035803640842388317,0.008148460680640537,0.00024863639473880777,0.027738437260380742,0.006037046899315215,0.00019262803653042183,0.015323513183150386,0.0035623544064577227,0.0001064132859940999,0.017460160367173145,0.006123537963386526,0.00012125111366092462,0.048575176983639216,0.010102327447712669,0.000337327617941939,0.044320008591372445,0.008299902969647884,0.0003077778374400864,0.08486519018349295,0.015245603443328419,0.0005893415984964788,0.042201820503112934,0.010940031862317238,0.00029306819793828426,0.21325869399191597,0.5010943314028509,0.2768274340288755,0.6504619125817422,0.01715605080283681,0.04031160299090425,0.02013785544907313,0.047317954655218306,0.012379753407502091,0.029088728532209708,0.01824319916606818,0.04286607742761715,0.01696134045087758,0.03985409173166376,0.02327550770368606,0.05469050172126906,0.028663057723272455,0.06734963755498281,0.033126373260105646,0.07783709798580664,0.029863344201852514,0.07016995282193628,0.031176627650169667,0.07325577726903647,0.026546755487520043,0.0623769584392094,0.019297568725911304,0.04534353145188842,0.026017676833811464,0.06113378138847837,0.003954935298659471,0.009292918483775513,0.000878870054800495,0.0020650825260935673,0.00047718579588168475,0.0011212443106836914,0.0029375753259390605,0.006902425951988362,0.0021994579988913144,0.005168070359864787,0.0026616402702860998,0.006254060862458786,0.0017351750542006286,0.004077143901502695,0.0010545164770381257,0.002477799235864869,0.005988217964991014,0.0140705263700783,0.003137543890562022,0.007372292442848186,-0.00020089481869129885,-0.00047204291168654233,0.0011934535212528472,0.0028042598550061613
0.32,4.450954939816396,0.1584383783608298,0.030909409304280527,78.0,1129.38,0.12199833333333332,0.8534197852005927,0.028559861734364415,0.005926526286115227,0.8448777891854246,0.027048004711700224,0.005867206869343226,0.7818574047774896,0.02755528254836178,0.005429565310954789,0.8547714598959759,0.02358018999380869,0.005935912915944277,0.8548693085156891,0.025725693718295944,0.005936592420247841,0.8262704096253531,0.024556314023542546,0.005737988955731619,0.7894738831087514,0.028409145221268698,0.0054824575215885515,0.8241211494102876,0.027737899915184338,0.005723063537571442,0.8110644345115939,0.027889236170010795,0.005632391906330514,0.803803310639984,0.029229334243740596,0.005581967434999889,0.791886868458542,0.031760324936409734,0.00549921436429543,0.754984395723946,0.03587086370988138,0.005242947192527403,0.05963223660503397,0.012397051090040323,0.0004141127542016248,0.049455234300557566,0.008487190311122978,0.0003434391270872053,0.031348542523010024,0.006852753906588181,0.0002176982119653474,0.028104936818696757,0.004542009649710477,0.0001951731723520608,0.03099189260629732,0.003993386384476084,0.00021522147643262028,0.03141699136109108,0.005219323658878106,0.00021817355111868804,0.038834759272555405,0.012883775847537452,0.00026968582828163477,0.019157486968743732,0.0028776786624570712,0.00013303810394960926,0.07635348417082848,0.012851799840194513,0.0005302325289640867,0.06537178744484753,0.013440036821927823,0.00045397074614477454,0.05270896994848084,0.007984942686686303,0.00036603451353111693,0.05116503090016669,0.007357462810385532,0.0003553127145844909,0.22207974708619818,0.5218211754991386,0.23823571344649785,0.5597828783021588,0.011794712246044448,0.027714056277793303,0.015974206390642082,0.03753462108003612,0.012554189311875241,0.029498600886008464,0.013950668436133658,0.03277991036038252,0.011140576995673737,0.026177033520146796,0.022322835097323638,0.05245200520891076,0.026154984429536756,0.06145641328961487,0.028121033046162078,0.06607604121010992,0.02701045326249302,0.06346650992324823,0.02704531543851473,0.06354842564006073,0.025245703981385207,0.05931987540834351,0.016921034810713265,0.03975938549750354,0.032957718807282974,0.07744081031896716,0.0024061723999915462,0.005653787554656329,0.0006297889142714307,0.001479816128545422,0.001407421491766488,0.0033070207747097308,0.003190128414563429,0.007495850392132172,0.0033208127303901835,0.007802919560747304,0.002236891494170874,0.005256027910096683,0.0015739011964165024,0.0036981984319118576,0.0027643687753346295,0.006495442212919738,0.006754203163623691,0.01587036314947765,0.004562219002413681,0.010719854079264523,-3.98857353050815e-06,-9.37195829679447e-06,0.004115799797871023,0.009670902082802536
0.33,4.871718629754257,0.14757163600372597,0.03383137937329345,78.0,1383.6,0.14523333333333333,0.8790505155292181,0.025647054108008337,0.006104517468952904,0.8828913777612936,0.023034180741403086,0.006131190123342316,0.7663995284133256,0.03532815523337047,0.0053222189473147614,0.8696177182445959,0.02358665529423885,0.006039011932254138,0.8787159462623242,0.021705559251422146,0.006102194071266141,0.8188534972943318,0.027298170760879575,0.005686482620099526,0.780835554423461,0.031889616531429,0.0054224691279407015,0.8435419460573008,0.027034525434051448,0.005857930180953478,0.8872449360035286,0.01727818338939046,0.0061614231666911705,0.7945213450037325,0.028286884870255113,0.005517509340303698,0.850356255228503,0.02219535193772722,0.005905251772420159,0.841584102025728,0.02536683842869631,0.005844334041845333,0.074061957755206,0.01223363788418953,0.0005143191510778195,0.04488979291552348,0.0051633269178603175,0.0003117346730244686,0.03726891164654675,0.007873428610699831,0.0002588118864343524,0.04275184893286785,0.008780879742636475,0.0002968878398115823,0.043256204868373976,0.004682838108770344,0.0003003903115859304,0.0316147931595077,0.004292009288469009,0.00021954717471880348,0.02387570276011739,0.0033035126960896774,0.0001658034913897041,0.03856656472359629,0.007154869633825418,0.00026782336613608536,0.08030646502307104,0.011907169355599989,0.0005576837848824378,0.08110392906893737,0.012703982208725208,0.0005632217296453984,0.07117802453501633,0.015945839814244578,0.0004942918370487245,0.07970612009126361,0.013150951375447004,0.0005535147228559973,0.22030396147465342,0.5176486088990377,0.1989199057885156,0.4674024553371447,0.010365599782463356,0.02435606818815043,0.013376282740334193,0.03143027527251639,0.018841515280420988,0.044271941862389204,0.011997093987478058,0.028189593014483927,0.011075298545678347,0.026023648630447083,0.018547627899434514,0.043581394162192116,0.022956227028579655,0.05394028735285339,0.01789657784627225,0.04205162069789667,0.019212619573128607,0.045143926276971155,0.020011945302916067,0.047022103361541154,0.019455323457996804,0.045714208025585415,0.01518379434381277,0.035677388492117774,0.032878380149537374,0.07725438813418656,0.0004015228153898861,0.0009434588712637069,0.001973681588131479,0.00463756312717713,0.002604512086337479,0.006119826667340447,0.0030405023435113626,0.007144273747678404,0.0041313820392609975,0.00970751570302551,0.0020429903877074588,0.004800418136432585,0.001133300036125553,0.0026629171043441153,0.0029975879665794414,0.007043437760109775,0.004786297364003355,0.011246371402806233,0.003968318196306219,0.00932436430210536,0.0013387477881123793,0.0031456580514679874,0.004459537538071762,0.010478583260435301
0.34,5.143598588757419,0.155574984315843,0.03571943464414874,78.0,1628.82,0.17275499999999996,0.8823700711021456,0.023948859898196787,0.006127569938209345,0.9122599230009933,0.01795105663142781,0.006335138354173565,0.8613908006813169,0.024682923068306495,0.005981880560286923,0.8840540592454005,0.022589061111323923,0.0061392643003152815,0.8935117021650346,0.021219290208268772,0.006204942376146074,0.8426493936308644,0.02859233439457195,0.005851731900214336,0.8238949635557347,0.031249194970143723,0.00572149280247038,0.8331566542814787,0.027810412662589788,0.0057858100991769355,0.8869900435873166,0.019658500351446128,0.006159653080467477,0.8486811985908402,0.0246195626005788,0.005893619434658613,0.8352877296546426,0.028246265018048788,0.005800609233712796,0.8004593693282948,0.028940628105821226,0.005558745620335381,0.05230733529199282,0.009523540698784997,0.00036324538397217236,0.06363237156776187,0.007031907388070436,0.00044189146922056857,0.04208040430031193,0.006079450702354968,0.0002922250298632773,0.03205831492634552,0.005021744259075184,0.00022262718698851054,0.05410104616155529,0.007056169527526963,0.0003757017094552451,0.03362718354076592,0.0036222925153029505,0.0002335221079219856,0.02919354563623563,0.00503699829090906,0.0002027329558071919,0.03726321667885126,0.005936722973279369,0.0002587723380475782,0.0924099693883713,0.016688350879694433,0.0006417358985303563,0.05858957895715809,0.00735910430286011,0.0004068720760913756,0.06843025499306887,0.00826245228524056,0.00047521010411853383,0.07575279274367125,0.010800362357744403,0.0005260610607199393,0.2183274092820829,0.5130043007075203,0.176645651839747,0.4150646013391332,0.010633622234610184,0.024985841019191768,0.010887800842639312,0.02558308494516316,0.02106280825578709,0.049491317905192504,0.010515661749733778,0.024708669058721357,0.01224308911828639,0.028767608209519447,0.015129076951866416,0.03554881893924175,0.02119285395184371,0.04979688650780141,0.014220313809964635,0.03341349657338271,0.011993947397195767,0.028182199465718392,0.017245638981253822,0.04052210849257995,0.01503888087676437,0.035336885061647366,0.01648195766980155,0.03872768516097343,0.03242931923801133,0.07619922891414169,0.00044681788902365706,0.0010498887860938978,0.003622029863018331,0.008510689991373251,0.0033801465135960135,0.007942336256351067,0.003572613946143002,0.008394577323871683,0.00419382756563313,0.009854244067064583,0.0030773405724680595,0.007230832599576001,0.0017394373518860586,0.004087159029931651,0.0025845206501794683,0.006072852754353055,0.001077421185259884,0.0025316184693859865,0.00351281143581261,0.008254059259312234,0.0022123890314321923,0.005198454429954165,0.003009963233558923,0.00707251594687411
0.35000000000000003,5.4830693418017775,0.16661917967581968,0.03807687042917901,78.0,1919.78,0.1994983333333333,0.9146314191534384,0.02156290755088891,0.006351607077454433,0.8972162556099466,0.023710434340775074,0.00623066844173574,0.8868428613842846,0.025224054079734333,0.006158630981835309,0.9037079825991945,0.02163532485997041,0.006275749879161073,0.9165435748737228,0.020267972213792507,0.006364885936623075,0.8858572393134255,0.020140055002196084,0.00615178638412101,0.9079237928381672,0.021472158992223718,0.0063050263391539385,0.8598049609536951,0.028695111176271288,0.00597086778440066,0.8636663808736627,0.029106941187048162,0.005997683200511546,0.8346267751665107,0.026292495263737184,0.005796019271989658,0.8723872028842306,0.0246599125902952,0.006058244464473823,0.8591459384910469,0.027054275902829734,0.005966291239521159,0.05823897271024426,0.006284975041570264,0.00040443731048780734,0.05087881486755703,0.004849846531123546,0.0003533251032469238,0.04666878261969045,0.0047251047178192675,0.0003240887681922948,0.04354826696470947,0.004299875915770279,0.0003024185205882602,0.051420294730158085,0.004877108560248855,0.00035708538007054225,0.037855894302649684,0.00380773682970251,0.0002628881548795117,0.03206385778718402,0.0035089566471296976,0.0002226656790776668,0.030464112330180607,0.002527665480131632,0.00021155633562625422,0.07944087210960099,0.009566617219743041,0.0005516727229833402,0.09418155659962053,0.01093852694246789,0.0006540385874973648,0.07721858388396571,0.009013025574252686,0.000536240165860873,0.07138222472404193,0.015017410198733375,0.0004957098939169578,0.2411993477634082,0.5667465351114377,0.16955760498494998,0.39840980507656565,0.010826160168839959,0.025438247744641436,0.0101365677115684,0.023817911125070656,0.01748859874480828,0.04109299147979701,0.010795863377957533,0.025367059321385606,0.012711081288883819,0.02986725024257146,0.011832002176493826,0.02780167649348917,0.017170934799144125,0.040346575943418436,0.015368858393973325,0.03611223381891802,0.01209205959572791,0.028412733872572593,0.018479331203435548,0.04342091729450613,0.014771443734774199,0.03470848753491894,0.017884703789343055,0.04202372020527619,0.050197289147158666,0.11794865931414057,0.0032346128412884595,0.007600375528483533,0.00605846889682759,0.014235595109176977,0.004725591171408821,0.011103729954428402,0.005395525754740217,0.012677876432746512,0.005600156177748435,0.013158696900520137,0.005553930683113271,0.01305008077381324,0.00403769259517185,0.009487373450128022,0.0037708388334808736,0.00886034669312301,0.0002691311582185762,0.0006323779596639772,0.0036541952908519743,0.008586269154186641,0.005223130298501674,0.01227279852354757,0.00267401544580692,0.006283138834322543
0.36,5.5963092968120325,0.16051922954266148,0.03886325900563911,78.0,2218.58,0.23085166666666665,0.9088075970625036,0.021250027216029255,0.006311163868489608,0.924088101812917,0.013943508237971945,0.0064172784848119235,0.8725748099591324,0.027994237473625234,0.006059547291382864,0.8919230189226411,0.019608072355341646,0.006193909853629453,0.9371949064349362,0.011277674096024025,0.006508297961353724,0.8637188507352428,0.022959351818260886,0.005998047574550297,0.8384478633666373,0.02711151626872013,0.00582255460671276,0.8900471121236733,0.02328728118274506,0.006180882723081064,0.9192915626730364,0.013835961543116358,0.006383969185229419,0.8939869890864539,0.02369131241492203,0.006208242979767041,0.885575381286771,0.0224972190294076,0.0061498290367136875,0.8684876248501564,0.02347334998241738,0.0060311640614594195,0.06964481523929472,0.00789957574542003,0.00048364455027288003,0.07255273508761745,0.010118690466461045,0.0005038384381084545,0.050608723589395506,0.00548151165054708,0.00035144946937080214,0.05527113457745236,0.006036606567510917,0.0003838273234545303,0.05365734323486226,0.0065290456822383915,0.0003726204391309879,0.04500713293670919,0.004261464564903493,0.0003125495342827027,0.03439545832174661,0.003110344886767811,0.00023885734945657368,0.04193608157548832,0.004371204500500478,0.0002912227887186689,0.07191441418217302,0.008903424784526139,0.0004994056540428682,0.07502521333149942,0.009514041303285753,0.0005210084259131905,0.07343393647165182,0.008470958968456082,0.0005099578921642487,0.07702888118550306,0.007154363074386403,0.0005349227860104379,0.30226588153481426,0.7102346777914837,0.17898629616943035,0.4205644174707982,0.011911536049299724,0.02798855737544309,0.01064181043272264,0.025005080842815143,0.01457242151561977,0.034240844673684497,0.013388254739592787,0.03145840590040192,0.011366549358629184,0.026708001182055924,0.013103679596461037,0.03078973918200365,0.016112573594962713,0.03785974274536788,0.017733524003207716,0.041668492793736356,0.014624331350651274,0.03436281730509961,0.020865957920059935,0.0490287783222981,0.015660105873208374,0.03679657853728895,0.019005551735015204,0.04465737861060308,0.08868470555098892,0.20838260988044907,0.006994357733678373,0.01643465476855439,0.009179375099961586,0.021568793948375166,0.007178339412606047,0.016866956845749573,0.007880700155529427,0.01851729512875595,0.008824234424374416,0.0207343192732463,0.008934199846988998,0.020992705221744023,0.008091054609845343,0.01901156536304258,0.007088323461960729,0.01665544620691054,0.004158896799533893,0.009772167184025288,0.005684947380311637,0.013357930939526594,0.008997693791216458,0.02114189705507671,0.005672582834982023,0.013328877945441964
0.37,6.2502976991051264,0.14988907317410205,0.04340484513267449,78.0,2575.2,0.2654483333333333,0.9340825731084241,0.013802447077818135,0.006486684535475167,0.944080103737421,0.015533581959732454,0.006556111831509868,0.8974188094142522,0.020334210956129892,0.006232075065376752,0.9451340544250749,0.01569313224742394,0.006563430933507464,0.943731955938826,0.015113201741137151,0.006553694138464069,0.8923683809496332,0.01985729215472943,0.006197002645483564,0.9143354371522037,0.01819528058282785,0.006349551646890304,0.928724901368259,0.014366315745394624,0.006449478481724021,0.9366844736794673,0.01383039573014915,0.006504753289440745,0.9107578265630454,0.017695318978579927,0.006324707128910038,0.90979775028494,0.018905088984145803,0.006318039932534306,0.9104064618975107,0.016208276475639796,0.006322267096510491,0.07960486863955088,0.006702255126481551,0.0005528115877746589,0.08472832212371767,0.008174935692167281,0.0005883911258591505,0.06364189764410438,0.00507103735434665,0.0004419576225285027,0.05983227269776789,0.004695590778770584,0.00041550189373449925,0.08284857036290105,0.008091880529646631,0.0005753372941868129,0.06784061946123264,0.005427553084913235,0.00047111541292522665,0.05291202119152141,0.00377571444999152,0.0003674445916077876,0.05509865119316693,0.00646461498627195,0.0003826295221747704,0.0871112599098266,0.012059983067708988,0.0006049393049293514,0.08990997417296599,0.007839529703569116,0.0006243748206455972,0.08867926213397487,0.006775431235437701,0.0006158282092637143,0.08514015768073077,0.007455433641403906,0.0005912510950050748,0.37009098229114495,0.869603437299656,0.18187819647649428,0.42735952074994904,0.013214592880034274,0.03105035232107658,0.010877713950400195,0.025559383756583787,0.014893502889734437,0.0349952901477527,0.014730523706866023,0.03461233767278759,0.01012754647545678,0.02379671391058358,0.01570784913722412,0.03690876096940057,0.016392965722037838,0.038518580623520975,0.016380868829826527,0.038490156534442994,0.014991989480359074,0.035226704264370474,0.019623361234043728,0.04610904668591148,0.015975287924856443,0.03753716236289728,0.01896199424565485,0.04455503150062106,0.14070872831463502,0.33062354841224056,0.011058455539882987,0.02598407258986531,0.012508259608066983,0.029390679779532015,0.011325189662462948,0.02661081823063904,0.0114101177222052,0.026810373843201767,0.01317584494645142,0.030959306232832794,0.012341992729586446,0.029000002200357672,0.012601169100442906,0.029608989378506003,0.011609931666971359,0.027279877023509907,0.01016718684793281,0.023889856964077052,0.010047771951668763,0.023609267570590276,0.013502580403102286,0.03172703711466159,0.010960228135860907,0.025753267484467133
0.38,7.040262479032978,0.11552804629383284,0.048890711659951236,78.0,2975.5,0.30497166666666664,0.9710946896977974,0.007153213788395946,0.0067437131229013715,0.9615838146931749,0.0078219930522786,0.0066776653798137145,0.9507553036854375,0.01074832264597133,0.006602467386704427,0.9678296469371972,0.006718330917338891,0.006721039214841647,0.9669421076307507,0.00788393135747961,0.006714875747435769,0.943787224520715,0.010049496899797915,0.006554077948060521,0.9384389480232811,0.010643254451944214,0.006516937139050563,0.9383351326757706,0.012599924219414787,0.006516216199137296,0.9610085057095422,0.008404692581640553,0.006673670178538487,0.9597030313231782,0.00921565734230202,0.0066646043841887374,0.9553043966867589,0.007387144512107109,0.006634058310324715,0.9448546871564301,0.010436061896245904,0.0065614908830307645,0.09771261978793701,0.006017954813839945,0.0006785598596384515,0.10897296265022835,0.0059949799939543556,0.0007567566850710302,0.08403325511264431,0.004030819628624718,0.0005835642716155854,0.08737047754954917,0.0049674332493392015,0.0006067394274274249,0.09785061559786878,0.004807901888022736,0.0006795181638740888,0.08016332327205065,0.004160746195223487,0.0005566897449447962,0.0750152891055799,0.003880753307127488,0.0005209395076776382,0.0744877268001522,0.0038731466158918137,0.0005172758805566125,0.11071088443073972,0.006254343060946269,0.0007688255863245813,0.10960517042699204,0.007035012579376774,0.0007611470168541114,0.14308266913056167,0.00983992656885946,0.0009936296467400116,0.107055259192884,0.007116176485137549,0.0007434392999505833,0.4038351616778214,0.948892195436501,0.1596496401713367,0.3751290425861571,0.011916218539883918,0.02799955983187132,0.009830063995170502,0.023097718799187254,0.015414389223706186,0.036219217690272254,0.012513000857014171,0.029401820300589954,0.008945569689054288,0.021019420959804757,0.016437863700268486,0.03862407748257835,0.014842327688317303,0.03487504368624386,0.0131342948146033,0.03086167581435652,0.011815715575581203,0.027763407838446927,0.01594405353073928,0.03746377085165832,0.01366893913030031,0.03211793051093027,0.015187203426697776,0.03568539882021733,0.19842891972212562,0.4662487845063783,0.015736222873061378,0.03697543078680699,0.016528660460059533,0.03883742279005156,0.01681467383293225,0.03950946891942231,0.016281839745664547,0.038257467719798634,0.017779543502986453,0.04177662489396386,0.016534758114162277,0.03885175045870856,0.017578690367398918,0.04130467992514014,0.016629878158988275,0.039075254196694026,0.01630639932892041,0.03831517541612165,0.015476406094734024,0.03636493884208879,0.01614922517590151,0.03794586303008687,0.01661262206731602,0.039034707527494876
0.39,7.378665783978835,0.14093827668770093,0.051240734610964137,78.0,3384.84,0.3470766666666666,0.971445984825793,0.010014852341051974,0.00674615267240134,0.9663516245381524,0.009517401765506077,0.0067107751704038356,0.944235792030015,0.014687038354805363,0.006557193000208437,0.9662379620594888,0.009520692783861194,0.0067099858476353386,0.972099332576354,0.009032161866067286,0.006750689809558013,0.9432029273824871,0.01316249981645865,0.006550020329045049,0.9565622044417336,0.01062178601738791,0.006642793086400927,0.9549980506027331,0.00944613171272151,0.006631930906963425,0.9722344947563469,0.004671210989212445,0.006751628435807965,0.9610612060339393,0.0075116248923675286,0.006674036153013468,0.9414117705964129,0.013557822787426222,0.0065375817402528675,0.9428963205281249,0.013176468412459794,0.006547891114778645,0.12181334936164764,0.006100020023777157,0.0008459260372336642,0.12443899882927285,0.006312724878666912,0.0008641597140921726,0.10547953754780304,0.004829042578221451,0.00073249678852641,0.10382726025166625,0.005484607714175829,0.0007210226406365711,0.12162467101004625,0.005813708099793331,0.0008446157709030989,0.11014752341372729,0.005216672386274691,0.0007649133570397728,0.10025602449994565,0.004846593858101029,0.0006962223923607337,0.09857781088904365,0.004707676897941338,0.0006845681311739142,0.136162464381802,0.006819511614846702,0.0009455726693180694,0.13496974708025744,0.00714358023896933,0.0009372899102795656,0.13217206282834357,0.006655053613313845,0.0009178615474190525,0.13661866836219447,0.007579779936805611,0.0009487407525152394,0.4180741653910548,0.9823496077087335,0.12788884242147586,0.30050063979808134,0.00913269636009139,0.02145911283053586,0.008156874585506383,0.019166222676559052,0.01330512954575515,0.03126308648505193,0.009228905342933032,0.02168517524810749,0.007721065732489164,0.01814220184188966,0.01475121091315873,0.034660946438094156,0.012018304243065369,0.02823943078964544,0.010873101379897663,0.025548545591495418,0.00778530622018562,0.018293147829735148,0.010850714234525223,0.025495942476319037,0.011642079280117191,0.027355414327119763,0.012423454583750918,0.029191413263528348,0.26810744456805696,0.6299725378842005,0.022092436540879234,0.05191063731231252,0.02180420006259581,0.05123336754821643,0.023448687571816153,0.05509742276448042,0.022915793292514912,0.053845280131528804,0.023253541284609866,0.054638887187416954,0.02248015873368884,0.052821668836229387,0.02316940131408481,0.05444118334948523,0.02279885490044977,0.0535705097843493,0.022089436587619353,0.051903588316818544,0.021896077335361756,0.051449251738942624,0.01993823436843386,0.04684890464809109,0.022220622576002557,0.05221183626632909
0.4,8.057257600947896,0.10669504010297828,0.05595317778436039,78.0,3834.78,0.39154666666666665,0.9866890019373378,0.0026343104725027496,0.006852006957898179,0.9809481049784391,0.006526540105861913,0.006812139617905827,0.9762835468391635,0.004783006944019613,0.006779746853049747,0.9889960187776691,0.002438824250782669,0.006868027908178257,0.9854117890119829,0.00333929447610277,0.006843137423694325,0.9749687195586477,0.004444017301641402,0.006770616108046165,0.9515416425505382,0.011732243098144834,0.006607928073267626,0.9707865539483116,0.006907558013233539,0.006741573291307719,0.9750122970798423,0.0051943660626774055,0.006770918729721127,0.9730177755689473,0.005518398919213686,0.0067570678858954675,0.9718600264425814,0.007317924369874163,0.006749027961406816,0.9717193714889659,0.00765829336447748,0.006748051190895597,0.1556581404856686,0.005952014153423986,0.0010809593089282541,0.16788563756020436,0.0060135748331804975,0.0011658724830569747,0.15115874744862906,0.005737185388224305,0.001049713523948813,0.14305189376779714,0.005261842692925233,0.0009934159289430357,0.16682364988778717,0.005994023797030265,0.0011584975686651886,0.13863599619880873,0.004751437222682776,0.0009627499736028384,0.13819185372652631,0.00465631738815025,0.000959665650878655,0.13686195791969513,0.004961166225464932,0.0009504302633312161,0.16490732744525488,0.005952877192435315,0.001145189773925381,0.16829153279215425,0.0067245276465858735,0.0011686911999455156,0.16921271583490521,0.006334264659300452,0.001175088304409064,0.16931626273411915,0.005753356395016958,0.0011758073800980497,0.42558592390155836,1.0,0.09862425895362617,0.23173759613449715,0.006081782942919068,0.014290376164616375,0.0069877172395109025,0.016419051587634792,0.010010650071214064,0.023522042222264877,0.0061272557765685905,0.014397223762470764,0.006241851714992967,0.014666490042177148,0.01116192597812041,0.026227197262055732,0.008978183156128718,0.021096052881216645,0.009144057407323101,0.021485807903360542,0.005833548930236453,0.013707100264871076,0.007948134799418891,0.018675746431071723,0.009958662859260897,0.02339988777815974,0.0101504880779321,0.023850619834597707,0.35269234325593257,0.8287218243090044,0.02965193362098757,0.06967320100522477,0.029110096097062894,0.06840004441452416,0.030692035684242197,0.07211713066746428,0.030777416593023365,0.0723177503402167,0.029761295672626382,0.06993016921187088,0.030154218972982552,0.07085342178741202,0.029733200724143646,0.06986415446160571,0.030193367480758296,0.0709454091055471,0.028730513588213265,0.06750813872044056,0.02837884956602783,0.06668183314397423,0.026884339338881923,0.06317017981332601,0.02862507591698268,0.067260391637398
0.41000000000000003,8.77184395447177,0.06724463639384498,0.06091558301716507,78.0,4314.9,0.4406550000000001,0.9930101705228236,0.002019872019196043,0.006895903961964053,0.9937484664322592,0.0013668755957717972,0.006901031016890689,0.985332391071162,0.0031629008913855432,0.006842586049105291,0.9916911498341193,0.0024099808926807075,0.0068867440960702735,0.9952442227848607,0.0009649328480343504,0.0069114182137837545,0.9877578359118683,0.002410305421369923,0.006859429416054641,0.9819958335724914,0.003491228646928158,0.006819415510920079,0.9862207004299879,0.0031140476418995704,0.006848754864097138,0.9873882176253561,0.002399715791407281,0.0068568626223983065,0.9892283107764984,0.001932094272342587,0.0068696410470590165,0.9908887742070484,0.0016379401621956602,0.006881172043104502,0.9813550407722066,0.003697823630958322,0.006814965560918101,0.20967825764305423,0.005086049570418852,0.0014560990114100988,0.20921453563601616,0.005268833332081338,0.0014528787196945567,0.19772980084343034,0.004467824082947255,0.0013731236169682662,0.20202205968384854,0.0038707708896578677,0.001402930970026726,0.2083812477274273,0.004595420221018203,0.001447091998107134,0.194565290192548,0.00495507203925016,0.0013511478485593613,0.1854227146837565,0.0049987187161321936,0.0012876577408594202,0.18470048213099005,0.004516893681138656,0.0012826422370207642,0.2180145072451041,0.005357349268795089,0.0015139896336465563,0.21867781783923446,0.005399484811253069,0.001518595957216906,0.21726334032808908,0.0056330984031202624,0.0015087731967228409,0.21444960424871395,0.005793476368261322,0.0014892333628382913,0.4184304479142597,0.9831867653852344,0.0723111248326275,0.1699095782344382,0.003874720155787831,0.009104436820340154,0.0052093121951836555,0.012240330101680274,0.006831075418104409,0.016050990022133567,0.004107738173035989,0.009651959668633551,0.004191708220837346,0.009849264238840107,0.007402991082918007,0.017394821273812575,0.008161569149216168,0.019177253501231888,0.007027354743303447,0.01651218790057759,0.00452431048799256,0.010630780375713439,0.005660773908150378,0.01330113048912718,0.007347104801076858,0.017263505178278182,0.007972466497020854,0.01873291866406971,0.4429914480752787,1.0408977910128117,0.037048781386354535,0.08705358731489492,0.03705627682685522,0.08707119936472958,0.0379029331861571,0.0890605893133918,0.03815264160031664,0.08964732961690168,0.03698977011757133,0.08691492843200185,0.038347516858686294,0.09010522835702714,0.037205723078838335,0.08742235348799819,0.03789724953711688,0.08904723443316427,0.03598709614128834,0.0845589436120835,0.03543338322379314,0.08325788338805393,0.03518971597495794,0.08268533802141824,0.035780360143342974,0.08407317567114667
0.42,9.355708909185052,0.051442690740257216,0.06497020075822953,78.0,4817.04,0.49079,0.9964832674081926,0.0007307812799011224,0.006920022690334671,0.9974489851090376,0.0004952914923180997,0.006926729063257205,0.9905601181638346,0.0016895994096569275,0.006878889709471074,0.9956893109124326,0.0012491967900090605,0.00691450910355856,0.9973610337665216,0.0004987885490295712,0.006926118290045289,0.9929283376039821,0.0016258049822151397,0.006895335677805431,0.988436127451802,0.003153348776950764,0.0068641397739708475,0.9919834592220812,0.0020896821372924507,0.0068887740223755635,0.9916716292678701,0.0021383273572445987,0.006886608536582431,0.9916670451269036,0.0016249168272073765,0.006886576702270164,0.9920447688715471,0.0017834096605063674,0.006889199783830189,0.9948770412465171,0.0010499162800148242,0.0069088683419897025,0.2662429509764148,0.004747528110043776,0.0018489093817806584,0.27091982386555186,0.004073423948997558,0.001881387665732999,0.2559719143802489,0.005122494536342715,0.0017775827387517286,0.253506090310782,0.0041843734913080185,0.0017604589604915415,0.26737771002306093,0.004348899987523034,0.001856789652937923,0.25729815999777716,0.004231603380771277,0.0017867927777623414,0.24357182415646197,0.0043414252185280874,0.0016914710010865414,0.2489302764804146,0.004141508574772963,0.0017286824755584347,0.27427322983368146,0.004729116474572869,0.0019046752071783435,0.267663125801215,0.004886944877781676,0.0018587717069528818,0.2808047215045419,0.004413383191807011,0.0019500327882259853,0.2698465181370528,0.005414878206823664,0.0018739341537295333,0.3862142148771933,0.9074882254952773,0.046938907738300915,0.11029243474029532,0.0024158024000773457,0.0056764151829329325,0.0030507120092054,0.007168263417262493,0.004491918816227545,0.01055466960713335,0.0024554308585192667,0.0057695302419993304,0.002353869789532793,0.0055308920181233795,0.004379007793088006,0.010289362375859281,0.006209526400646204,0.014590535193740381,0.00436796493748292,0.010263414958463868,0.0033991293418928663,0.00798694024165873,0.00396850811826248,0.009324810562062736,0.004511235688190075,0.010600058495434548,0.00533580158517601,0.012537542445624274,0.5257768900960385,1.235418890916268,0.04358955510940942,0.10242245492943525,0.0443493508751139,0.10420774838730869,0.044525421507382874,0.10462146186414281,0.04469513933603759,0.10502024814706032,0.04390312156955365,0.10315924259682238,0.045135998215646095,0.10605613503816548,0.04454781128910709,0.10467407117395963,0.04485448012685125,0.10539465148576312,0.04254209360651781,0.09996123277883165,0.04228666071163061,0.09936104165280588,0.04253008472997612,0.09993301550032864,0.042817173018812035,0.10060758736164406
0.43,9.864235645343504,0.03200813976898294,0.06850163642599655,78.0,5386.46,0.5468983333333334,0.9978168601740346,0.00057935406945541,0.006929283751208573,0.9986777099656046,0.00029883989661936845,0.006935261874761143,0.9950920322210323,0.0008288615534236501,0.006910361334868279,0.9973268206540001,0.000760480867406605,0.006925880698986112,0.9983931197028885,0.0002527357614694302,0.006933285553492281,0.994293459077218,0.0017954218523242266,0.006904815688036236,0.9961883274405023,0.0007300261069446291,0.006917974496114599,0.9959969166189433,0.00079309101942075,0.006916645254298217,0.9962563690965226,0.000775365358850343,0.00691844700761474,0.9965112434714142,0.0005915938866792256,0.006920216968551487,0.9954915400061354,0.0008849018416904764,0.006913135694487051,0.9965449642091734,0.0007519409481106614,0.006920451140341482,0.3353925091557797,0.004467000618480676,0.0023291146469151367,0.3458172169154538,0.0036325570717170106,0.0024015084508017624,0.33080161745319797,0.003728183541279455,0.002297233454536097,0.32892208640210335,0.004150726516057653,0.0022841811555701624,0.34169401191223003,0.004186928387209503,0.0023728750827238195,0.3263327682318456,0.0044539228917098135,0.0022661997793878164,0.3161501334919385,0.004037266728156045,0.002195487038138462,0.316580294450004,0.0039019663230896048,0.002198474267013917,0.34097739558382645,0.0040032053685907796,0.0023678985804432393,0.34195770265800746,0.004454771199585617,0.002374706268458385,0.33989467805034224,0.003953859238464448,0.0023603797086829323,0.34585773578754503,0.00397168584209959,0.0024017898318579515,0.3352477969238409,0.7877323428614771,0.02443793120405772,0.05742185028119121,0.0012093445412687531,0.0028415990129139813,0.0012904777521621407,0.003032237862407872,0.002447529118929821,0.005750963510475396,0.0012234314610361629,0.0028746990732690515,0.0010091234746492156,0.00237113921766509,0.0021005752122644898,0.004935725300798178,0.0037542274597577737,0.008821314918832132,0.0023203985618427342,0.005452244615072048,0.002218251518399772,0.0052122295259766915,0.0022585578150311173,0.0053069373026386575,0.0020262620607041583,0.00476111155681185,0.0025797522280115817,0.006061648384330259,0.5900837208630462,1.386520765192266,0.04896180804445249,0.11504564717647423,0.0493904914251751,0.11605292527625875,0.04960157646328634,0.11654891216458467,0.049795710822626404,0.1170050700129466,0.04938369931161137,0.11603696583497493,0.05031473768767521,0.11822462835804087,0.050620001641994074,0.11894190761276895,0.05036629531785439,0.11834577341309,0.04785068812474325,0.1124348467310012,0.04801902828004579,0.11283039589240032,0.047611408190189074,0.1118726102445108,0.04816827555339268,0.11318108247521459
0.44,10.31793734976694,0.018999726520560853,0.07165234270671486,78.0,5976.02,0.6075216666666666,0.9991971544976249,0.00013604825804060413,0.006938869128455729,0.998955255676234,0.00019644221354468079,0.006937189275529403,0.9975511554913266,0.0004448057680473308,0.0069274385798008785,0.9987379189237395,0.000266726799533735,0.006935679992525969,0.9991051209527082,0.00016749625471748134,0.006938230006616029,0.9975724539098192,0.000556964986999299,0.006927586485484856,0.9969456045708989,0.0006292227434298605,0.006923233365075687,0.9960926250422364,0.001163726775500654,0.006917309896126642,0.9969162205019032,0.0005732886594796408,0.006923029309040995,0.9982316770315738,0.00035884625851360593,0.006932164423830374,0.9972123294532949,0.0006135224112401474,0.006925085621203437,0.9978883918820111,0.0003728019197216632,0.0069297804991806326,0.4096890927524893,0.002892250634646733,0.002845063144114509,0.42064684921925777,0.003232597391959292,0.0029211586751337346,0.4062067896238061,0.0032745028889549998,0.0028208804834986534,0.40518890244291234,0.003032526857251215,0.0028138118225202245,0.4153786549704017,0.0028688712004181307,0.002884573992850012,0.40443614301502523,0.0034005102486742073,0.0028085843264932307,0.39683947246521173,0.0035801233284574537,0.002755829669897304,0.3966428305588612,0.003247750101430327,0.0027544641011032025,0.4151347492320305,0.003550536983666867,0.0028828802030002117,0.41531936641408845,0.0031673954116384255,0.0028841622667645033,0.41657086541819965,0.003029815897573228,0.002892853232070831,0.414943548451765,0.0029230506710296172,0.0028815524198039237,0.2846742385864335,0.6688995631638442,0.012472987568975191,0.029307801006737005,0.0006401004227132363,0.0015040450982145193,0.00047963687135387726,0.0011270036070667162,0.0014735567573103125,0.003462418925422822,0.0007644653769235275,0.0017962656516345564,0.0004371505458770629,0.0010271734127611314,0.0012076395783512139,0.002837592858523561,0.0016682425006604867,0.003919872361770981,0.0012050773844216106,0.0028315724669041335,0.0012436253736812725,0.002922148745617192,0.001149508517515712,0.0027010022018059106,0.0010950118030573404,0.002572951175214681,0.0011089724371095382,0.0026057545018007993,0.6293930079042317,1.478885866652431,0.05252330144406839,0.12341409453245326,0.05202212306347369,0.12223647480292803,0.05262605838051426,0.12365554268821898,0.05304565627321471,0.12464147260068831,0.05257951088370537,0.12354616995243352,0.05321645396940226,0.12504279625026243,0.054206046182739075,0.1273680428285908,0.05380462724440094,0.12642482803741978,0.05131039822444185,0.12056413368669208,0.05160231344988705,0.121250047409517,0.05131263743288479,0.12056939515874082,0.05114388135549926,0.12017286870448579
0.45,10.683195354214131,0.011633168463132696,0.07418885662648703,78.0,6591.28,0.6687183333333334,0.9994338986128013,0.00013330092688754674,0.00694051318481112,0.9995532913544761,9.082524646372222e-05,0.006941342301072751,0.998611828142566,0.0002537703225895059,0.006934804362101153,0.9991275879804057,0.00019241018654983673,0.006938386027641706,0.9994271798035378,0.00011935557164552421,0.006940466526413457,0.9984280943462858,0.00033681333022006493,0.006933528432960318,0.99832021696974,0.0002800462655564101,0.006932779284512084,0.99805112721653,0.00034050496050468484,0.006930910605670347,0.9987957775117559,0.00022436530895194725,0.006936081788276083,0.9989312681442186,0.0002422518537234251,0.006937022695445962,0.998432862014699,0.0003120349643613679,0.006933561541768743,0.9984824099558632,0.00030134690917828883,0.006933905624693495,0.4921642102384471,0.0028610222608814644,0.0034178070155447713,0.49524638763524237,0.002579500610030358,0.0034392110252447388,0.4833387454492773,0.00282151825998612,0.0033565190656199813,0.48425120105502034,0.0028944190022165694,0.0033628555628820857,0.49585804355804164,0.0029813840142108197,0.0034434586358197336,0.4849373474522454,0.0026584972900335294,0.003367620468418371,0.4761852180198659,0.0025910682368415973,0.0033068417918046245,0.47788456586066713,0.002975719281211007,0.003318642818476855,0.49247291041174734,0.0026673991115145883,0.0034199507667482454,0.49042455584430855,0.002797554572323163,0.0034057260822521426,0.49457288441822855,0.0033469543780623146,0.0034345339195710318,0.4923689584968485,0.002995720448973631,0.0034192288784503366,0.23582672536140561,0.5541224747272289,0.00687802931117851,0.016161317667943962,0.0003291184804863839,0.0007733302771604631,0.00024062220139454816,0.0005653904132651862,0.0007959059350474386,0.0018701415868057195,0.00043021811504178546,0.0010108842677355526,0.0002529929151458554,0.0005944579013012066,0.0007162479257520768,0.0016829690211223973,0.0008492425007281103,0.0019954666097569225,0.0007655830675071682,0.0017988918911807197,0.000736253591313185,0.0017299763689634779,0.0005935323408431638,0.0013946239936743134,0.0007381432085436327,0.0017344164059203504,0.00043016902937516153,0.0010107689310576524,0.6357428322347058,1.493806060140651,0.05320381347092035,0.12501309484856657,0.0520484118540465,0.12229824562074976,0.05311885122717809,0.1248134589137984,0.05369197096494006,0.12616011937781915,0.05274445144843358,0.12393373108983233,0.05342916628192847,0.12554260674816653,0.05457316874170684,0.1282306713563442,0.05421716554216776,0.12739417000715617,0.05222997850641958,0.12272487310576752,0.052514761975673556,0.12339402932842455,0.052228417983990374,0.12272120634344863,0.05174267423730071,0.12157985340057728
0.46,10.999720816565354,0.005242920623953779,0.07638695011503718,78.0,7214.26,0.7316783333333333,0.9997599820882036,5.863973377943676e-05,0.006942777653390303,0.9997750973356554,5.247103569638323e-05,0.006942882620386496,0.9991825528040325,0.00011483071462393408,0.006938767727805781,0.9997372699325403,6.938728675803681e-05,0.006942619930087085,0.9997141810651631,4.7108114790819276e-05,0.0069424595907302995,0.9987868795800342,0.00027688960927865086,0.006936019997083571,0.999183497274769,0.00014075682780704675,0.00693877428663034,0.9990520994578805,0.00017925688245013044,0.006937861801790837,0.9992050741958987,0.0001624579848186956,0.006938924126360407,0.9990244155897733,0.00016265006019280725,0.006937669552706759,0.9989574422772367,0.00021429583266033357,0.006937204460258588,0.9983091096007252,0.0003444878826507038,0.006932702150005036,0.5728840162549427,0.0018196377927969575,0.0039783612239926575,0.5765694205948789,0.0020461272244834457,0.004003954309686659,0.5651439696782032,0.002115615693497904,0.003924610900543078,0.5659328112836698,0.001977051721080123,0.003930088967247707,0.5758936544888439,0.0018953703949614585,0.00399926148950586,0.5677739165094593,0.0017949392647391331,0.0039428744202045785,0.5622019929972947,0.0016079740443062172,0.0039041805069256574,0.5605630569422335,0.00189412345471927,0.0038927990065432882,0.5745573185086158,0.0018426717500821216,0.003989981378532054,0.5741387885750465,0.001934172683936342,0.003987074920660045,0.5771490401170116,0.0018238424216170314,0.004007979445257025,0.5718051959523645,0.0021413316587984275,0.003970869416335864,0.18658648457539628,0.43842259364422803,0.0037816976866348693,0.00888586175963284,0.00016399978989387978,0.00038535059710248856,0.0001321242535922325,0.0003104525929358368,0.0003859543509399408,0.000906877622741149,0.00023995384344820277,0.0005638199714135896,0.00014528691929790695,0.0003413809318832477,0.000404171800994366,0.0009496831974354827,0.00041211130712986364,0.0009683386690796391,0.0004930923140686388,0.0011586198846715034,0.0004037267027794944,0.0009486373493707932,0.00026351307293341766,0.0006191771347079855,0.00042790955054787674,0.0010054598296508881,0.00030985378100904944,0.0007280639786402363,0.5991891671393921,1.4079158484527077,0.049940854744475516,0.11734611494347087,0.049107327916688454,0.11538757547828907,0.05040049641508363,0.11842613579189168,0.050600120396238665,0.11889519261436593,0.04949948855693249,0.11630903603001244,0.0500678342749849,0.1176444789714568,0.05120276954788767,0.12031123839455579,0.05096132321524396,0.11974391151863317,0.04936388911836216,0.11599041778877171,0.049638456038484935,0.11663556816782016,0.04927244326434385,0.11577554730344179,0.04913416365066594,0.11545063144999854
0.47000000000000003,11.224656986130269,0.0030158418987061755,0.07794900684812686,78.0,7873.14,0.7979616666666668,0.9998140672419953,3.873558622144134e-05,0.006943153244736078,0.9997772669067733,4.384907652825927e-05,0.006942897686852592,0.9992425210971823,0.00013699919766920797,0.006939184174285988,0.9998086397109509,3.346117459512428e-05,0.00694311555354827,0.9998007501354123,4.1245249549490815e-05,0.006943060764829252,0.9990734992924923,0.0002016892496681028,0.006938010411753419,0.9994781604852022,8.78436306366165e-05,0.006940820558925015,0.9992106045674239,0.00013612542213595004,0.0069389625317182214,0.9994772806246508,0.00010686986503281184,0.006940814448782297,0.9994687812791576,0.00010523980986052508,0.0069407554255497056,0.9995634893137884,8.422548527417364e-05,0.006941413120234641,0.9993605781402902,0.0001417064963733837,0.006940004014863127,0.6442566983509174,0.0014032358404465052,0.004474004849659149,0.647470430543024,0.00154996887715583,0.004496322434326555,0.6383788674782939,0.0014173712746583444,0.004433186579710374,0.6414537990339653,0.0015248614626729572,0.004454540271069203,0.6458822176098826,0.0014928403598037118,0.004485293177846407,0.6357751056152915,0.0013400938615408075,0.0044151049001061905,0.6331129250028341,0.0016529826834324225,0.004396617534741904,0.6334423165608992,0.0015387521861967306,0.004398904976117356,0.6444208222169274,0.0015961701598191508,0.0044751445987286625,0.6463247505400428,0.001574708820581505,0.0044883663231947415,0.6452418526277516,0.0014625558708245417,0.00448084619880383,0.6431592079340256,0.001515031725106588,0.004466383388430733,0.15645801699028528,0.36762967993855766,0.002244042190721021,0.005272829914459499,7.834100384317914e-05,0.00018407799563713973,7.035485882225491e-05,0.0001653129365212008,0.00021147436388903781,0.0004969016877963135,0.0001194534695168059,0.0002806800291271769,8.04712585307109e-05,0.00018908345885359823,0.00024058156917362692,0.0005652949396636423,0.00023734695437411924,0.0005576945595339276,0.0003096896591930107,0.0007276783413180848,0.00023114553561090178,0.0005431230748702292,0.00016261243793724226,0.0003820907337500568,0.000247420854348442,0.0005813652201656758,0.00025515022548168914,0.0005995269372224527,0.6274355002492642,1.4742863074446872,0.05200558100273922,0.12219760589348945,0.051583522159194865,0.12120589348045865,0.05309768763523469,0.12476373078428372,0.05285652914071051,0.12419708024210094,0.051765525499898504,0.121633547052821,0.052448806991095054,0.12323905478421533,0.053463331021015484,0.12562288369617694,0.053258040391912495,0.12514051194097184,0.051691604317005466,0.12145985431830722,0.0519081005294104,0.12196855585246562,0.05139801138410631,0.120769998483303,0.05195876017694128,0.12208759091609378
0.48,11.383928015382327,0.002048081920947249,0.07905505566237728,78.0,8527.34,0.8641783333333335,0.9998939491053211,2.1160980971354424e-05,0.006943707979898063,0.9998471153680041,3.254537228619863e-05,0.006943382745611139,0.9996262276225526,6.585306755446557e-05,0.006941848802934393,0.9998782243228121,2.0307849631637222e-05,0.006943598780019529,0.9998852290371445,1.973023157241814e-05,0.006943647423869059,0.9995045520684975,9.23515129110821e-05,0.006941003833809011,0.9993930415735349,9.406289907162694e-05,0.006940229455371771,0.9994810476036171,0.00014247951790886634,0.006940840608358452,0.9997357919104602,4.7515829391626824e-05,0.006942609666044863,0.9995508506696725,7.27420716027526e-05,0.006941325351872726,0.9995433165738082,8.102991984646594e-05,0.006941273031762557,0.9995543591882591,7.099418731166854e-05,0.006941349716585133,0.7011675707474889,0.0009802459077472403,0.004869219241302006,0.7048630891160559,0.0011631681350423079,0.004894882563305943,0.69978367802972,0.0011498285394250939,0.004859608875206389,0.6986507347767902,0.0011957720752605022,0.00485174121372771,0.705107481134271,0.0012916937729379454,0.004896579730099104,0.6966219282696039,0.0012409302479352486,0.004837652279650027,0.6934577338555473,0.0014599290243460343,0.0048156787073301895,0.6926747103448687,0.0012332077992854734,0.004810241044061588,0.7023422809007056,0.0010353040418441448,0.004877376950699345,0.7024728161246877,0.0012483310996192164,0.004878283445310331,0.7027146170971307,0.0012222970585797747,0.004879962618730074,0.702690395073728,0.0012761484017914993,0.004879794410234222,0.16796688930823084,0.39467209763047284,0.001603131054096845,0.0037668798803309643,5.1381596493231e-05,0.00012073142838510795,4.6785505063549035e-05,0.00010993198420343178,0.00016290366052141195,0.00038277501997244847,6.498081595497755e-05,0.00015268553846721716,5.380237707483217e-05,0.00012641954080999426,0.00021086936180104057,0.0004954801133174142,0.00015493668963848382,0.0003640550143625567,0.00019697277422506994,0.0004628272768500478,0.00013728121283981896,0.0003225699092237206,0.00014315072892330676,0.00033636152157235993,0.00016145839199001384,0.0003793790699416095,0.00021860793957110945,0.0005136634632250556,0.8466460073731333,1.9893656247168778,0.07007221807359097,0.16464881505291343,0.06953983414335693,0.16339787158806993,0.07135663749614327,0.16766681764749497,0.07099243536869881,0.16681105126287016,0.06966840150929803,0.16369996655578514,0.0712194658218541,0.16734450512119795,0.07212264388142191,0.1694667042091939,0.07208422910299828,0.16937644093621848,0.06989773621609682,0.16423883472298478,0.06987374846791601,0.16418247066855152,0.06960093741425433,0.16354144605204005,0.07021771987750376,0.16499070089955728
0.49,11.485652730474724,0.0020147240934204522,0.07976147729496336,78.0,9193.3,0.9314933333333336,0.9999138082543039,1.5904628561584284e-05,0.006943845890654888,0.9998707001305808,1.740970802789502e-05,0.006943546528684588,0.9996844388257113,5.204900404274534e-05,0.006942253047400773,0.9999037100169411,1.9933042569895055e-05,0.006943775764006535,0.9998515998184686,2.503394086575213e-05,0.006943413887628255,0.9996145859492223,7.474867902660404e-05,0.00694176795798071,0.9996594914851121,5.847024442029881e-05,0.006942079801979945,0.9996820695750528,5.728785789946098e-05,0.0069422365942712,0.9997188161896631,3.9384007548129555e-05,0.006942491779094883,0.9996281287757729,7.027277598167867e-05,0.006941862005387312,0.9996597267171307,5.568322507165797e-05,0.006942081435535629,0.9994881032315773,0.00010195083598161535,0.006940889605774842,0.7427175319176456,0.0011740030319727696,0.005157760638316983,0.7457985909068596,0.0011538168800969144,0.005179156881297636,0.7399484636623049,0.0012971720994447977,0.005138530997654895,0.7391483464469644,0.0012082020673667877,0.005132974628103919,0.7452147548764998,0.0011649788529483358,0.005175102464420138,0.7380439458042051,0.0012497560132931974,0.005125305179195868,0.7362339834265795,0.0011344128807992085,0.005112735996017913,0.7343185312166483,0.001332728163730141,0.005099434244560057,0.7421785145840636,0.0011609348129534628,0.00515401746238933,0.7424791943628702,0.0011390920824347647,0.005156105516408821,0.7434109676852267,0.0011971306563909807,0.005162576164480741,0.7423410654945262,0.0011953778702409592,0.005155146288156432,0.22532786491167234,0.5294532837129091,0.0016463346929755816,0.0038683955472089172,4.5090748454771464e-05,0.00010594981159480579,5.761333304269982e-05,0.00013537415080491777,0.00016752293416865768,0.00039362893545183875,4.9157481950959736e-05,0.00011550542250154467,5.815822977809726e-05,0.00013665449563024021,0.0002159982214929131,0.0005075314040294136,0.0001711470936461324,0.0004021446294020762,0.00018658633872784949,0.0004384222509459887,0.00013478070892076793,0.00031669447073147053,0.00017067150499514009,0.00040102713790557095,0.0001616527422471839,0.00037983573508548545,0.0002279553555504088,0.0005356271031255648,1.2880061419209463,3.026430315441713,0.1066897113378727,0.25068900390265475,0.10553893427698771,0.2479850210022448,0.10797596777224336,0.25371132292716314,0.1079191641707932,0.2535778514041169,0.10575879353845863,0.24850162469875656,0.10861328057499722,0.25520881794981637,0.1095571279158805,0.2574265777202302,0.109950955415881,0.2583519548952789,0.10660503151696996,0.25049003157733335,0.10641779709274729,0.2500500865187511,0.10622276812084551,0.24959182659766663,0.10675661018726934,0.2508461962477007
0.5,12.0,0.0,0.08333333333333333,78.0,4096.0,1.0,1.0,0.0,0.006944444444444444,1.0,0.0,0.006944444444444444,1.0,0.0,0.006944444444444444,1.0,0.0,0.006944444444444444,1.0,0.0,0.006944444444444444,1.0,0.0,0.006944444444444444,1.0,0.0,0.006944444444444444,1.0,0.0,0.006944444444444444,1.0,0.0,0.006944444444444444,1.0,0.0,0.006944444444444444,1.0,0.0,0.006944444444444444,1.0,0.0,0.006944444444444444,1.0,0.0,0.006944444444444444,1.0,0.0,0.006944444444444444,1.0,0.0,0.006944444444444444,1.0,0.0,0.006944444444444444,1.0,0.0,0.006944444444444444,1.0,0.0,0.006944444444444444,1.0,0.0,0.006944444444444444,1.0,0.0,0.006944444444444444,1.0,0.0,0.006944444444444444,1.0,0.0,0.006944444444444444,1.0,0.0,0.006944444444444444,1.0,0.0,0.006944444444444444,0.0,0.0,0.0,0.0,0.0,0.0,0.0,0.0,0.0,0.0,0.0,0.0,0.0,0.0,0.0,0.0,0.0,0.0,0.0,0.0,0.0,0.0,0.0,0.0,0.0,0.0,0.0,0.0,0.0,0.0,0.0,0.0,0.0,0.0,0.0,0.0,0.0,0.0,0.0,0.0,0.0,0.0,0.0,0.0,0.0,0.0,0.0,0.0,0.0,0.0,0.0,0.0,0.0,0.0
