p,dual_primal_residual_total,dual_primal_residual_total_dp,dual_primal_residual_total_norm,dual_primal_residual_total_norm_dp,dual_primal_residual_total_norm_stderr,dual_primal_residual_total_stderr,dual_primal_x_residual,dual_primal_x_residual_component_norm,dual_primal_x_residual_component_norm_dp,dual_primal_x_residual_component_norm_stderr,dual_primal_x_residual_dp,dual_primal_x_residual_norm,dual_primal_x_residual_norm_dp,dual_primal_x_residual_norm_stderr,dual_primal_x_residual_stderr,dual_primal_z_residual,dual_primal_z_residual_component_norm,dual_primal_z_residual_component_norm_dp,dual_primal_z_residual_component_norm_stderr,dual_primal_z_residual_dp,dual_primal_z_residual_norm,dual_primal_z_residual_norm_dp,dual_primal_z_residual_norm_stderr,dual_primal_z_residual_stderr,exact_class_total,exact_class_total_dp,exact_class_total_logical_norm,exact_class_total_logical_norm_dp,exact_class_total_logical_norm_stderr,exact_class_total_norm,exact_class_total_norm_dp,exact_class_total_norm_stderr,exact_class_total_stderr,exact_error_total,exact_error_total_dp,exact_error_total_norm,exact_error_total_norm_dp,exact_error_total_norm_stderr,exact_error_total_stderr,exact_saved_by_stabilizers_total,exact_saved_by_stabilizers_total_dp,exact_saved_by_stabilizers_total_norm,exact_saved_by_stabilizers_total_norm_dp,exact_saved_by_stabilizers_total_norm_stderr,exact_saved_by_stabilizers_total_stderr,exact_stabilizer_total,exact_stabilizer_total_dp,exact_stabilizer_total_norm,exact_stabilizer_total_norm_dp,exact_stabilizer_total_norm_stderr,exact_stabilizer_total_stderr,exact_x_class,exact_x_class_component_norm,exact_x_class_component_norm_dp,exact_x_class_component_norm_stderr,exact_x_class_dp,exact_x_class_logical_norm,exact_x_class_logical_norm_dp,exact_x_class_logical_norm_stderr,exact_x_class_norm,exact_x_class_norm_dp,exact_x_class_norm_stderr,exact_x_class_stderr,exact_x_error,exact_x_error_component_norm,exact_x_error_component_norm_dp,exact_x_error_component_norm_stderr,exact_x_error_dp,exact_x_error_norm,exact_x_error_norm_dp,exact_x_error_norm_stderr,exact_x_error_stderr,exact_x_saved_by_stabilizers,exact_x_saved_by_stabilizers_component_norm,exact_x_saved_by_stabilizers_component_norm_dp,exact_x_saved_by_stabilizers_component_norm_stderr,exact_x_saved_by_stabilizers_dp,exact_x_saved_by_stabilizers_norm,exact_x_saved_by_stabilizers_norm_dp,exact_x_saved_by_stabilizers_norm_stderr,exact_x_saved_by_stabilizers_stderr,exact_x_stabilizer,exact_x_stabilizer_component_norm,exact_x_stabilizer_component_norm_dp,exact_x_stabilizer_component_norm_stderr,exact_x_stabilizer_dp,exact_x_stabilizer_norm,exact_x_stabilizer_norm_dp,exact_x_stabilizer_norm_stderr,exact_x_stabilizer_stderr,exact_z_class,exact_z_class_component_norm,exact_z_class_component_norm_dp,exact_z_class_component_norm_stderr,exact_z_class_dp,exact_z_class_logical_norm,exact_z_class_logical_norm_dp,exact_z_class_logical_norm_stderr,exact_z_class_norm,exact_z_class_norm_dp,exact_z_class_norm_stderr,exact_z_class_stderr,exact_z_error,exact_z_error_component_norm,exact_z_error_component_norm_dp,exact_z_error_component_norm_stderr,exact_z_error_dp,exact_z_error_norm,exact_z_error_norm_dp,exact_z_error_norm_stderr,exact_z_error_stderr,exact_z_saved_by_stabilizers,exact_z_saved_by_stabilizers_component_norm,exact_z_saved_by_stabilizers_component_norm_dp,exact_z_saved_by_stabilizers_component_norm_stderr,exact_z_saved_by_stabilizers_dp,exact_z_saved_by_stabilizers_norm,exact_z_saved_by_stabilizers_norm_dp,exact_z_saved_by_stabilizers_norm_stderr,exact_z_saved_by_stabilizers_stderr,exact_z_stabilizer,exact_z_stabilizer_component_norm,exact_z_stabilizer_component_norm_dp,exact_z_stabilizer_component_norm_stderr,exact_z_stabilizer_dp,exact_z_stabilizer_norm,exact_z_stabilizer_norm_dp,exact_z_stabilizer_norm_stderr,exact_z_stabilizer_stderr,peel_aided_guess_total,peel_aided_guess_total_dp,peel_aided_guess_total_logical_norm,peel_aided_guess_total_logical_norm_dp,peel_aided_guess_total_logical_norm_stderr,peel_aided_guess_total_norm,peel_aided_guess_total_norm_dp,peel_aided_guess_total_norm_stderr,peel_aided_guess_total_stderr,peel_residual_qubits_total,peel_residual_qubits_total_dp,peel_residual_qubits_total_norm,peel_residual_qubits_total_norm_dp,peel_residual_qubits_total_norm_stderr,peel_residual_qubits_total_stderr,peel_saved_guess_total,peel_saved_guess_total_dp,peel_saved_guess_total_norm,peel_saved_guess_total_norm_dp,peel_saved_guess_total_norm_stderr,peel_saved_guess_total_stderr,peel_stabilizer_found_total,peel_stabilizer_found_total_dp,peel_stabilizer_found_total_norm,peel_stabilizer_found_total_norm_dp,peel_stabilizer_found_total_norm_stderr,peel_stabilizer_found_total_stderr,peel_unassisted_guess_total,peel_unassisted_guess_total_dp,peel_unassisted_guess_total_norm,peel_unassisted_guess_total_norm_dp,peel_unassisted_guess_total_norm_stderr,peel_unassisted_guess_total_stderr,peel_x_aided_guess,peel_x_aided_guess_component_norm,peel_x_aided_guess_component_norm_dp,peel_x_aided_guess_component_norm_stderr,peel_x_aided_guess_dp,peel_x_aided_guess_logical_norm,peel_x_aided_guess_logical_norm_dp,peel_x_aided_guess_logical_norm_stderr,peel_x_aided_guess_norm,peel_x_aided_guess_norm_dp,peel_x_aided_guess_norm_stderr,peel_x_aided_guess_stderr,peel_x_residual_qubits,peel_x_residual_qubits_component_norm,peel_x_residual_qubits_component_norm_dp,peel_x_residual_qubits_component_norm_stderr,peel_x_residual_qubits_dp,peel_x_residual_qubits_norm,peel_x_residual_qubits_norm_dp,peel_x_residual_qubits_norm_stderr,peel_x_residual_qubits_stderr,peel_x_saved_guess,peel_x_saved_guess_component_norm,peel_x_saved_guess_component_norm_dp,peel_x_saved_guess_component_norm_stderr,peel_x_saved_guess_dp,peel_x_saved_guess_norm,peel_x_saved_guess_norm_dp,peel_x_saved_guess_norm_stderr,peel_x_saved_guess_stderr,peel_x_stabilizer_found,peel_x_stabilizer_found_component_norm,peel_x_stabilizer_found_component_norm_dp,peel_x_stabilizer_found_component_norm_stderr,peel_x_stabilizer_found_dp,peel_x_stabilizer_found_norm,peel_x_stabilizer_found_norm_dp,peel_x_stabilizer_found_norm_stderr,peel_x_stabilizer_found_stderr,peel_x_unassisted_guess,peel_x_unassisted_guess_component_norm,peel_x_unassisted_guess_component_norm_dp,peel_x_unassisted_guess_component_norm_stderr,peel_x_unassisted_guess_dp,peel_x_unassisted_guess_norm,peel_x_unassisted_guess_norm_dp,peel_x_unassisted_guess_norm_stderr,peel_x_unassisted_guess_stderr,peel_z_aided_guess,peel_z_aided_guess_component_norm,peel_z_aided_guess_component_norm_dp,peel_z_aided_guess_component_norm_stderr,peel_z_aided_guess_dp,peel_z_aided_guess_logical_norm,peel_z_aided_guess_logical_norm_dp,peel_z_aided_guess_logical_norm_stderr,peel_z_aided_guess_norm,peel_z_aided_guess_norm_dp,peel_z_aided_guess_norm_stderr,peel_z_aided_guess_stderr,peel_z_residual_qubits,peel_z_residual_qubits_component_norm,peel_z_residual_qubits_component_norm_dp,peel_z_residual_qubits_component_norm_stderr,peel_z_residual_qubits_dp,peel_z_residual_qubits_norm,peel_z_residual_qubits_norm_dp,peel_z_residual_qubits_norm_stderr,peel_z_residual_qubits_stderr,peel_z_saved_guess,peel_z_saved_guess_component_norm,peel_z_saved_guess_component_norm_dp,peel_z_saved_guess_component_norm_stderr,peel_z_saved_guess_dp,peel_z_saved_guess_norm,peel_z_saved_guess_norm_dp,peel_z_saved_guess_norm_stderr,peel_z_saved_guess_stderr,peel_z_stabilizer_found,peel_z_stabilizer_found_component_norm,peel_z_stabilizer_found_component_norm_dp,peel_z_stabilizer_found_component_norm_stderr,peel_z_stabilizer_found_dp,peel_z_stabilizer_found_norm,peel_z_stabilizer_found_norm_dp,peel_z_stabilizer_found_norm_stderr,peel_z_stabilizer_found_stderr,peel_z_unassisted_guess,peel_z_unassisted_guess_component_norm,peel_z_unassisted_guess_component_norm_dp,peel_z_unassisted_guess_component_norm_stderr,peel_z_unassisted_guess_dp,peel_z_unassisted_guess_norm,peel_z_unassisted_guess_norm_dp,peel_z_unassisted_guess_norm_stderr,peel_z_unassisted_guess_stderr,runs
0.0,0.0,0.0,0.0,0.0,0.0,0.0,0.0,0.0,0.0,0.0,0.0,0.0,0.0,0.0,0.0,0.0,0.0,0.0,0.0,0.0,0.0,0.0,0.0,0.0,0.0,0.0,0.0,0.0,0.0,0.0,0.0,0.0,0.0,0.0,0.0,0.0,0.0,0.0,0.0,0.0,0.0,0.0,0.0,0.0,0.0,0.0,0.0,0.0,0.0,0.0,0.0,0.0,0.0,0.0,0.0,0.0,0.0,0.0,0.0,0.0,0.0,0.0,0.0,0.0,0.0,0.0,0.0,0.0,0.0,0.0,0.0,0.0,0.0,0.0,0.0,0.0,0.0,0.0,0.0,0.0,0.0,0.0,0.0,0.0,0.0,0.0,0.0,0.0,0.0,0.0,0.0,0.0,0.0,0.0,0.0,0.0,0.0,0.0,0.0,0.0,0.0,0.0,0.0,0.0,0.0,0.0,0.0,0.0,0.0,0.0,0.0,0.0,0.0,0.0,0.0,0.0,0.0,0.0,0.0,0.0,0.0,0.0,0.0,0.0,0.0,0.0,0.0,0.0,0.0,0.0,0.0,0.0,0.0,0.0,0.0,0.0,0.0,0.0,0.0,0.0,0.0,0.0,0.0,0.0,0.0,0.0,0.0,0.0,0.0,0.0,0.0,0.0,0.0,0.0,0.0,0.0,0.0,0.0,0.0,0.0,0.0,0.0,0.0,0.0,0.0,0.0,0.0,0.0,0.0,0.0,0.0,0.0,0.0,0.0,0.0,0.0,0.0,0.0,0.0,0.0,0.0,0.0,0.0,0.0,0.0,0.0,0.0,0.0,0.0,0.0,0.0,0.0,0.0,0.0,0.0,0.0,0.0,0.0,0.0,0.0,0.0,0.0,0.0,0.0,0.0,0.0,0.0,0.0,0.0,0.0,0.0,0.0,0.0,0.0,0.0,0.0,0.0,0.0,0.0,0.0,0.0,0.0,0.0,0.0,0.0,0.0,0.0,0.0,0.0,0.0,0.0,0.0,0.0,0.0,0.0,0.0,0.0,0.0,0.0,0.0,0.0,0.0,0.0,0.0,0.0,0.0,0.0,0.0,0.0,0.0,0.0,0.0,0.0,0.0,0.0,0.0,0.0,0.0,100
0.02,0.0,0.0,0.0,0.0,0.0,0.0,0.0,0.0,0.0,0.0,0.0,0.0,0.0,0.0,0.0,0.0,0.0,0.0,0.0,0.0,0.0,0.0,0.0,0.0,0.0,0.0,0.0,0.0,0.0,0.0,0.0,0.0,0.0,0.0,0.0,0.0,0.0,0.0,0.0,0.0,0.0,0.0,0.0,0.0,0.0,0.0,0.0,0.0,0.0,0.0,0.0,0.0,0.0,0.0,0.0,0.0,0.0,0.0,0.0,0.0,0.0,0.0,0.0,0.0,0.0,0.0,0.0,0.0,0.0,0.0,0.0,0.0,0.0,0.0,0.0,0.0,0.0,0.0,0.0,0.0,0.0,0.0,0.0,0.0,0.0,0.0,0.0,0.0,0.0,0.0,0.0,0.0,0.0,0.0,0.0,0.0,0.0,0.0,0.0,0.0,0.0,0.0,0.0,0.0,0.0,0.0,0.0,0.0,0.0,0.0,0.0,0.0,0.0,0.0,0.0,0.0,0.0,0.0,0.0,0.0,0.0,0.0,0.0,0.0,0.0,0.0,0.0,0.0,0.0,0.0,0.0,0.0,0.0,0.0,0.0,0.0,0.0,0.0,0.0,0.0,0.0,0.0,0.0,0.0,0.0,0.0,0.0,0.0,0.0,0.0,0.0,0.0,0.0,0.0,0.0,0.0,0.0,0.0,0.0,0.0,0.0,0.0,0.0,0.0,0.0,0.0,0.0,0.0,0.0,0.0,0.0,0.0,0.0,0.0,0.0,0.0,0.0,0.0,0.0,0.0,0.0,0.0,0.0,0.0,0.0,0.0,0.0,0.0,0.0,0.0,0.0,0.0,0.0,0.0,0.0,0.0,0.0,0.0,0.0,0.0,0.0,0.0,0.0,0.0,0.0,0.0,0.0,0.0,0.0,0.0,0.0,0.0,0.0,0.0,0.0,0.0,0.0,0.0,0.0,0.0,0.0,0.0,0.0,0.0,0.0,0.0,0.0,0.0,0.0,0.0,0.0,0.0,0.0,0.0,0.0,0.0,0.0,0.0,0.0,0.0,0.0,0.0,0.0,0.0,0.0,0.0,0.0,0.0,0.0,0.0,0.0,0.0,0.0,0.0,0.0,0.0,0.0,0.0,100
0.04,0.0,0.0,0.0,0.0,0.0,0.0,0.0,0.0,0.0,0.0,0.0,0.0,0.0,0.0,0.0,0.0,0.0,0.0,0.0,0.0,0.0,0.0,0.0,0.0,0.0,0.0,0.0,0.0,0.0,0.0,0.0,0.0,0.0,0.0,0.0,0.0,0.0,0.0,0.0,0.0,0.0,0.0,0.0,0.0,0.0,0.0,0.0,0.0,0.0,0.0,0.0,0.0,0.0,0.0,0.0,0.0,0.0,0.0,0.0,0.0,0.0,0.0,0.0,0.0,0.0,0.0,0.0,0.0,0.0,0.0,0.0,0.0,0.0,0.0,0.0,0.0,0.0,0.0,0.0,0.0,0.0,0.0,0.0,0.0,0.0,0.0,0.0,0.0,0.0,0.0,0.0,0.0,0.0,0.0,0.0,0.0,0.0,0.0,0.0,0.0,0.0,0.0,0.0,0.0,0.0,0.0,0.0,0.0,0.0,0.0,0.0,0.0,0.0,0.0,0.0,0.0,0.0,0.0,0.0,0.0,0.0,0.0,0.0,0.0,0.0,0.0,0.0,0.0,0.0,0.0,0.0,0.0,0.0,0.0,0.0,0.0,0.0,0.0,0.0,0.0,0.0,0.0,0.0,0.0,0.0,0.0,0.0,0.0,0.0,0.0,0.0,0.0,0.0,0.0,0.0,0.0,0.0,0.0,0.0,0.0,0.0,0.0,0.0,0.0,0.0,0.0,0.0,0.0,0.0,0.0,0.0,0.0,0.0,0.0,0.0,0.0,0.0,0.0,0.0,0.0,0.0,0.0,0.0,0.0,0.0,0.0,0.0,0.0,0.0,0.0,0.0,0.0,0.0,0.0,0.0,0.0,0.0,0.0,0.0,0.0,0.0,0.0,0.0,0.0,0.0,0.0,0.0,0.0,0.0,0.0,0.0,0.0,0.0,0.0,0.0,0.0,0.0,0.0,0.0,0.0,0.0,0.0,0.0,0.0,0.0,0.0,0.0,0.0,0.0,0.0,0.0,0.0,0.0,0.0,0.0,0.0,0.0,0.0,0.0,0.0,0.0,0.0,0.0,0.0,0.0,0.0,0.0,0.0,0.0,0.0,0.0,0.0,0.0,0.0,0.0,0.0,0.0,0.0,100
0.06,0.0,0.0,0.0,0.0,0.0,0.0,0.0,0.0,0.0,0.0,0.0,0.0,0.0,0.0,0.0,0.0,0.0,0.0,0.0,0.0,0.0,0.0,0.0,0.0,0.0,0.0,0.0,0.0,0.0,0.0,0.0,0.0,0.0,0.0,0.0,0.0,0.0,0.0,0.0,0.0,0.0,0.0,0.0,0.0,0.0,0.0,0.0,0.0,0.0,0.0,0.0,0.0,0.0,0.0,0.0,0.0,0.0,0.0,0.0,0.0,0.0,0.0,0.0,0.0,0.0,0.0,0.0,0.0,0.0,0.0,0.0,0.0,0.0,0.0,0.0,0.0,0.0,0.0,0.0,0.0,0.0,0.0,0.0,0.0,0.0,0.0,0.0,0.0,0.0,0.0,0.0,0.0,0.0,0.0,0.0,0.0,0.0,0.0,0.0,0.0,0.0,0.0,0.0,0.0,0.0,0.0,0.0,0.0,0.0,0.0,0.0,0.0,0.0,0.0,0.0,0.0,0.0,0.0,0.0,0.0,0.0,0.0,0.0,0.0,0.0,0.0,0.0,0.0,0.0,0.0,0.0,0.0,0.0,0.0,0.0,0.0,0.0,0.0,0.0,0.0,0.0,0.0,0.0,0.0,0.0,0.0,0.0,0.0,0.0,0.0,0.0,0.0,0.0,0.0,0.0,0.0,0.0,0.0,0.0,0.0,0.0,0.0,0.0,0.0,0.0,0.0,0.0,0.0,0.0,0.0,0.0,0.0,0.0,0.0,0.0,0.0,0.0,0.0,0.0,0.0,0.0,0.0,0.0,0.0,0.0,0.0,0.0,0.0,0.0,0.0,0.0,0.0,0.0,0.0,0.0,0.0,0.0,0.0,0.0,0.0,0.0,0.0,0.0,0.0,0.0,0.0,0.0,0.0,0.0,0.0,0.0,0.0,0.0,0.0,0.0,0.0,0.0,0.0,0.0,0.0,0.0,0.0,0.0,0.0,0.0,0.0,0.0,0.0,0.0,0.0,0.0,0.0,0.0,0.0,0.0,0.0,0.0,0.0,0.0,0.0,0.0,0.0,0.0,0.0,0.0,0.0,0.0,0.0,0.0,0.0,0.0,0.0,0.0,0.0,0.0,0.0,0.0,0.0,100
0.08,0.0,0.0,0.0,0.0,0.0,0.0,0.0,0.0,0.0,0.0,0.0,0.0,0.0,0.0,0.0,0.0,0.0,0.0,0.0,0.0,0.0,0.0,0.0,0.0,0.0,0.0,0.0,0.0,0.0,0.0,0.0,0.0,0.0,0.0,0.0,0.0,0.0,0.0,0.0,0.0,0.0,0.0,0.0,0.0,0.0,0.0,0.0,0.0,0.0,0.0,0.0,0.0,0.0,0.0,0.0,0.0,0.0,0.0,0.0,0.0,0.0,0.0,0.0,0.0,0.0,0.0,0.0,0.0,0.0,0.0,0.0,0.0,0.0,0.0,0.0,0.0,0.0,0.0,0.0,0.0,0.0,0.0,0.0,0.0,0.0,0.0,0.0,0.0,0.0,0.0,0.0,0.0,0.0,0.0,0.0,0.0,0.0,0.0,0.0,0.0,0.0,0.0,0.0,0.0,0.0,0.0,0.0,0.0,0.0,0.0,0.0,0.0,0.0,0.0,0.0,0.0,0.0,0.0,0.0,0.0,0.0,0.0,0.0,0.0,0.0,0.0,0.0,0.0,0.0,0.0,0.0,0.0,0.0,0.0,0.0,0.0,0.0,0.0,0.0,0.0,0.0,0.0,0.0,0.0,0.0,0.0,0.0,0.0,0.0,0.0,0.0,0.0,0.0,0.0,0.0,0.0,0.0,0.0,0.0,0.0,0.0,0.0,0.0,0.0,0.0,0.0,0.0,0.0,0.0,0.0,0.0,0.0,0.0,0.0,0.0,0.0,0.0,0.0,0.0,0.0,0.0,0.0,0.0,0.0,0.0,0.0,0.0,0.0,0.0,0.0,0.0,0.0,0.0,0.0,0.0,0.0,0.0,0.0,0.0,0.0,0.0,0.0,0.0,0.0,0.0,0.0,0.0,0.0,0.0,0.0,0.0,0.0,0.0,0.0,0.0,0.0,0.0,0.0,0.0,0.0,0.0,0.0,0.0,0.0,0.0,0.0,0.0,0.0,0.0,0.0,0.0,0.0,0.0,0.0,0.0,0.0,0.0,0.0,0.0,0.0,0.0,0.0,0.0,0.0,0.0,0.0,0.0,0.0,0.0,0.0,0.0,0.0,0.0,0.0,0.0,0.0,0.0,0.0,100
0.1,0.0,0.0,0.0,0.0,0.0,0.0,0.0,0.0,0.0,0.0,0.0,0.0,0.0,0.0,0.0,0.0,0.0,0.0,0.0,0.0,0.0,0.0,0.0,0.0,0.0,0.0,0.0,0.0,0.0,0.0,0.0,0.0,0.0,0.0,0.2500000000000002,0.0,0.0001417233560090704,0.0,0.0,0.0,0.2500000000000002,0.0,0.0001417233560090704,0.0,0.0,0.0,0.2500000000000002,0.0,0.0001417233560090704,0.0,0.0,0.0,0.0,0.0,0.0,0.0,0.0,0.0,0.0,0.0,0.0,0.0,0.0,0.0,0.0,0.0,0.0,0.0,0.0,0.0,0.0,0.0,0.0,0.0,0.0,0.0,0.0,0.0,0.0,0.0,0.0,0.0,0.0,0.0,0.0,0.0,0.0,0.0,0.0,0.0,0.0,0.0,0.0,0.0,0.0,0.0,0.0,0.0,0.0,0.0,0.0,0.0,0.0,0.0,0.0002834467120181408,0.0,0.2500000000000002,0.0,0.0001417233560090704,0.0,0.0,0.0,0.0,0.0002834467120181408,0.0,0.2500000000000002,0.0,0.0001417233560090704,0.0,0.0,0.0,0.0,0.0002834467120181408,0.0,0.2500000000000002,0.0,0.0001417233560090704,0.0,0.0,0.0,0.0,0.0,0.0,0.0,0.0,0.0,0.0,0.0,0.0,1.5000000000000013,0.0,0.0008503401360544225,0.0,0.0,0.0,0.2500000000000002,0.0,0.0001417233560090704,0.0,0.0,0.0,0.2500000000000002,0.0,0.0001417233560090704,0.0,0.0,0.0,0.2500000000000002,0.0,0.0001417233560090704,0.0,0.0,0.0,0.0,0.0,0.0,0.0,0.0,0.0,0.0,0.0,0.0,0.0,0.0,0.0,0.0,0.0,0.0,0.0,0.0,0.0,0.0,0.0,0.0,0.0,0.0,0.0,0.0,0.0,0.0,0.0,0.0,0.0,0.0,0.0,0.0,0.0,0.0,0.0,0.0,0.0,0.0,0.0,0.0,0.0,0.0,0.0,0.0,0.0,0.0,0.0,0.0,0.0,0.0,0.0,0.0,0.0,0.0,0.0,0.0,0.0,0.0,0.0,0.0,0.001700680272108845,0.0,1.5000000000000013,0.0,0.0008503401360544225,0.0,0.0,0.0,0.0,0.0002834467120181408,0.0,0.2500000000000002,0.0,0.0001417233560090704,0.0,0.0,0.0,0.0,0.0002834467120181408,0.0,0.2500000000000002,0.0,0.0001417233560090704,0.0,0.0,0.0,0.0,0.0002834467120181408,0.0,0.2500000000000002,0.0,0.0001417233560090704,0.0,0.0,100
0.12,0.0,0.0,0.0,0.0,0.0,0.0,0.0,0.0,0.0,0.0,0.0,0.0,0.0,0.0,0.0,0.0,0.0,0.0,0.0,0.0,0.0,0.0,0.0,0.0,0.0,0.0,0.0,0.0,0.0,0.0,0.0,0.0,0.0,0.01,6.938893903907226e-16,5.668934240362812e-06,3.9336133242104457e-19,5.668934240362812e-06,0.01,0.01,6.938893903907226e-16,5.668934240362812e-06,3.9336133242104457e-19,5.668934240362812e-06,0.01,0.01,6.938893903907226e-16,5.668934240362812e-06,3.9336133242104457e-19,5.668934240362812e-06,0.01,0.0,0.0,0.0,0.0,0.0,0.0,0.0,0.0,0.0,0.0,0.0,0.0,0.0,0.0,0.0,0.0,0.0,0.0,0.0,0.0,0.0,0.0,0.0,0.0,0.0,0.0,0.0,0.0,0.0,0.0,0.0,0.0,0.0,0.0,0.0,0.0,0.0,0.0,0.0,0.0,0.0,0.0,0.0,0.0,0.0,0.0,0.0,0.0,0.0,0.0,0.0,0.01,1.1337868480725624e-05,7.867226648420891e-19,1.1337868480725624e-05,6.938893903907226e-16,5.668934240362812e-06,3.9336133242104457e-19,5.668934240362812e-06,0.01,0.01,1.1337868480725624e-05,7.867226648420891e-19,1.1337868480725624e-05,6.938893903907226e-16,5.668934240362812e-06,3.9336133242104457e-19,5.668934240362812e-06,0.01,0.01,1.1337868480725624e-05,7.867226648420891e-19,1.1337868480725624e-05,6.938893903907226e-16,5.668934240362812e-06,3.9336133242104457e-19,5.668934240362812e-06,0.01,0.0,0.0,0.0,0.0,0.0,0.0,0.0,0.0,0.0,0.06,4.1633363423443354e-15,3.401360544217687e-05,2.3601679945262673e-18,3.4013605442176877e-05,0.06000000000000001,0.01,6.938893903907226e-16,5.668934240362812e-06,3.9336133242104457e-19,5.668934240362812e-06,0.01,0.01,6.938893903907226e-16,5.668934240362812e-06,3.9336133242104457e-19,5.668934240362812e-06,0.01,0.01,6.938893903907226e-16,5.668934240362812e-06,3.9336133242104457e-19,5.668934240362812e-06,0.01,0.0,0.0,0.0,0.0,0.0,0.0,0.0,0.0,0.0,0.0,0.0,0.0,0.0,0.0,0.0,0.0,0.0,0.0,0.0,0.0,0.0,0.0,0.0,0.0,0.0,0.0,0.0,0.0,0.0,0.0,0.0,0.0,0.0,0.0,0.0,0.0,0.0,0.0,0.0,0.0,0.0,0.0,0.0,0.0,0.0,0.0,0.0,0.0,0.0,0.0,0.0,0.0,0.0,0.0,0.0,0.0,0.0,0.0,0.0,0.0,0.06,6.802721088435374e-05,4.720335989052535e-18,6.802721088435375e-05,4.1633363423443354e-15,3.401360544217687e-05,2.3601679945262673e-18,3.4013605442176877e-05,0.06000000000000001,0.01,1.1337868480725624e-05,7.867226648420891e-19,1.1337868480725624e-05,6.938893903907226e-16,5.668934240362812e-06,3.9336133242104457e-19,5.668934240362812e-06,0.01,0.01,1.1337868480725624e-05,7.867226648420891e-19,1.1337868480725624e-05,6.938893903907226e-16,5.668934240362812e-06,3.9336133242104457e-19,5.668934240362812e-06,0.01,0.01,1.1337868480725624e-05,7.867226648420891e-19,1.1337868480725624e-05,6.938893903907226e-16,5.668934240362812e-06,3.9336133242104457e-19,5.668934240362812e-06,0.01,100
0.14,0.0,0.0,0.0,0.0,0.0,0.0,0.0,0.0,0.0,0.0,0.0,0.0,0.0,0.0,0.0,0.0,0.0,0.0,0.0,0.0,0.0,0.0,0.0,0.0,0.0,0.0,0.0,0.0,0.0,0.0,0.0,0.0,0.0,0.0,1.0000000000000022,0.0,0.0005668934240362824,0.0,0.0,0.0,1.0000000000000022,0.0,0.0005668934240362824,0.0,0.0,0.0,1.0000000000000022,0.0,0.0005668934240362824,0.0,0.0,0.0,0.0,0.0,0.0,0.0,0.0,0.0,0.0,0.0,0.0,0.0,0.0,0.0,0.0,0.000283446712018141,0.0,0.25000000000000033,0.0,0.0001417233560090705,0.0,0.0,0.0,0.0,0.000283446712018141,0.0,0.25000000000000033,0.0,0.0001417233560090705,0.0,0.0,0.0,0.0,0.000283446712018141,0.0,0.25000000000000033,0.0,0.0001417233560090705,0.0,0.0,0.0,0.0,0.0,0.0,0.0,0.0,0.0,0.0,0.0,0.0,0.0,0.0,0.0,0.0,0.0008503401360544238,0.0,0.7500000000000018,0.0,0.0004251700680272119,0.0,0.0,0.0,0.0,0.0008503401360544238,0.0,0.7500000000000018,0.0,0.0004251700680272119,0.0,0.0,0.0,0.0,0.0008503401360544238,0.0,0.7500000000000018,0.0,0.0004251700680272119,0.0,0.0,0.0,0.0,0.0,0.0,0.0,0.0,0.0,0.0,0.0,0.0,6.0000000000000115,0.0,0.003401360544217693,0.0,0.0,0.0,1.0000000000000022,0.0,0.0005668934240362824,0.0,0.0,0.0,1.0000000000000022,0.0,0.0005668934240362824,0.0,0.0,0.0,1.0000000000000022,0.0,0.0005668934240362824,0.0,0.0,0.0,0.0,0.0,0.0,0.0,0.0,0.0,0.0,0.0,0.0,0.0,0.0,0.0,0.0,0.0017006802721088456,0.0,1.5000000000000018,0.0,0.0008503401360544228,0.0,0.0,0.0,0.0,0.000283446712018141,0.0,0.25000000000000033,0.0,0.0001417233560090705,0.0,0.0,0.0,0.0,0.000283446712018141,0.0,0.25000000000000033,0.0,0.0001417233560090705,0.0,0.0,0.0,0.0,0.000283446712018141,0.0,0.25000000000000033,0.0,0.0001417233560090705,0.0,0.0,0.0,0.0,0.0,0.0,0.0,0.0,0.0,0.0,0.0,0.0,0.0,0.0,0.0,0.0,0.0051020408163265415,0.0,4.50000000000001,0.0,0.0025510204081632707,0.0,0.0,0.0,0.0,0.0008503401360544238,0.0,0.7500000000000018,0.0,0.0004251700680272119,0.0,0.0,0.0,0.0,0.0008503401360544238,0.0,0.7500000000000018,0.0,0.0004251700680272119,0.0,0.0,0.0,0.0,0.0008503401360544238,0.0,0.7500000000000018,0.0,0.0004251700680272119,0.0,0.0,100
0.16,0.0,0.0,0.0,0.0,0.0,0.0,0.0,0.0,0.0,0.0,0.0,0.0,0.0,0.0,0.0,0.0,0.0,0.0,0.0,0.0,0.0,0.0,0.0,0.0,0.0,0.0,0.0,0.0,0.0,0.0,0.0,0.0,0.0,0.05,1.5000000000000009,2.834467120181406e-05,0.0008503401360544223,1.4802521764940293e-05,0.026111648393354676,0.05,1.5000000000000009,2.834467120181406e-05,0.0008503401360544223,1.4802521764940293e-05,0.026111648393354676,0.05,1.5000000000000009,2.834467120181406e-05,0.0008503401360544223,1.4802521764940293e-05,0.026111648393354676,0.0,0.0,0.0,0.0,0.0,0.0,0.0,0.0,0.0,0.0,0.0,0.0,0.01,1.1337868480725624e-05,0.00028344671201814076,1.1337868480725622e-05,0.25000000000000017,5.668934240362812e-06,0.00014172335600907038,5.668934240362811e-06,0.009999999999999998,0.01,1.1337868480725624e-05,0.00028344671201814076,1.1337868480725622e-05,0.25000000000000017,5.668934240362812e-06,0.00014172335600907038,5.668934240362811e-06,0.009999999999999998,0.01,1.1337868480725624e-05,0.00028344671201814076,1.1337868480725622e-05,0.25000000000000017,5.668934240362812e-06,0.00014172335600907038,5.668934240362811e-06,0.009999999999999998,0.0,0.0,0.0,0.0,0.0,0.0,0.0,0.0,0.0,0.0,0.0,0.0,0.04,4.5351473922902495e-05,0.0014172335600907038,2.7537229312875526e-05,1.2500000000000009,2.2675736961451248e-05,0.0007086167800453519,1.3768614656437763e-05,0.024287836253956214,0.04,4.5351473922902495e-05,0.0014172335600907038,2.7537229312875526e-05,1.2500000000000009,2.2675736961451248e-05,0.0007086167800453519,1.3768614656437763e-05,0.024287836253956214,0.04,4.5351473922902495e-05,0.0014172335600907038,2.7537229312875526e-05,1.2500000000000009,2.2675736961451248e-05,0.0007086167800453519,1.3768614656437763e-05,0.024287836253956214,0.0,0.0,0.0,0.0,0.0,0.0,0.0,0.0,0.0,0.3,9.000000000000005,0.00017006802721088434,0.005102040816326533,8.881513058964177e-05,0.15666989036012807,0.05,1.5000000000000009,2.834467120181406e-05,0.0008503401360544223,1.4802521764940293e-05,0.026111648393354676,0.05,1.5000000000000009,2.834467120181406e-05,0.0008503401360544223,1.4802521764940293e-05,0.026111648393354676,0.05,1.5000000000000009,2.834467120181406e-05,0.0008503401360544223,1.4802521764940293e-05,0.026111648393354676,0.0,0.0,0.0,0.0,0.0,0.0,0.0,0.0,0.0,0.0,0.0,0.0,0.06,6.802721088435374e-05,0.0017006802721088446,6.802721088435374e-05,1.5000000000000009,3.401360544217687e-05,0.0008503401360544223,3.401360544217687e-05,0.06,0.01,1.1337868480725624e-05,0.00028344671201814076,1.1337868480725622e-05,0.25000000000000017,5.668934240362812e-06,0.00014172335600907038,5.668934240362811e-06,0.009999999999999998,0.01,1.1337868480725624e-05,0.00028344671201814076,1.1337868480725622e-05,0.25000000000000017,5.668934240362812e-06,0.00014172335600907038,5.668934240362811e-06,0.009999999999999998,0.01,1.1337868480725624e-05,0.00028344671201814076,1.1337868480725622e-05,0.25000000000000017,5.668934240362812e-06,0.00014172335600907038,5.668934240362811e-06,0.009999999999999998,0.0,0.0,0.0,0.0,0.0,0.0,0.0,0.0,0.0,0.0,0.0,0.0,0.24,0.00027210884353741496,0.008503401360544222,0.0001652233758772532,7.5000000000000036,0.00013605442176870748,0.004251700680272111,8.26116879386266e-05,0.14572701752373732,0.04,4.5351473922902495e-05,0.0014172335600907038,2.7537229312875526e-05,1.2500000000000009,2.2675736961451248e-05,0.0007086167800453519,1.3768614656437763e-05,0.024287836253956214,0.04,4.5351473922902495e-05,0.0014172335600907038,2.7537229312875526e-05,1.2500000000000009,2.2675736961451248e-05,0.0007086167800453519,1.3768614656437763e-05,0.024287836253956214,0.04,4.5351473922902495e-05,0.0014172335600907038,2.7537229312875526e-05,1.2500000000000009,2.2675736961451248e-05,0.0007086167800453519,1.3768614656437763e-05,0.024287836253956214,100
0.18,0.0,0.0,0.0,0.0,0.0,0.0,0.0,0.0,0.0,0.0,0.0,0.0,0.0,0.0,0.0,0.0,0.0,0.0,0.0,0.0,0.0,0.0,0.0,0.0,0.0,0.0,0.0,0.0,0.0,0.0,0.0,0.0,0.0,0.06,6.661338147750939e-16,3.401360544217687e-05,3.2526065174565133e-19,1.5748184754161804e-05,0.027779797906341424,0.06,6.661338147750939e-16,3.401360544217687e-05,3.2526065174565133e-19,1.5748184754161804e-05,0.027779797906341424,0.06,6.661338147750939e-16,3.401360544217687e-05,3.2526065174565133e-19,1.5748184754161804e-05,0.027779797906341424,0.0,0.0,0.0,0.0,0.0,0.0,0.0,0.0,0.0,0.0,0.0,0.0,0.01,1.1337868480725624e-05,0.0005668934240362802,1.1337868480725622e-05,0.4999999999999991,5.668934240362812e-06,0.0002834467120181401,5.668934240362811e-06,0.009999999999999998,0.01,1.1337868480725624e-05,0.0005668934240362802,1.1337868480725622e-05,0.4999999999999991,5.668934240362812e-06,0.0002834467120181401,5.668934240362811e-06,0.009999999999999998,0.01,1.1337868480725624e-05,0.0005668934240362802,1.1337868480725622e-05,0.4999999999999991,5.668934240362812e-06,0.0002834467120181401,5.668934240362811e-06,0.009999999999999998,0.0,0.0,0.0,0.0,0.0,0.0,0.0,0.0,0.0,0.0,0.0,0.0,0.05,5.668934240362812e-05,-0.0005668934240362797,2.9605043529880586e-05,-0.49999999999999867,2.834467120181406e-05,-0.00028344671201813984,1.4802521764940293e-05,0.026111648393354676,0.05,5.668934240362812e-05,-0.0005668934240362797,2.9605043529880586e-05,-0.49999999999999867,2.834467120181406e-05,-0.00028344671201813984,1.4802521764940293e-05,0.026111648393354676,0.05,5.668934240362812e-05,-0.0005668934240362797,2.9605043529880586e-05,-0.49999999999999867,2.834467120181406e-05,-0.00028344671201813984,1.4802521764940293e-05,0.026111648393354676,0.0,0.0,0.0,0.0,0.0,0.0,0.0,0.0,0.0,0.36,3.552713678800501e-15,0.0002040816326530612,2.6020852139652106e-18,9.448910852497085e-05,0.1666787874380486,0.06,6.661338147750939e-16,3.401360544217687e-05,3.2526065174565133e-19,1.5748184754161804e-05,0.027779797906341424,0.06,6.661338147750939e-16,3.401360544217687e-05,3.2526065174565133e-19,1.5748184754161804e-05,0.027779797906341424,0.06,6.661338147750939e-16,3.401360544217687e-05,3.2526065174565133e-19,1.5748184754161804e-05,0.027779797906341424,0.0,0.0,0.0,0.0,0.0,0.0,0.0,0.0,0.0,0.0,0.0,0.0,0.06,6.802721088435374e-05,0.0034013605442176813,6.802721088435373e-05,2.9999999999999956,3.401360544217687e-05,0.0017006802721088407,3.401360544217686e-05,0.059999999999999984,0.01,1.1337868480725624e-05,0.0005668934240362802,1.1337868480725622e-05,0.4999999999999991,5.668934240362812e-06,0.0002834467120181401,5.668934240362811e-06,0.009999999999999998,0.01,1.1337868480725624e-05,0.0005668934240362802,1.1337868480725622e-05,0.4999999999999991,5.668934240362812e-06,0.0002834467120181401,5.668934240362811e-06,0.009999999999999998,0.01,1.1337868480725624e-05,0.0005668934240362802,1.1337868480725622e-05,0.4999999999999991,5.668934240362812e-06,0.0002834467120181401,5.668934240362811e-06,0.009999999999999998,0.0,0.0,0.0,0.0,0.0,0.0,0.0,0.0,0.0,0.0,0.0,0.0,0.3,0.0003401360544217687,-0.0034013605442176774,0.00017763026117928354,-2.9999999999999916,0.00017006802721088434,-0.0017006802721088387,8.881513058964177e-05,0.15666989036012807,0.05,5.668934240362812e-05,-0.0005668934240362797,2.9605043529880586e-05,-0.49999999999999867,2.834467120181406e-05,-0.00028344671201813984,1.4802521764940293e-05,0.026111648393354676,0.05,5.668934240362812e-05,-0.0005668934240362797,2.9605043529880586e-05,-0.49999999999999867,2.834467120181406e-05,-0.00028344671201813984,1.4802521764940293e-05,0.026111648393354676,0.05,5.668934240362812e-05,-0.0005668934240362797,2.9605043529880586e-05,-0.49999999999999867,2.834467120181406e-05,-0.00028344671201813984,1.4802521764940293e-05,0.026111648393354676,100
0.2,0.0,0.0,0.0,0.0,0.0,0.0,0.0,0.0,0.0,0.0,0.0,0.0,0.0,0.0,0.0,0.0,0.0,0.0,0.0,0.0,0.0,0.0,0.0,0.0,0.0,0.0,0.0,0.0,0.0,0.0,0.0,0.0,0.0,0.05,2.5000000000000044,2.834467120181406e-05,0.0014172335600907055,1.2417398727754554e-05,0.021904291355759033,0.05,2.5000000000000044,2.834467120181406e-05,0.0014172335600907055,1.2417398727754554e-05,0.021904291355759033,0.05,2.5000000000000044,2.834467120181406e-05,0.0014172335600907055,1.2417398727754554e-05,0.021904291355759033,0.0,0.0,0.0,0.0,0.0,0.0,0.0,0.0,0.0,0.0,0.0,0.0,0.03,3.401360544217687e-05,0.0019841269841269853,1.9438390929451848e-05,1.7500000000000009,1.7006802721088435e-05,0.0009920634920634927,9.719195464725924e-06,0.01714466079977653,0.03,3.401360544217687e-05,0.0019841269841269853,1.9438390929451848e-05,1.7500000000000009,1.7006802721088435e-05,0.0009920634920634927,9.719195464725924e-06,0.01714466079977653,0.03,3.401360544217687e-05,0.0019841269841269853,1.9438390929451848e-05,1.7500000000000009,1.7006802721088435e-05,0.0009920634920634927,9.719195464725924e-06,0.01714466079977653,0.0,0.0,0.0,0.0,0.0,0.0,0.0,0.0,0.0,0.0,0.0,0.0,0.02,2.2675736961451248e-05,0.0008503401360544255,1.5952981194590664e-05,0.7500000000000031,1.1337868480725624e-05,0.00042517006802721277,7.976490597295332e-06,0.014070529413628966,0.02,2.2675736961451248e-05,0.0008503401360544255,1.5952981194590664e-05,0.7500000000000031,1.1337868480725624e-05,0.00042517006802721277,7.976490597295332e-06,0.014070529413628966,0.02,2.2675736961451248e-05,0.0008503401360544255,1.5952981194590664e-05,0.7500000000000031,1.1337868480725624e-05,0.00042517006802721277,7.976490597295332e-06,0.014070529413628966,0.0,0.0,0.0,0.0,0.0,0.0,0.0,0.0,0.0,0.3,15.000000000000021,0.00017006802721088434,0.00850340136054423,7.450439236652733e-05,0.1314257481345542,0.05,2.5000000000000044,2.834467120181406e-05,0.0014172335600907055,1.2417398727754554e-05,0.021904291355759033,0.05,2.5000000000000044,2.834467120181406e-05,0.0014172335600907055,1.2417398727754554e-05,0.021904291355759033,0.05,2.5000000000000044,2.834467120181406e-05,0.0014172335600907055,1.2417398727754554e-05,0.021904291355759033,0.0,0.0,0.0,0.0,0.0,0.0,0.0,0.0,0.0,0.0,0.0,0.0,0.18,0.0002040816326530612,0.011904761904761911,0.0001166303455767111,10.500000000000004,0.0001020408163265306,0.0059523809523809555,5.831517278835555e-05,0.10286796479865919,0.03,3.401360544217687e-05,0.0019841269841269853,1.9438390929451848e-05,1.7500000000000009,1.7006802721088435e-05,0.0009920634920634927,9.719195464725924e-06,0.01714466079977653,0.03,3.401360544217687e-05,0.0019841269841269853,1.9438390929451848e-05,1.7500000000000009,1.7006802721088435e-05,0.0009920634920634927,9.719195464725924e-06,0.01714466079977653,0.03,3.401360544217687e-05,0.0019841269841269853,1.9438390929451848e-05,1.7500000000000009,1.7006802721088435e-05,0.0009920634920634927,9.719195464725924e-06,0.01714466079977653,0.0,0.0,0.0,0.0,0.0,0.0,0.0,0.0,0.0,0.0,0.0,0.0,0.12,0.00013605442176870748,0.005102040816326552,9.5717887167544e-05,4.500000000000019,6.802721088435374e-05,0.002551020408163276,4.7858943583772e-05,0.0844231764817738,0.02,2.2675736961451248e-05,0.0008503401360544255,1.5952981194590664e-05,0.7500000000000031,1.1337868480725624e-05,0.00042517006802721277,7.976490597295332e-06,0.014070529413628966,0.02,2.2675736961451248e-05,0.0008503401360544255,1.5952981194590664e-05,0.7500000000000031,1.1337868480725624e-05,0.00042517006802721277,7.976490597295332e-06,0.014070529413628966,0.02,2.2675736961451248e-05,0.0008503401360544255,1.5952981194590664e-05,0.7500000000000031,1.1337868480725624e-05,0.00042517006802721277,7.976490597295332e-06,0.014070529413628966,100
0.22,0.0,0.0,0.0,0.0,0.0,0.0,0.0,0.0,0.0,0.0,0.0,0.0,0.0,0.0,0.0,0.0,0.0,0.0,0.0,0.0,0.0,0.0,0.0,0.0,0.0,0.0,0.0,0.0,0.0,0.0,0.0,0.0,0.0,0.16,2.2500000000000013,9.070294784580499e-05,0.0012755102040816339,2.3793430486058934e-05,0.04197161137740796,0.16,2.2500000000000013,9.070294784580499e-05,0.0012755102040816339,2.3793430486058934e-05,0.04197161137740796,0.16,2.2500000000000013,9.070294784580499e-05,0.0012755102040816339,2.3793430486058934e-05,0.04197161137740796,0.0,0.0,0.0,0.0,0.0,0.0,0.0,0.0,0.0,0.0,0.0,0.0,0.08,9.070294784580499e-05,0.0011337868480725635,3.091382362180167e-05,1.0000000000000007,4.5351473922902495e-05,0.0005668934240362817,1.5456911810900834e-05,0.027265992434429072,0.08,9.070294784580499e-05,0.0011337868480725635,3.091382362180167e-05,1.0000000000000007,4.5351473922902495e-05,0.0005668934240362817,1.5456911810900834e-05,0.027265992434429072,0.08,9.070294784580499e-05,0.0011337868480725635,3.091382362180167e-05,1.0000000000000007,4.5351473922902495e-05,0.0005668934240362817,1.5456911810900834e-05,0.027265992434429072,0.0,0.0,0.0,0.0,0.0,0.0,0.0,0.0,0.0,0.0,0.0,0.0,0.08,9.070294784580499e-05,0.0014172335600907042,3.091382362180167e-05,1.2500000000000009,4.5351473922902495e-05,0.0007086167800453521,1.5456911810900834e-05,0.027265992434429072,0.08,9.070294784580499e-05,0.0014172335600907042,3.091382362180167e-05,1.2500000000000009,4.5351473922902495e-05,0.0007086167800453521,1.5456911810900834e-05,0.027265992434429072,0.08,9.070294784580499e-05,0.0014172335600907042,3.091382362180167e-05,1.2500000000000009,4.5351473922902495e-05,0.0007086167800453521,1.5456911810900834e-05,0.027265992434429072,0.0,0.0,0.0,0.0,0.0,0.0,0.0,0.0,0.0,0.96,13.500000000000007,0.0005442176870748299,0.0076530612244898,0.00014276058291635364,0.2518296682644478,0.16,2.2500000000000013,9.070294784580499e-05,0.0012755102040816339,2.3793430486058934e-05,0.04197161137740796,0.16,2.2500000000000013,9.070294784580499e-05,0.0012755102040816339,2.3793430486058934e-05,0.04197161137740796,0.16,2.2500000000000013,9.070294784580499e-05,0.0012755102040816339,2.3793430486058934e-05,0.04197161137740796,0.0,0.0,0.0,0.0,0.0,0.0,0.0,0.0,0.0,0.0,0.0,0.0,0.48,0.0005442176870748299,0.006802721088435378,0.00018548294173081,6.000000000000003,0.00027210884353741496,0.003401360544217689,9.2741470865405e-05,0.16359595460657442,0.08,9.070294784580499e-05,0.0011337868480725635,3.091382362180167e-05,1.0000000000000007,4.5351473922902495e-05,0.0005668934240362817,1.5456911810900834e-05,0.027265992434429072,0.08,9.070294784580499e-05,0.0011337868480725635,3.091382362180167e-05,1.0000000000000007,4.5351473922902495e-05,0.0005668934240362817,1.5456911810900834e-05,0.027265992434429072,0.08,9.070294784580499e-05,0.0011337868480725635,3.091382362180167e-05,1.0000000000000007,4.5351473922902495e-05,0.0005668934240362817,1.5456911810900834e-05,0.027265992434429072,0.0,0.0,0.0,0.0,0.0,0.0,0.0,0.0,0.0,0.0,0.0,0.0,0.48,0.0005442176870748299,0.008503401360544222,0.00018548294173081003,7.5000000000000036,0.00027210884353741496,0.004251700680272111,9.274147086540501e-05,0.16359595460657445,0.08,9.070294784580499e-05,0.0014172335600907042,3.091382362180167e-05,1.2500000000000009,4.5351473922902495e-05,0.0007086167800453521,1.5456911810900834e-05,0.027265992434429072,0.08,9.070294784580499e-05,0.0014172335600907042,3.091382362180167e-05,1.2500000000000009,4.5351473922902495e-05,0.0007086167800453521,1.5456911810900834e-05,0.027265992434429072,0.08,9.070294784580499e-05,0.0014172335600907042,3.091382362180167e-05,1.2500000000000009,4.5351473922902495e-05,0.0007086167800453521,1.5456911810900834e-05,0.027265992434429072,100
0.24,0.0,0.0,0.0,0.0,0.0,0.0,0.0,0.0,0.0,0.0,0.0,0.0,0.0,0.0,0.0,0.0,0.0,0.0,0.0,0.0,0.0,0.0,0.0,0.0,0.0,0.0,0.0,0.0,0.0,0.0,0.0,0.0,0.0,0.14,2.999999999999994,7.936507936507938e-05,0.0017006802721088407,2.1348500491865572e-05,0.03765875486765087,0.14,2.999999999999994,7.936507936507938e-05,0.0017006802721088407,2.1348500491865572e-05,0.03765875486765087,0.14,2.999999999999994,7.936507936507938e-05,0.0017006802721088407,2.1348500491865572e-05,0.03765875486765087,0.0,0.0,0.0,0.0,0.0,0.0,0.0,0.0,0.0,0.0,0.0,0.0,0.07,7.936507936507938e-05,0.0025510204081632608,2.9073968251274694e-05,2.249999999999996,3.968253968253969e-05,0.0012755102040816304,1.4536984125637347e-05,0.02564323999762428,0.07,7.936507936507938e-05,0.0025510204081632608,2.9073968251274694e-05,2.249999999999996,3.968253968253969e-05,0.0012755102040816304,1.4536984125637347e-05,0.02564323999762428,0.07,7.936507936507938e-05,0.0025510204081632608,2.9073968251274694e-05,2.249999999999996,3.968253968253969e-05,0.0012755102040816304,1.4536984125637347e-05,0.02564323999762428,0.0,0.0,0.0,0.0,0.0,0.0,0.0,0.0,0.0,0.0,0.0,0.0,0.07,7.936507936507938e-05,0.0008503401360544197,2.9073968251274694e-05,0.7499999999999978,3.968253968253969e-05,0.00042517006802720984,1.4536984125637347e-05,0.02564323999762428,0.07,7.936507936507938e-05,0.0008503401360544197,2.9073968251274694e-05,0.7499999999999978,3.968253968253969e-05,0.00042517006802720984,1.4536984125637347e-05,0.02564323999762428,0.07,7.936507936507938e-05,0.0008503401360544197,2.9073968251274694e-05,0.7499999999999978,3.968253968253969e-05,0.00042517006802720984,1.4536984125637347e-05,0.02564323999762428,0.0,0.0,0.0,0.0,0.0,0.0,0.0,0.0,0.0,0.84,20.999999999999957,0.0004761904761904762,0.011904761904761883,0.00012809100295119343,0.2259525292059052,0.14,2.999999999999994,7.936507936507938e-05,0.0017006802721088407,2.1348500491865572e-05,0.03765875486765087,0.14,2.999999999999994,7.936507936507938e-05,0.0017006802721088407,2.1348500491865572e-05,0.03765875486765087,0.14,2.999999999999994,7.936507936507938e-05,0.0017006802721088407,2.1348500491865572e-05,0.03765875486765087,0.0,0.0,0.0,0.0,0.0,0.0,0.0,0.0,0.0,0.0,0.0,0.0,0.42,0.0004761904761904762,0.01757369614512469,0.00017444380950764815,15.499999999999975,0.0002380952380952381,0.008786848072562345,8.722190475382408e-05,0.15385943998574567,0.07,7.936507936507938e-05,0.0025510204081632608,2.9073968251274694e-05,2.249999999999996,3.968253968253969e-05,0.0012755102040816304,1.4536984125637347e-05,0.02564323999762428,0.07,7.936507936507938e-05,0.0025510204081632608,2.9073968251274694e-05,2.249999999999996,3.968253968253969e-05,0.0012755102040816304,1.4536984125637347e-05,0.02564323999762428,0.07,7.936507936507938e-05,0.0025510204081632608,2.9073968251274694e-05,2.249999999999996,3.968253968253969e-05,0.0012755102040816304,1.4536984125637347e-05,0.02564323999762428,0.0,0.0,0.0,0.0,0.0,0.0,0.0,0.0,0.0,0.0,0.0,0.0,0.42,0.0004761904761904762,0.006235827664399077,0.00017444380950764815,5.499999999999986,0.0002380952380952381,0.0031179138321995384,8.722190475382408e-05,0.15385943998574567,0.07,7.936507936507938e-05,0.0008503401360544197,2.9073968251274694e-05,0.7499999999999978,3.968253968253969e-05,0.00042517006802720984,1.4536984125637347e-05,0.02564323999762428,0.07,7.936507936507938e-05,0.0008503401360544197,2.9073968251274694e-05,0.7499999999999978,3.968253968253969e-05,0.00042517006802720984,1.4536984125637347e-05,0.02564323999762428,0.07,7.936507936507938e-05,0.0008503401360544197,2.9073968251274694e-05,0.7499999999999978,3.968253968253969e-05,0.00042517006802720984,1.4536984125637347e-05,0.02564323999762428,100
0.26,0.0,0.0,0.0,0.0,0.0,0.0,0.0,0.0,0.0,0.0,0.0,0.0,0.0,0.0,0.0,0.0,0.0,0.0,0.0,0.0,0.0,0.0,0.0,0.0,0.0,0.0,0.0,0.0,0.0,0.0,0.0,0.0,0.0,0.28,6.999999999999994,0.00015873015873015876,0.0039682539682539646,3.128956248203799e-05,0.055194788218315013,0.28,6.999999999999994,0.00015873015873015876,0.0039682539682539646,3.128956248203799e-05,0.055194788218315013,0.28,6.999999999999994,0.00015873015873015876,0.0039682539682539646,3.128956248203799e-05,0.055194788218315013,0.0,0.0,0.0,0.0,0.0,0.0,0.0,0.0,0.0,0.0,0.0,0.0,0.17,0.00019274376417233562,0.004251700680272105,4.5736358961727046e-05,3.749999999999997,9.637188208616781e-05,0.0021258503401360524,2.2868179480863523e-05,0.040339468604243256,0.17,0.00019274376417233562,0.004251700680272105,4.5736358961727046e-05,3.749999999999997,9.637188208616781e-05,0.0021258503401360524,2.2868179480863523e-05,0.040339468604243256,0.17,0.00019274376417233562,0.004251700680272105,4.5736358961727046e-05,3.749999999999997,9.637188208616781e-05,0.0021258503401360524,2.2868179480863523e-05,0.040339468604243256,0.0,0.0,0.0,0.0,0.0,0.0,0.0,0.0,0.0,0.0,0.0,0.0,0.11,0.00012471655328798187,0.0036848072562358247,3.912647473943992e-05,3.249999999999998,6.235827664399093e-05,0.0018424036281179123,1.956323736971996e-05,0.034509550720186015,0.11,0.00012471655328798187,0.0036848072562358247,3.912647473943992e-05,3.249999999999998,6.235827664399093e-05,0.0018424036281179123,1.956323736971996e-05,0.034509550720186015,0.11,0.00012471655328798187,0.0036848072562358247,3.912647473943992e-05,3.249999999999998,6.235827664399093e-05,0.0018424036281179123,1.956323736971996e-05,0.034509550720186015,0.0,0.0,0.0,0.0,0.0,0.0,0.0,0.0,0.0,1.8,41.99999999999997,0.0010204081632653062,0.023809523809523787,0.00020030558437639543,0.35333905083996153,0.28,6.999999999999994,0.00015873015873015876,0.0039682539682539646,3.128956248203799e-05,0.055194788218315013,0.28,6.999999999999994,0.00015873015873015876,0.0039682539682539646,3.128956248203799e-05,0.055194788218315013,0.28,6.999999999999994,0.00015873015873015876,0.0039682539682539646,3.128956248203799e-05,0.055194788218315013,0.0,0.0,0.0,0.0,0.0,0.0,0.0,0.0,0.0,0.0,0.0,0.0,1.1,0.0012471655328798188,0.025510204081632633,0.00029953863146948533,22.49999999999998,0.0006235827664399094,0.012755102040816316,0.00014976931573474267,0.2641930729560861,0.17,0.00019274376417233562,0.004251700680272105,4.5736358961727046e-05,3.749999999999997,9.637188208616781e-05,0.0021258503401360524,2.2868179480863523e-05,0.040339468604243256,0.17,0.00019274376417233562,0.004251700680272105,4.5736358961727046e-05,3.749999999999997,9.637188208616781e-05,0.0021258503401360524,2.2868179480863523e-05,0.040339468604243256,0.17,0.00019274376417233562,0.004251700680272105,4.5736358961727046e-05,3.749999999999997,9.637188208616781e-05,0.0021258503401360524,2.2868179480863523e-05,0.040339468604243256,0.0,0.0,0.0,0.0,0.0,0.0,0.0,0.0,0.0,0.0,0.0,0.0,0.7,0.0007936507936507937,0.022108843537414942,0.0002504305936115155,19.49999999999998,0.0003968253968253968,0.011054421768707471,0.00012521529680575776,0.2208797835653567,0.11,0.00012471655328798187,0.0036848072562358247,3.912647473943992e-05,3.249999999999998,6.235827664399093e-05,0.0018424036281179123,1.956323736971996e-05,0.034509550720186015,0.11,0.00012471655328798187,0.0036848072562358247,3.912647473943992e-05,3.249999999999998,6.235827664399093e-05,0.0018424036281179123,1.956323736971996e-05,0.034509550720186015,0.11,0.00012471655328798187,0.0036848072562358247,3.912647473943992e-05,3.249999999999998,6.235827664399093e-05,0.0018424036281179123,1.956323736971996e-05,0.034509550720186015,100
0.28,0.0,0.0,0.0,0.0,0.0,0.0,0.0,0.0,0.0,0.0,0.0,0.0,0.0,0.0,0.0,0.0,0.0,0.0,0.0,0.0,0.0,0.0,0.0,0.0,0.0,0.0,0.0,0.0,0.0,0.0,0.0,0.0,0.0,0.42,9.25000000000001,0.0002380952380952381,0.0052437641723356064,4.200718176111076e-05,0.07410066862659938,0.42,9.25000000000001,0.0002380952380952381,0.0052437641723356064,4.200718176111076e-05,0.07410066862659938,0.42,9.25000000000001,0.0002380952380952381,0.0052437641723356064,4.200718176111076e-05,0.07410066862659938,0.0,0.0,0.0,0.0,0.0,0.0,0.0,0.0,0.0,0.0,0.0,0.0,0.22,0.00024943310657596373,0.005952380952380963,5.7156961841008756e-05,5.2500000000000115,0.00012471655328798187,0.0029761904761904817,2.8578480920504378e-05,0.050412440343769724,0.22,0.00024943310657596373,0.005952380952380963,5.7156961841008756e-05,5.2500000000000115,0.00012471655328798187,0.0029761904761904817,2.8578480920504378e-05,0.050412440343769724,0.22,0.00024943310657596373,0.005952380952380963,5.7156961841008756e-05,5.2500000000000115,0.00012471655328798187,0.0029761904761904817,2.8578480920504378e-05,0.050412440343769724,0.0,0.0,0.0,0.0,0.0,0.0,0.0,0.0,0.0,0.0,0.0,0.0,0.2,0.00022675736961451248,0.00453514739229025,5.344722457948205e-05,4.0,0.00011337868480725624,0.002267573696145125,2.6723612289741025e-05,0.04714045207910317,0.2,0.00022675736961451248,0.00453514739229025,5.344722457948205e-05,4.0,0.00011337868480725624,0.002267573696145125,2.6723612289741025e-05,0.04714045207910317,0.2,0.00022675736961451248,0.00453514739229025,5.344722457948205e-05,4.0,0.00011337868480725624,0.002267573696145125,2.6723612289741025e-05,0.04714045207910317,0.0,0.0,0.0,0.0,0.0,0.0,0.0,0.0,0.0,2.52,55.25000000000008,0.0014285714285714286,0.031320861678004575,0.00025204309056666455,0.4446040117595963,0.42,9.25000000000001,0.0002380952380952381,0.0052437641723356064,4.200718176111076e-05,0.07410066862659938,0.42,9.25000000000001,0.0002380952380952381,0.0052437641723356064,4.200718176111076e-05,0.07410066862659938,0.42,9.25000000000001,0.0002380952380952381,0.0052437641723356064,4.200718176111076e-05,0.07410066862659938,0.0,0.0,0.0,0.0,0.0,0.0,0.0,0.0,0.0,0.0,0.0,0.0,1.32,0.0014965986394557824,0.03571428571428578,0.00034294177104605256,31.500000000000068,0.0007482993197278912,0.01785714285714289,0.00017147088552302628,0.30247464206261837,0.22,0.00024943310657596373,0.005952380952380963,5.7156961841008756e-05,5.2500000000000115,0.00012471655328798187,0.0029761904761904817,2.8578480920504378e-05,0.050412440343769724,0.22,0.00024943310657596373,0.005952380952380963,5.7156961841008756e-05,5.2500000000000115,0.00012471655328798187,0.0029761904761904817,2.8578480920504378e-05,0.050412440343769724,0.22,0.00024943310657596373,0.005952380952380963,5.7156961841008756e-05,5.2500000000000115,0.00012471655328798187,0.0029761904761904817,2.8578480920504378e-05,0.050412440343769724,0.0,0.0,0.0,0.0,0.0,0.0,0.0,0.0,0.0,0.0,0.0,0.0,1.2,0.0013605442176870747,0.026927437641723364,0.0003206833474768923,23.75000000000001,0.0006802721088435374,0.013463718820861682,0.00016034167373844615,0.282842712474619,0.2,0.00022675736961451248,0.00453514739229025,5.344722457948205e-05,4.0,0.00011337868480725624,0.002267573696145125,2.6723612289741025e-05,0.04714045207910317,0.2,0.00022675736961451248,0.00453514739229025,5.344722457948205e-05,4.0,0.00011337868480725624,0.002267573696145125,2.6723612289741025e-05,0.04714045207910317,0.2,0.00022675736961451248,0.00453514739229025,5.344722457948205e-05,4.0,0.00011337868480725624,0.002267573696145125,2.6723612289741025e-05,0.04714045207910317,100
0.3,0.0,3.999999999999991,0.0,0.0022675736961451196,0.0,0.0,0.0,0.0,0.0,0.0,0.0,0.0,0.0,0.0,0.0,0.0,0.0,0.004535147392290239,0.0,3.999999999999991,0.0,0.0022675736961451196,0.0,0.0,0.0,0.0,0.0,0.0,0.0,0.0,0.0,0.0,0.0,0.65,11.250000000000007,0.0003684807256235828,0.006377551020408167,5.056023724579619e-05,0.08918825850158447,0.65,11.250000000000007,0.0003684807256235828,0.006377551020408167,5.056023724579619e-05,0.08918825850158447,0.65,11.250000000000007,0.0003684807256235828,0.006377551020408167,5.056023724579619e-05,0.08918825850158447,0.0,0.0,0.0,0.0,0.0,0.0,0.0,0.0,0.0,0.0,0.0,0.0,0.38,0.0004308390022675737,0.0034013605442177047,6.195352653355941e-05,3.000000000000015,0.00021541950113378684,0.0017006802721088524,3.0976763266779705e-05,0.054643010402599404,0.38,0.0004308390022675737,0.0034013605442177047,6.195352653355941e-05,3.000000000000015,0.00021541950113378684,0.0017006802721088524,3.0976763266779705e-05,0.054643010402599404,0.38,0.0004308390022675737,0.0034013605442177047,6.195352653355941e-05,3.000000000000015,0.00021541950113378684,0.0017006802721088524,3.0976763266779705e-05,0.054643010402599404,0.0,0.0,0.0,0.0,0.0,0.0,0.0,0.0,0.0,0.0,0.0,0.0,0.27,0.0003061224489795919,0.009353741496598629,6.809398373590418e-05,8.24999999999999,0.00015306122448979594,0.0046768707482993145,3.404699186795209e-05,0.06005889365506749,0.27,0.0003061224489795919,0.009353741496598629,6.809398373590418e-05,8.24999999999999,0.00015306122448979594,0.0046768707482993145,3.404699186795209e-05,0.06005889365506749,0.27,0.0003061224489795919,0.009353741496598629,6.809398373590418e-05,8.24999999999999,0.00015306122448979594,0.0046768707482993145,3.404699186795209e-05,0.06005889365506749,0.0,0.24999999999999944,0.0,0.005208333333333322,0.0,0.0,0.00014172335600906997,0.0,0.0,4.01,74.25000000000003,0.0022732426303854873,0.042091836734693897,0.00032093580648360473,0.5661307626370787,0.65,11.000000000000007,0.0003684807256235828,0.006235827664399098,5.056023724579619e-05,0.08918825850158447,0.65,11.000000000000007,0.0003684807256235828,0.006235827664399098,5.056023724579619e-05,0.08918825850158447,0.65,11.250000000000007,0.0003684807256235828,0.006377551020408167,5.056023724579619e-05,0.08918825850158447,0.0,0.0,0.0,0.0,0.0,0.0,0.0,0.0,0.0,0.0,0.0,0.0,2.36,0.002675736961451247,0.020975056689342526,0.0003952335937586248,18.500000000000107,0.0013378684807256235,0.010487528344671263,0.0001976167968793124,0.34859602969510706,0.38,0.0004308390022675737,0.0034013605442177047,6.195352653355941e-05,3.000000000000015,0.00021541950113378684,0.0017006802721088524,3.0976763266779705e-05,0.054643010402599404,0.38,0.0004308390022675737,0.0034013605442177047,6.195352653355941e-05,3.000000000000015,0.00021541950113378684,0.0017006802721088524,3.0976763266779705e-05,0.054643010402599404,0.38,0.0004308390022675737,0.0034013605442177047,6.195352653355941e-05,3.000000000000015,0.00021541950113378684,0.0017006802721088524,3.0976763266779705e-05,0.054643010402599404,0.0,0.0,0.00028344671201813995,0.0,0.24999999999999944,0.0,0.010416666666666644,0.0,0.0,0.00014172335600906997,0.0,0.0,1.65,0.0018707482993197278,0.0632086167800453,0.00042525595229594407,55.74999999999994,0.0009353741496598639,0.03160430839002265,0.00021262797614797203,0.3750757499250227,0.27,0.0003061224489795919,0.00907029478458049,6.809398373590418e-05,7.999999999999992,0.00015306122448979594,0.004535147392290245,3.404699186795209e-05,0.06005889365506749,0.27,0.0003061224489795919,0.00907029478458049,6.809398373590418e-05,7.999999999999992,0.00015306122448979594,0.004535147392290245,3.404699186795209e-05,0.06005889365506749,0.27,0.0003061224489795919,0.009353741496598629,6.809398373590418e-05,8.24999999999999,0.00015306122448979594,0.0046768707482993145,3.404699186795209e-05,0.06005889365506749,100
0.32,0.16,0.0,9.070294784580499e-05,0.0,9.070294784580498e-05,0.15999999999999998,0.0,0.0,0.0,0.0,0.0,0.0,0.0,0.0,0.0,0.16,0.00018140589569160998,0.0,0.00018140589569160995,0.0,9.070294784580499e-05,0.0,9.070294784580498e-05,0.15999999999999998,0.0,0.0,0.0,0.0,0.0,0.0,0.0,0.0,0.0,0.87,18.49999999999998,0.0004931972789115646,0.010487528344671192,5.384357239430856e-05,0.0949800617035603,0.87,18.49999999999998,0.0004931972789115646,0.010487528344671192,5.384357239430856e-05,0.0949800617035603,0.87,18.49999999999998,0.0004931972789115646,0.010487528344671192,5.384357239430856e-05,0.0949800617035603,0.0,0.0,0.0,0.0,0.0,0.0,0.0,0.0,0.0,0.0,0.0,0.0,0.34,0.00038548752834467124,0.010487528344671194,6.878646666172294e-05,9.249999999999993,0.00019274376417233562,0.005243764172335597,3.439323333086147e-05,0.060669663595639634,0.34,0.00038548752834467124,0.010487528344671194,6.878646666172294e-05,9.249999999999993,0.00019274376417233562,0.005243764172335597,3.439323333086147e-05,0.060669663595639634,0.34,0.00038548752834467124,0.010487528344671194,6.878646666172294e-05,9.249999999999993,0.00019274376417233562,0.005243764172335597,3.439323333086147e-05,0.060669663595639634,0.0,0.0,0.0,0.0,0.0,0.0,0.0,0.0,0.0,0.0,0.0,0.0,0.53,0.0006009070294784581,0.010487528344671194,8.130464653342576e-05,9.249999999999993,0.00030045351473922906,0.005243764172335597,4.065232326671288e-05,0.07171069824248152,0.53,0.0006009070294784581,0.010487528344671194,8.130464653342576e-05,9.249999999999993,0.00030045351473922906,0.005243764172335597,4.065232326671288e-05,0.07171069824248152,0.53,0.0006009070294784581,0.010487528344671194,8.130464653342576e-05,9.249999999999993,0.00030045351473922906,0.005243764172335597,4.065232326671288e-05,0.07171069824248152,0.01,0.0,0.00020833333333333335,0.0,0.0002083333333333333,5.668934240362812e-06,0.0,5.668934240362811e-06,0.009999999999999998,5.49,115.24999999999989,0.0031122448979591837,0.06533446712018134,0.0003532900687173058,0.6232036812173274,0.86,18.49999999999998,0.00048752834467120183,0.010487528344671192,5.406317722697983e-05,0.09536744462839242,0.86,18.49999999999998,0.00048752834467120183,0.010487528344671192,5.406317722697983e-05,0.09536744462839242,0.87,18.49999999999998,0.0004931972789115646,0.010487528344671192,5.384357239430856e-05,0.0949800617035603,0.0,0.0,0.0,0.0,0.0,0.0,0.0,0.0,0.0,0.0,0.0,0.0,2.06,0.0023356009070294786,0.06519274376417229,0.0004204796364259862,57.49999999999996,0.0011678004535147393,0.032596371882086146,0.0002102398182129931,0.37086303932771986,0.34,0.00038548752834467124,0.010487528344671194,6.878646666172294e-05,9.249999999999993,0.00019274376417233562,0.005243764172335597,3.439323333086147e-05,0.060669663595639634,0.34,0.00038548752834467124,0.010487528344671194,6.878646666172294e-05,9.249999999999993,0.00019274376417233562,0.005243764172335597,3.439323333086147e-05,0.060669663595639634,0.34,0.00038548752834467124,0.010487528344671194,6.878646666172294e-05,9.249999999999993,0.00019274376417233562,0.005243764172335597,3.439323333086147e-05,0.060669663595639634,0.01,1.1337868480725624e-05,0.0,1.1337868480725622e-05,0.0,0.0004166666666666667,0.0,0.0004166666666666666,5.668934240362812e-06,0.0,5.668934240362811e-06,0.009999999999999998,3.43,0.003888888888888889,0.06547619047619041,0.0005465449430093407,57.74999999999995,0.0019444444444444446,0.032738095238095205,0.00027327247150467034,0.4820526397342385,0.52,0.0005895691609977325,0.010487528344671194,8.134456241119657e-05,9.249999999999993,0.00029478458049886624,0.005243764172335597,4.067228120559828e-05,0.07174590404667537,0.52,0.0005895691609977325,0.010487528344671194,8.134456241119657e-05,9.249999999999993,0.00029478458049886624,0.005243764172335597,4.067228120559828e-05,0.07174590404667537,0.53,0.0006009070294784581,0.010487528344671194,8.130464653342576e-05,9.249999999999993,0.00030045351473922906,0.005243764172335597,4.065232326671288e-05,0.07171069824248152,100
0.34,0.0,-0.9999999999999813,0.0,-0.0005668934240362705,0.0,0.0,0.0,0.0,0.0,0.0,0.0,0.0,0.0,0.0,0.0,0.0,0.0,-0.001133786848072541,0.0,-0.9999999999999813,0.0,-0.0005668934240362705,0.0,0.0,0.0,0.0,0.0,0.0,0.0,0.0,0.0,0.0,0.0,1.39,32.75000000000004,0.0007879818594104308,0.018565759637188234,7.76595713833504e-05,0.1369914839202301,1.39,32.75000000000004,0.0007879818594104308,0.018565759637188234,7.76595713833504e-05,0.1369914839202301,1.39,32.75000000000004,0.0007879818594104308,0.018565759637188234,7.76595713833504e-05,0.1369914839202301,0.0,0.0,0.0,0.0,0.0,0.0,0.0,0.0,0.0,0.0,0.0,0.0,0.75,0.0008503401360544217,0.018990929705215417,0.00010239649309988475,16.749999999999996,0.00042517006802721087,0.009495464852607709,5.1198246549942375e-05,0.09031370691409835,0.75,0.0008503401360544217,0.018990929705215417,0.00010239649309988475,16.749999999999996,0.00042517006802721087,0.009495464852607709,5.1198246549942375e-05,0.09031370691409835,0.75,0.0008503401360544217,0.018990929705215417,0.00010239649309988475,16.749999999999996,0.00042517006802721087,0.009495464852607709,5.1198246549942375e-05,0.09031370691409835,0.0,0.0,0.0,0.0,0.0,0.0,0.0,0.0,0.0,0.0,0.0,0.0,0.64,0.0007256235827664399,0.018140589569161036,9.738547790419596e-05,16.000000000000036,0.00036281179138321996,0.009070294784580518,4.869273895209798e-05,0.08589399151150083,0.64,0.0007256235827664399,0.018140589569161036,9.738547790419596e-05,16.000000000000036,0.00036281179138321996,0.009070294784580518,4.869273895209798e-05,0.08589399151150083,0.64,0.0007256235827664399,0.018140589569161036,9.738547790419596e-05,16.000000000000036,0.00036281179138321996,0.009070294784580518,4.869273895209798e-05,0.08589399151150083,0.0,1.3877787807814457e-15,0.0,2.862293735361732e-17,0.0,0.0,7.860465750519907e-19,0.0,0.0,8.62,205.2500000000002,0.004886621315192743,0.11635487528344683,0.0004760582099567276,0.8397666823636675,1.39,32.750000000000036,0.0007879818594104308,0.018565759637188227,7.76595713833504e-05,0.1369914839202301,1.39,32.750000000000036,0.0007879818594104308,0.018565759637188227,7.76595713833504e-05,0.1369914839202301,1.39,32.75000000000004,0.0007879818594104308,0.018565759637188234,7.76595713833504e-05,0.1369914839202301,0.0,0.0,0.0,0.0,0.0,0.0,0.0,0.0,0.0,0.0,0.0,0.0,4.66,0.00528344671201814,0.11791383219954646,0.0006468539544066302,103.99999999999997,0.00264172335600907,0.05895691609977323,0.0003234269772033151,0.5705251877866478,0.75,0.0008503401360544217,0.018990929705215417,0.00010239649309988475,16.749999999999996,0.00042517006802721087,0.009495464852607709,5.1198246549942375e-05,0.09031370691409835,0.75,0.0008503401360544217,0.018990929705215417,0.00010239649309988475,16.749999999999996,0.00042517006802721087,0.009495464852607709,5.1198246549942375e-05,0.09031370691409835,0.75,0.0008503401360544217,0.018990929705215417,0.00010239649309988475,16.749999999999996,0.00042517006802721087,0.009495464852607709,5.1198246549942375e-05,0.09031370691409835,0.0,0.0,1.5720931501039814e-18,0.0,1.3877787807814457e-15,0.0,5.724587470723463e-17,0.0,0.0,7.860465750519907e-19,0.0,0.0,3.96,0.004489795918367347,0.11479591836734722,0.000607454325630888,101.25000000000026,0.0022448979591836735,0.05739795918367361,0.000303727162815444,0.5357747152064433,0.64,0.0007256235827664399,0.01814058956916103,9.738547790419596e-05,16.000000000000032,0.00036281179138321996,0.009070294784580515,4.869273895209798e-05,0.08589399151150083,0.64,0.0007256235827664399,0.01814058956916103,9.738547790419596e-05,16.000000000000032,0.00036281179138321996,0.009070294784580515,4.869273895209798e-05,0.08589399151150083,0.64,0.0007256235827664399,0.018140589569161036,9.738547790419596e-05,16.000000000000036,0.00036281179138321996,0.009070294784580518,4.869273895209798e-05,0.08589399151150083,100
0.36,0.12,3.0000000000000098,6.802721088435374e-05,0.0017006802721088491,6.802721088435373e-05,0.11999999999999997,0.0,0.0,0.003401360544217679,0.0,2.999999999999993,0.0,0.0017006802721088396,0.0,0.0,0.12,0.00013605442176870748,1.8881343956210166e-17,0.00013605442176870745,1.6653345369377367e-14,6.802721088435374e-05,9.440671978105083e-18,6.802721088435373e-05,0.11999999999999997,0.0,0.0,0.0,0.0,0.0,0.0,0.0,0.0,0.0,2.18,35.75000000000002,0.0012358276643990931,0.02026643990929707,9.09388466781252e-05,0.16041612554021284,2.18,35.75000000000002,0.0012358276643990931,0.02026643990929707,9.09388466781252e-05,0.16041612554021284,2.18,35.75000000000002,0.0012358276643990931,0.02026643990929707,9.09388466781252e-05,0.16041612554021284,0.0,0.0,0.0,0.0,0.0,0.0,0.0,0.0,0.0,0.0,0.0,0.0,1.01,0.001145124716553288,0.01643990929705216,0.0001232503576107756,14.500000000000007,0.000572562358276644,0.00821995464852608,6.16251788053878e-05,0.10870681541270408,1.01,0.001145124716553288,0.01643990929705216,0.0001232503576107756,14.500000000000007,0.000572562358276644,0.00821995464852608,6.16251788053878e-05,0.10870681541270408,1.01,0.001145124716553288,0.01643990929705216,0.0001232503576107756,14.500000000000007,0.000572562358276644,0.00821995464852608,6.16251788053878e-05,0.10870681541270408,0.0,0.0,0.0,0.0,0.0,0.0,0.0,0.0,0.0,0.0,0.0,0.0,1.17,0.0013265306122448978,0.024092970521541978,0.00012694546927548826,21.25000000000002,0.0006632653061224489,0.012046485260770989,6.347273463774413e-05,0.11196590390098064,1.17,0.0013265306122448978,0.024092970521541978,0.00012694546927548826,21.25000000000002,0.0006632653061224489,0.012046485260770989,6.347273463774413e-05,0.11196590390098064,1.17,0.0013265306122448978,0.024092970521541978,0.00012694546927548826,21.25000000000002,0.0006632653061224489,0.012046485260770989,6.347273463774413e-05,0.11196590390098064,0.01,0.25000000000000083,0.00020833333333333335,0.00520833333333335,0.0002083333333333333,5.668934240362812e-06,0.00014172335600907076,5.668934240362811e-06,0.009999999999999998,13.7,223.25000000000026,0.007766439909297052,0.12655895691609992,0.0005907012003092543,1.0419969173455246,2.17,35.50000000000003,0.0012301587301587302,0.020124716553287996,9.010509523304106e-05,0.15894538799108443,2.17,35.50000000000003,0.0012301587301587302,0.020124716553287996,9.010509523304106e-05,0.15894538799108443,2.18,35.75000000000002,0.0012358276643990931,0.02026643990929707,9.09388466781252e-05,0.16041612554021284,0.0,0.0,0.00028344671201813995,0.0,0.24999999999999944,0.0,0.010416666666666644,0.0,0.0,0.00014172335600906997,0.0,0.0,6.22,0.0070521541950113375,0.10119047619047625,0.0007643275898026717,89.25000000000003,0.0035260770975056688,0.050595238095238124,0.00038216379490133587,0.6741369342059564,1.01,0.001145124716553288,0.01615646258503402,0.0001232503576107756,14.250000000000007,0.000572562358276644,0.00807823129251701,6.16251788053878e-05,0.10870681541270408,1.01,0.001145124716553288,0.01615646258503402,0.0001232503576107756,14.250000000000007,0.000572562358276644,0.00807823129251701,6.16251788053878e-05,0.10870681541270408,1.01,0.001145124716553288,0.01643990929705216,0.0001232503576107756,14.500000000000007,0.000572562358276644,0.00821995464852608,6.16251788053878e-05,0.10870681541270408,0.01,1.1337868480725624e-05,1.5734453296841806e-18,1.1337868480725622e-05,1.3877787807814473e-15,0.0004166666666666667,5.782411586589364e-17,0.0004166666666666666,5.668934240362812e-06,7.867226648420903e-19,5.668934240362811e-06,0.009999999999999998,7.48,0.008480725623582767,0.15192743764172356,0.0008338576801509777,134.0000000000002,0.004240362811791383,0.07596371882086178,0.00041692884007548883,0.7354624738931623,1.16,0.0013151927437641722,0.024092970521541978,0.0001245342228563208,21.25000000000002,0.0006575963718820861,0.012046485260770989,6.22671114281604e-05,0.10983918455927495,1.16,0.0013151927437641722,0.024092970521541978,0.0001245342228563208,21.25000000000002,0.0006575963718820861,0.012046485260770989,6.22671114281604e-05,0.10983918455927495,1.17,0.0013265306122448978,0.024092970521541978,0.00012694546927548826,21.25000000000002,0.0006632653061224489,0.012046485260770989,6.347273463774413e-05,0.11196590390098064,100
0.38,0.12,626.9999999999994,6.802721088435374e-05,0.355442176870748,6.802721088435373e-05,0.11999999999999997,0.12,0.00013605442176870748,0.3616780045351471,0.00013605442176870745,318.9999999999997,6.802721088435374e-05,0.18083900226757355,6.802721088435373e-05,0.11999999999999997,0.0,0.0,0.3492063492063489,0.0,307.9999999999997,0.0,0.17460317460317445,0.0,0.0,0.0,0.0,0.0,0.0,0.0,0.0,0.0,0.0,0.0,2.82,42.49999999999996,0.001598639455782313,0.024092970521541926,9.409665015336615e-05,0.16598649087053788,2.82,42.49999999999996,0.001598639455782313,0.024092970521541926,9.409665015336615e-05,0.16598649087053788,2.82,42.49999999999996,0.001598639455782313,0.024092970521541926,9.409665015336615e-05,0.16598649087053788,0.0,0.0,0.0,0.0,0.0,0.0,0.0,0.0,0.0,0.0,0.0,0.0,1.33,0.001507936507936508,0.02380952380952379,0.00012897493960097002,20.999999999999986,0.000753968253968254,0.011904761904761895,6.448746980048501e-05,0.11375589672805556,1.33,0.001507936507936508,0.02380952380952379,0.00012897493960097002,20.999999999999986,0.000753968253968254,0.011904761904761895,6.448746980048501e-05,0.11375589672805556,1.33,0.001507936507936508,0.02380952380952379,0.00012897493960097002,20.999999999999986,0.000753968253968254,0.011904761904761895,6.448746980048501e-05,0.11375589672805556,0.0,0.0,0.0,0.0,0.0,0.0,0.0,0.0,0.0,0.0,0.0,0.0,1.49,0.0016893424036281178,0.02437641723356007,0.00012429940502244584,21.49999999999998,0.0008446712018140589,0.012188208616780036,6.214970251122292e-05,0.10963207522979723,1.49,0.0016893424036281178,0.02437641723356007,0.00012429940502244584,21.49999999999998,0.0008446712018140589,0.012188208616780036,6.214970251122292e-05,0.10963207522979723,1.49,0.0016893424036281178,0.02437641723356007,0.00012429940502244584,21.49999999999998,0.0008446712018140589,0.012188208616780036,6.214970251122292e-05,0.10963207522979723,0.01,-0.2499999999999998,0.00020833333333333335,-0.00520833333333333,0.0002083333333333333,5.668934240362812e-06,-0.0001417233560090702,5.668934240362811e-06,0.009999999999999998,17.55,908.9999999999993,0.009948979591836734,0.5153061224489792,0.0005857275265343006,1.0332233568065063,2.81,42.749999999999964,0.0015929705215419502,0.024234693877551,9.386004161180782e-05,0.165569113403229,2.81,42.749999999999964,0.0015929705215419502,0.024234693877551,9.386004161180782e-05,0.165569113403229,2.82,42.49999999999996,0.001598639455782313,0.024092970521541926,9.409665015336615e-05,0.16598649087053788,0.01,1.1337868480725624e-05,0.0,1.1337868480725622e-05,0.0,0.0004166666666666667,0.0,0.0004166666666666666,5.668934240362812e-06,0.0,5.668934240362811e-06,0.009999999999999998,8.23,0.00933106575963719,0.5340136054421764,0.0008134224782537248,470.99999999999955,0.004665532879818595,0.2670068027210882,0.0004067112391268624,0.7174386258197852,1.32,0.0014965986394557824,0.02380952380952379,0.00012879863758389536,20.999999999999986,0.0007482993197278912,0.011904761904761895,6.439931879194768e-05,0.11360039834899571,1.32,0.0014965986394557824,0.02380952380952379,0.00012879863758389536,20.999999999999986,0.0007482993197278912,0.011904761904761895,6.439931879194768e-05,0.11360039834899571,1.33,0.001507936507936508,0.02380952380952379,0.00012897493960097002,20.999999999999986,0.000753968253968254,0.011904761904761895,6.448746980048501e-05,0.11375589672805556,0.0,0.0,-0.0002834467120181404,0.0,-0.2499999999999998,0.0,-0.01041666666666666,0.0,0.0,-0.0001417233560090702,0.0,0.0,9.32,0.01056689342403628,0.49659863945578187,0.0007724893274194046,437.99999999999955,0.00528344671201814,0.24829931972789093,0.0003862446637097023,0.6813355867839149,1.49,0.0016893424036281178,0.02465986394557821,0.00012429940502244584,21.74999999999998,0.0008446712018140589,0.012329931972789105,6.214970251122292e-05,0.10963207522979723,1.49,0.0016893424036281178,0.02465986394557821,0.00012429940502244584,21.74999999999998,0.0008446712018140589,0.012329931972789105,6.214970251122292e-05,0.10963207522979723,1.49,0.0016893424036281178,0.02437641723356007,0.00012429940502244584,21.49999999999998,0.0008446712018140589,0.012188208616780036,6.214970251122292e-05,0.10963207522979723,100
0.4,25.2,4095.50000000001,0.014285714285714285,2.321712018140595,0.004664483156225131,8.22814828758113,12.76,0.014467120181405895,2.1397392290249484,0.005841775645224052,1887.2500000000043,0.007233560090702948,1.0698696145124742,0.002920887822612026,5.152446119087614,12.44,0.014104308390022675,2.5036848072562425,0.005362701987723043,2208.2500000000055,0.0070521541950113375,1.2518424036281213,0.0026813509938615216,4.729903153171724,0.0,0.0,0.0,0.0,0.0,0.0,0.0,0.0,0.0,3.88,74.25000000000011,0.002199546485260771,0.04209183673469393,0.00013148254260933283,0.2319352051628631,3.88,74.25000000000011,0.002199546485260771,0.04209183673469393,0.00013148254260933283,0.2319352051628631,3.88,74.25000000000011,0.002199546485260771,0.04209183673469393,0.00013148254260933283,0.2319352051628631,0.0,0.0,0.0,0.0,0.0,0.0,0.0,0.0,0.0,0.0,0.0,0.0,1.85,0.0020975056689342404,0.043367346938775565,0.00016463685436484858,38.25000000000004,0.0010487528344671202,0.021683673469387783,8.231842718242429e-05,0.14520970554979645,1.85,0.0020975056689342404,0.043367346938775565,0.00016463685436484858,38.25000000000004,0.0010487528344671202,0.021683673469387783,8.231842718242429e-05,0.14520970554979645,1.85,0.0020975056689342404,0.043367346938775565,0.00016463685436484858,38.25000000000004,0.0010487528344671202,0.021683673469387783,8.231842718242429e-05,0.14520970554979645,0.0,0.0,0.0,0.0,0.0,0.0,0.0,0.0,0.0,0.0,0.0,0.0,2.03,0.0023015873015873015,0.04081632653061229,0.00016782382095868335,36.00000000000004,0.0011507936507936507,0.020408163265306145,8.391191047934168e-05,0.14802061008555872,2.03,0.0023015873015873015,0.04081632653061229,0.00016782382095868335,36.00000000000004,0.0011507936507936507,0.020408163265306145,8.391191047934168e-05,0.14802061008555872,2.03,0.0023015873015873015,0.04081632653061229,0.00016782382095868335,36.00000000000004,0.0011507936507936507,0.020408163265306145,8.391191047934168e-05,0.14802061008555872,0.0,0.7500000000000039,0.0,0.01562500000000008,0.0,0.0,0.0004251700680272131,0.0,0.0,50.06,5027.250000000011,0.02837868480725624,2.849914965986401,0.004766060031052211,8.407329894776101,3.88,73.5000000000001,0.002199546485260771,0.04166666666666671,0.00013148254260933283,0.2319352051628631,3.88,73.5000000000001,0.002199546485260771,0.04166666666666671,0.00013148254260933283,0.2319352051628631,3.88,74.25000000000011,0.002199546485260771,0.04209183673469393,0.00013148254260933283,0.2319352051628631,0.0,0.0,0.0002834467120181431,0.0,0.2500000000000022,0.0,0.010416666666666758,0.0,0.0,0.00014172335600907155,0.0,0.0,25.06,0.02841269841269841,2.7372448979591897,0.006021575396138435,2414.2500000000055,0.014206349206349205,1.3686224489795948,0.0030107876980692175,5.3110294993941,1.85,0.0020975056689342404,0.04308390022675741,0.00016463685436484858,38.00000000000004,0.0010487528344671202,0.021541950113378706,8.231842718242429e-05,0.14520970554979645,1.85,0.0020975056689342404,0.04308390022675741,0.00016463685436484858,38.00000000000004,0.0010487528344671202,0.021541950113378706,8.231842718242429e-05,0.14520970554979645,1.85,0.0020975056689342404,0.043367346938775565,0.00016463685436484858,38.25000000000004,0.0010487528344671202,0.021683673469387783,8.231842718242429e-05,0.14520970554979645,0.0,0.0,0.000566893424036283,0.0,0.5000000000000017,0.0,0.0208333333333334,0.0,0.0,0.0002834467120181415,0.0,0.0,25.0,0.02834467120181406,2.962585034013613,0.005360102846404104,2613.0000000000064,0.01417233560090703,1.4812925170068065,0.002680051423202052,4.7276107105284195,2.03,0.0023015873015873015,0.04024943310657601,0.00016782382095868335,35.50000000000004,0.0011507936507936507,0.020124716553288007,8.391191047934168e-05,0.14802061008555872,2.03,0.0023015873015873015,0.04024943310657601,0.00016782382095868335,35.50000000000004,0.0011507936507936507,0.020124716553288007,8.391191047934168e-05,0.14802061008555872,2.03,0.0023015873015873015,0.04081632653061229,0.00016782382095868335,36.00000000000004,0.0011507936507936507,0.020408163265306145,8.391191047934168e-05,0.14802061008555872,100
0.42,163.94,6975.500000000005,0.09293650793650793,3.9543650793650817,0.010846416653198375,19.133078976241933,75.61,0.08572562358276643,3.952380952380953,0.012253663271946016,3486.0000000000005,0.04286281179138322,1.9761904761904765,0.006126831635973008,10.807731005856386,88.33,0.10014739229024944,3.95634920634921,0.012673746209280844,3489.500000000003,0.05007369614512472,1.978174603174605,0.006336873104640422,11.178244156585704,0.0,6.249999999999986,0.0,0.13020833333333304,0.0,0.0,0.0035430839002267493,0.0,0.0,5.79,96.75000000000004,0.003282312925170068,0.05484693877551024,0.00016400370742960415,0.2893025399058217,5.79,90.50000000000007,0.003282312925170068,0.051303854875283494,0.00016400370742960415,0.2893025399058217,5.79,90.50000000000007,0.003282312925170068,0.051303854875283494,0.00016400370742960415,0.2893025399058217,0.0,0.0,0.0031179138321995397,0.0,2.749999999999994,0.0,0.11458333333333308,0.0,0.0,0.0015589569160997698,0.0,0.0,2.86,0.003242630385487528,0.05583900226757371,0.00019803686760045308,49.250000000000014,0.001621315192743764,0.027919501133786856,9.901843380022654e-05,0.1746685172235996,2.86,0.003242630385487528,0.052721088435374194,0.00019803686760045308,46.50000000000003,0.001621315192743764,0.026360544217687097,9.901843380022654e-05,0.1746685172235996,2.86,0.003242630385487528,0.052721088435374194,0.00019803686760045308,46.50000000000003,0.001621315192743764,0.026360544217687097,9.901843380022654e-05,0.1746685172235996,0.0,0.0,0.00396825396825396,0.0,3.4999999999999925,0.0,0.145833333333333,0.0,0.0,0.00198412698412698,0.0,0.0,2.93,0.0033219954648526077,0.053854875283446735,0.0002175547356117983,47.50000000000003,0.0016609977324263038,0.026927437641723367,0.00010877736780589915,0.1918832768096061,2.93,0.0033219954648526077,0.04988662131519278,0.0002175547356117983,44.00000000000003,0.0016609977324263038,0.02494331065759639,0.00010877736780589915,0.1918832768096061,2.93,0.0033219954648526077,0.04988662131519278,0.0002175547356117983,44.00000000000003,0.0016609977324263038,0.02494331065759639,0.00010877736780589915,0.1918832768096061,0.04,7.2499999999999885,0.0008333333333333334,0.15104166666666644,0.0004103049699311091,2.2675736961451248e-05,0.004109977324263032,1.1164761086560792e-05,0.019694638556693237,218.64,7643.500000000006,0.12394557823129251,4.3330498866213185,0.011090479168509932,19.56360525325152,5.75,89.50000000000006,0.003259637188208617,0.050736961451247196,0.00016322597355096475,0.2879306173439018,5.75,89.50000000000006,0.003259637188208617,0.050736961451247196,0.00016322597355096475,0.2879306173439018,5.79,96.75000000000004,0.003282312925170068,0.05484693877551024,0.00016400370742960415,0.2893025399058217,0.02,2.2675736961451248e-05,0.0031179138321995427,1.5952981194590667e-05,2.7499999999999964,0.0008333333333333334,0.11458333333333319,0.000586272058901207,1.1337868480725624e-05,0.0015589569160997714,7.976490597295334e-06,0.014070529413628968,104.8,0.11882086167800453,4.285714285714288,0.012178932644161379,3780.0000000000027,0.059410430839002264,2.142857142857144,0.006089466322080689,10.741818592150336,2.84,0.0032199546485260767,0.05272108843537419,0.0001978400705056344,46.50000000000002,0.0016099773242630384,0.026360544217687094,9.89200352528172e-05,0.17449494218596953,2.84,0.0032199546485260767,0.05272108843537419,0.0001978400705056344,46.50000000000002,0.0016099773242630384,0.026360544217687094,9.89200352528172e-05,0.17449494218596953,2.86,0.003242630385487528,0.05583900226757371,0.00019803686760045308,49.250000000000014,0.001621315192743764,0.027919501133786856,9.901843380022654e-05,0.1746685172235996,0.02,2.2675736961451248e-05,0.005102040816326522,1.5952981194590667e-05,4.499999999999992,0.0008333333333333334,0.18749999999999967,0.000586272058901207,1.1337868480725624e-05,0.002551020408163261,7.976490597295334e-06,0.014070529413628968,113.84,0.1290702947845805,4.380385487528349,0.012482548251942062,3863.5000000000036,0.06453514739229026,2.1901927437641744,0.006241274125971031,11.009607558212899,2.91,0.0032993197278911564,0.048752834467120226,0.00021865016632186538,43.00000000000003,0.0016496598639455782,0.024376417233560113,0.00010932508316093269,0.19284944669588527,2.91,0.0032993197278911564,0.048752834467120226,0.00021865016632186538,43.00000000000003,0.0016496598639455782,0.024376417233560113,0.00010932508316093269,0.19284944669588527,2.93,0.0033219954648526077,0.053854875283446735,0.0002175547356117983,47.50000000000003,0.0016609977324263038,0.026927437641723367,0.00010877736780589915,0.1918832768096061,100
0.44,304.22,8622.499999999993,0.17246031746031748,4.8880385487528315,0.014122146133384245,24.91146577928981,152.2,0.17256235827664398,5.1913265306122405,0.01533103869293999,4578.749999999996,0.08628117913832199,2.5956632653061202,0.007665519346469995,13.52197612717307,152.02,0.17235827664399095,4.584750566893421,0.01486762355999393,4043.7499999999964,0.08617913832199547,2.2923752834467104,0.007433811779996965,13.113243979914646,0.25,17.999999999999982,0.005208333333333333,0.37499999999999967,0.002861353206389797,0.0001417233560090703,0.010204081632653052,7.785995119428019e-05,0.13734495390671025,7.75,111.24999999999991,0.004393424036281179,0.06306689342403625,0.00026001738931601646,0.4586706747534531,7.5,93.24999999999989,0.004251700680272109,0.05286281179138318,0.00022205610044034857,0.3917069611767749,7.5,93.24999999999989,0.004251700680272109,0.05286281179138318,0.00022205610044034857,0.3917069611767749,0.11,0.00012471655328798187,0.00793650793650793,7.5405198955612e-05,6.999999999999995,0.004583333333333333,0.2916666666666664,0.002771141061618741,6.235827664399093e-05,0.003968253968253965,3.7702599477806e-05,0.06650738547884978,3.82,0.004331065759637188,0.06150793650793647,0.000296436146085177,54.24999999999997,0.002165532879818594,0.030753968253968235,0.0001482180730425885,0.26145668084712614,3.71,0.004206349206349207,0.053571428571428534,0.0002668933549521719,47.24999999999997,0.0021031746031746033,0.026785714285714267,0.00013344667747608596,0.23539993906781564,3.71,0.004206349206349207,0.053571428571428534,0.0002668933549521719,47.24999999999997,0.0021031746031746033,0.026785714285714267,0.00013344667747608596,0.23539993906781564,0.14,0.00015873015873015876,0.012471655328798176,9.399309927996697e-05,10.999999999999991,0.005833333333333334,0.4583333333333329,0.0034542463985387864,7.936507936507938e-05,0.006235827664399088,4.6996549639983486e-05,0.08290191356493087,3.93,0.00445578231292517,0.06462585034013599,0.00029550388220903924,56.99999999999994,0.002227891156462585,0.032312925170067994,0.00014775194110451962,0.2606344241083726,3.79,0.004297052154195012,0.052154195011337806,0.0002639581676916368,45.99999999999994,0.002148526077097506,0.026077097505668903,0.0001319790838458184,0.23281110390402365,3.79,0.004297052154195012,0.052154195011337806,0.0002639581676916368,45.99999999999994,0.002148526077097506,0.026077097505668903,0.0001319790838458184,0.23281110390402365,0.29,19.499999999999982,0.0060416666666666665,0.4062499999999996,0.0028754147458615945,0.00016439909297052152,0.011054421768707473,7.824257811868284e-05,0.13801990780135653,355.8,8172.499999999992,0.20170068027210886,4.6329365079365035,0.013214362616066283,23.310135654740925,7.46,91.74999999999991,0.0042290249433106575,0.05201247165532877,0.00022189816370259057,0.3914283607713698,7.46,91.74999999999991,0.0042290249433106575,0.05201247165532877,0.00022189816370259057,0.3914283607713698,7.75,111.24999999999991,0.004393424036281179,0.06306689342403625,0.00026001738931601646,0.4586706747534531,0.11,0.00012471655328798187,0.00821995464852607,7.5405198955612e-05,7.249999999999993,0.004583333333333333,0.3020833333333331,0.002771141061618741,6.235827664399093e-05,0.004109977324263035,3.7702599477806e-05,0.06650738547884978,176.26,0.19984126984126982,4.851190476190471,0.014198369272443587,4278.749999999996,0.09992063492063491,2.4255952380952355,0.007099184636221794,12.522961698295244,3.71,0.004206349206349207,0.053287981859410374,0.0002668933549521719,46.99999999999996,0.0021031746031746033,0.026643990929705187,0.00013344667747608596,0.23539993906781564,3.71,0.004206349206349207,0.053287981859410374,0.0002668933549521719,46.99999999999996,0.0021031746031746033,0.026643990929705187,0.00013344667747608596,0.23539993906781564,3.82,0.004331065759637188,0.06150793650793647,0.000296436146085177,54.24999999999997,0.002165532879818594,0.030753968253968235,0.0001482180730425885,0.26145668084712614,0.18,0.0002040816326530612,0.013888888888888878,9.585344577840528e-05,12.24999999999999,0.0075,0.5104166666666662,0.003522614132356394,0.0001020408163265306,0.006944444444444439,4.792672288920264e-05,0.08454273917655346,179.54,0.20356009070294784,4.414682539682534,0.013609062750736528,3893.749999999996,0.10178004535147392,2.207341269841267,0.006804531375368264,12.003193346149619,3.75,0.004251700680272109,0.05073696145124712,0.0002649793812387035,44.74999999999996,0.0021258503401360546,0.02536848072562356,0.00013248969061935176,0.2337118142525365,3.75,0.004251700680272109,0.05073696145124712,0.0002649793812387035,44.74999999999996,0.0021258503401360546,0.02536848072562356,0.00013248969061935176,0.2337118142525365,3.93,0.00445578231292517,0.06462585034013599,0.00029550388220903924,56.99999999999994,0.002227891156462585,0.032312925170067994,0.00014775194110451962,0.2606344241083726,100
0.46,508.84,8452.749999999998,0.2884580498866213,4.791808390022675,0.010115679814650641,17.84405919304373,258.76,0.2933786848072562,4.773526077097505,0.01089487197635195,4210.25,0.1466893424036281,2.3867630385487524,0.005447435988175975,9.60927708314242,250.08,0.2835374149659864,4.8100907029478455,0.011384700000301758,4242.500000000001,0.1417687074829932,2.4050453514739227,0.005692350000150879,10.04130540026615,0.72,208.25000000000063,0.015,4.338541666666679,0.004673320773097047,0.0004081632653061224,0.1180555555555559,0.00012716519110468155,0.22431939710865825,10.24,360.00000000000085,0.005804988662131519,0.20408163265306167,0.0002933096989494341,0.5173983089468017,9.52,151.75000000000026,0.005396825396825396,0.08602607709750577,0.00023079841358049317,0.40712840155598995,9.52,151.75000000000026,0.005396825396825396,0.08602607709750577,0.00023079841358049317,0.40712840155598995,0.28,0.0003174603174603175,0.11904761904761939,9.812929487043416e-05,105.00000000000031,0.011666666666666667,4.375000000000012,0.003606251586488456,0.00015873015873015876,0.059523809523809694,4.906464743521708e-05,0.08655003807572294,5.03,0.005702947845804989,0.20833333333333387,0.0003114210427779606,183.75000000000045,0.0028514739229024946,0.10416666666666693,0.0001557105213889803,0.2746733597301612,4.75,0.005385487528344671,0.08928571428571441,0.00028114690353113426,78.75000000000013,0.0026927437641723357,0.044642857142857206,0.00014057345176556713,0.24797156891446043,4.75,0.005385487528344671,0.08928571428571441,0.00028114690353113426,78.75000000000013,0.0026927437641723357,0.044642857142857206,0.00014057345176556713,0.24797156891446043,0.44,0.0004988662131519275,0.1170634920634924,0.00019021096474000865,103.25000000000028,0.018333333333333333,4.302083333333345,0.006990252954195318,0.00024943310657596373,0.0585317460317462,9.510548237000432e-05,0.16776607090068762,5.21,0.0059070294784580495,0.19982993197278956,0.0003528013713924145,176.2500000000004,0.0029535147392290247,0.09991496598639478,0.00017640068569620726,0.3111708095681096,4.77,0.005408163265306122,0.08276643990929715,0.0002873051025408606,73.00000000000009,0.002704081632653061,0.041383219954648574,0.0001436525512704303,0.25340310044103903,4.77,0.005408163265306122,0.08276643990929715,0.0002873051025408606,73.00000000000009,0.002704081632653061,0.041383219954648574,0.0001436525512704303,0.25340310044103903,0.82,210.00000000000063,0.017083333333333332,4.375000000000012,0.004666749337892067,0.00046485260770975055,0.1190476190476194,0.00012698637654128073,0.2240039682188192,545.54,7717.999999999998,0.3092630385487528,4.375283446712018,0.00871442137773969,15.372239310332812,9.42,150.00000000000026,0.005340136054421769,0.0850340136054423,0.00023187887728066356,0.40903433952309054,9.42,150.00000000000026,0.005340136054421769,0.0850340136054423,0.00023187887728066356,0.40903433952309054,10.24,360.00000000000085,0.005804988662131519,0.20408163265306167,0.0002933096989494341,0.5173983089468017,0.31,0.0003514739229024943,0.12131519274376452,0.00010024350444659651,107.00000000000031,0.012916666666666667,4.458333333333346,0.0036839487884124215,0.00017573696145124716,0.06065759637188226,5.0121752223298255e-05,0.08841477092189812,275.95,0.31286848072562357,4.4095804988662115,0.009041264828663834,3889.249999999999,0.15643424036281178,2.2047902494331058,0.004520632414331917,7.974395578881501,4.72,0.005351473922902494,0.08701814058956928,0.00028331154155762607,76.75000000000013,0.002675736961451247,0.04350907029478464,0.00014165577077881303,0.24988077965382618,4.72,0.005351473922902494,0.08701814058956928,0.00028331154155762607,76.75000000000013,0.002675736961451247,0.04350907029478464,0.00014165577077881303,0.24988077965382618,5.03,0.005702947845804989,0.20833333333333387,0.0003114210427779606,183.75000000000045,0.0028514739229024946,0.10416666666666693,0.0001557105213889803,0.2746733597301612,0.51,0.0005782312925170068,0.11678004535147425,0.00019033038934686982,103.00000000000028,0.02125,4.2916666666666785,0.006994641808497466,0.0002891156462585034,0.058390022675737126,9.516519467343491e-05,0.1678714034039392,269.59,0.30565759637188206,4.340986394557822,0.009601195447454896,3828.75,0.15282879818594103,2.170493197278911,0.004800597723727448,8.468254384655218,4.7,0.005328798185941043,0.0830498866213153,0.0002835039681972961,73.2500000000001,0.0026643990929705215,0.04152494331065765,0.00014175198409864805,0.25005049995001516,4.7,0.005328798185941043,0.0830498866213153,0.0002835039681972961,73.2500000000001,0.0026643990929705215,0.04152494331065765,0.00014175198409864805,0.25005049995001516,5.21,0.0059070294784580495,0.19982993197278956,0.0003528013713924145,176.2500000000004,0.0029535147392290247,0.09991496598639478,0.00017640068569620726,0.3111708095681096,100
0.48,642.33,5305.750000000007,0.3641326530612245,3.0077947845805024,0.005709906307982275,10.072274727280734,320.61,0.3635034013605442,2.9039115646258535,0.006699009681071868,2561.250000000002,0.1817517006802721,1.4519557823129268,0.003349504840535934,5.908526538705387,321.72,0.3647619047619048,3.111678004535152,0.005868718548230234,2744.5000000000036,0.1823809523809524,1.555839002267576,0.002934359274115117,5.176209759539066,8.58,529.2499999999999,0.17875,11.026041666666664,0.025390089322459442,0.0048639455782312924,0.30002834467120176,0.0006908867842846107,1.2187242874780533,22.15,787.75,0.012556689342403627,0.44657029478458043,0.0009112561211195209,1.607455797654835,13.57,258.5,0.007692743764172336,0.14654195011337864,0.0002932139512785745,0.5172294100554053,13.57,258.5,0.007692743764172336,0.14654195011337864,0.0002932139512785745,0.5172294100554053,4.31,0.004886621315192743,0.3069727891156461,0.0007345472086638876,270.74999999999994,0.17958333333333332,11.281249999999996,0.02699460991839787,0.0024433106575963716,0.15348639455782306,0.0003672736043319438,0.6478706380415489,11.17,0.012664399092970522,0.45890022675736947,0.0009356463646507694,404.7499999999999,0.006332199546485261,0.22945011337868473,0.0004678231823253847,0.8252400936219786,6.86,0.007777777777777778,0.15192743764172334,0.00034299477420142736,133.99999999999997,0.003888888888888889,0.07596371882086167,0.00017149738710071368,0.30252139084565893,6.86,0.007777777777777778,0.15192743764172334,0.00034299477420142736,133.99999999999997,0.003888888888888889,0.07596371882086167,0.00017149738710071368,0.30252139084565893,4.27,0.004841269841269841,0.2930839002267573,0.0006831016457147568,258.49999999999994,0.17791666666666664,10.77083333333333,0.025103985480017313,0.0024206349206349204,0.14654195011337864,0.0003415508228573784,0.6024956515204155,10.98,0.012448979591836735,0.43424036281179135,0.0009157174556957375,383.0,0.006224489795918367,0.21712018140589567,0.00045785872784786873,0.8076627959236404,6.71,0.007607709750566893,0.14115646258503403,0.00033852700486352607,124.49999999999999,0.0038038548752834466,0.07057823129251702,0.00016926350243176303,0.29858081828963,6.71,0.007607709750566893,0.14115646258503403,0.00033852700486352607,124.49999999999999,0.0038038548752834466,0.07057823129251702,0.00016926350243176303,0.29858081828963,8.69,564.2499999999998,0.18104166666666666,11.75520833333333,0.02550124437171984,0.004926303854875283,0.31986961451247153,0.0006939114114753698,1.2240597298425524,664.52,5044.2500000000055,0.3767120181405896,2.859552154195015,0.005702518991089967,10.059243500282703,13.46,223.50000000000003,0.007630385487528345,0.12670068027210885,0.0002902278695979922,0.5119619619708582,13.46,223.50000000000003,0.007630385487528345,0.12670068027210885,0.0002902278695979922,0.5119619619708582,22.15,787.75,0.012556689342403627,0.44657029478458043,0.0009112561211195209,1.607455797654835,4.39,0.004977324263038548,0.3265306122448979,0.0007389883801435636,287.9999999999999,0.18291666666666664,11.999999999999996,0.027157822970275965,0.002488662131519274,0.16326530612244894,0.0003694941900717818,0.6517877512866231,331.83,0.3762244897959183,2.8004535147392318,0.0066200077456119175,2470.0000000000027,0.18811224489795916,1.4002267573696159,0.0033100038728059587,5.838846831629711,6.78,0.007687074829931973,0.13236961451247167,0.00034054809098037583,116.75000000000004,0.0038435374149659867,0.06618480725623584,0.00017027404549018791,0.3003634162446915,6.78,0.007687074829931973,0.13236961451247167,0.00034054809098037583,116.75000000000004,0.0038435374149659867,0.06618480725623584,0.00017027404549018791,0.3003634162446915,11.17,0.012664399092970522,0.45890022675736947,0.0009356463646507694,404.7499999999999,0.006332199546485261,0.22945011337868473,0.0004678231823253847,0.8252400936219786,4.3,0.004875283446712018,0.31320861678004525,0.0006845532845730913,276.24999999999994,0.17916666666666667,11.510416666666663,0.025157333208061104,0.002437641723356009,0.15660430839002262,0.00034227664228654565,0.6037759969934665,332.69,0.3771995464852608,2.918650793650798,0.005912047934832266,2574.2500000000027,0.1885997732426304,1.459325396825399,0.002956023967416133,5.214426278522059,6.68,0.0075736961451247165,0.12103174603174607,0.0003368293266985577,106.75000000000006,0.0037868480725623582,0.06051587301587304,0.00016841466334927886,0.2970834661481279,6.68,0.0075736961451247165,0.12103174603174607,0.0003368293266985577,106.75000000000006,0.0037868480725623582,0.06051587301587304,0.00016841466334927886,0.2970834661481279,10.98,0.012448979591836735,0.43424036281179135,0.0009157174556957375,383.0,0.006224489795918367,0.21712018140589567,0.00045785872784786873,0.8076627959236404,100
0.5,721.07,3565.249999999998,0.4087698412698413,2.0211167800453502,0.003307327422850041,5.834125573907473,361.21,0.40953514739229024,2.0589569160997705,0.003425981687189703,1815.9999999999973,0.20476757369614512,1.0294784580498852,0.0017129908435948515,3.021715848101318,359.86,0.4080045351473923,1.9832766439909282,0.003417015060912789,1749.2499999999973,0.20400226757369616,0.9916383219954641,0.0017085075304563945,3.0138072837250798,21.89,784.4999999999993,0.4560416666666667,16.343749999999986,0.03358216128449148,0.012409297052154196,0.4447278911564623,0.0009138003070609925,1.6119437416555908,41.75,1270.2499999999986,0.02366780045351474,0.7200963718820854,0.0012857255512237736,2.2680198723587366,19.86,485.7499999999996,0.011258503401360543,0.2753684807256233,0.00047333929308263556,0.8349705129977691,19.86,485.7499999999996,0.011258503401360543,0.2753684807256233,0.00047333929308263556,0.8349705129977691,11.11,0.012596371882086167,0.4489795918367343,0.0009371494944081281,395.99999999999966,0.46291666666666664,16.499999999999986,0.03444024391949871,0.006298185941043083,0.22448979591836715,0.00046857474720406406,0.826565854067969,21.22,0.024058956916099772,0.7324263038548746,0.0013022809641322227,645.9999999999994,0.012029478458049886,0.3662131519274373,0.0006511404820661113,1.1486118103646203,10.11,0.011462585034013605,0.2834467120181403,0.0004820752733601391,249.99999999999974,0.005731292517006803,0.14172335600907016,0.00024103763668006955,0.4251903911036427,10.11,0.011462585034013605,0.2834467120181403,0.0004820752733601391,249.99999999999974,0.005731292517006803,0.14172335600907016,0.00024103763668006955,0.4251903911036427,10.78,0.012222222222222221,0.44047619047619,0.0009314075494211815,388.49999999999966,0.44916666666666666,16.187499999999986,0.03422922744122842,0.0061111111111111106,0.220238095238095,0.00046570377471059075,0.8215014585894821,20.53,0.023276643990929706,0.7077664399092966,0.0012989739915278073,624.2499999999995,0.011638321995464853,0.3538832199546483,0.0006494869957639036,1.145695060527526,9.75,0.011054421768707483,0.2672902494331064,0.0005247573804189101,235.7499999999998,0.0055272108843537416,0.1336451247165532,0.00026237869020945503,0.4628360095294787,9.75,0.011054421768707483,0.2672902494331064,0.0005247573804189101,235.7499999999998,0.0055272108843537416,0.1336451247165532,0.00026237869020945503,0.4628360095294787,23.39,1004.4999999999991,0.4872916666666667,20.927083333333314,0.038286613996376326,0.013259637188208617,0.569444444444444,0.0010418126257517367,1.8377574718260636,747.31,3793.7499999999964,0.42364512471655325,2.1506519274376394,0.0034757669266472706,6.1312528586057855,18.36,265.7499999999997,0.010408163265306122,0.15065192743764158,0.00033740707236338223,0.5951860756490063,18.36,265.7499999999997,0.010408163265306122,0.15065192743764158,0.00033740707236338223,0.5951860756490063,41.75,1270.2499999999986,0.02366780045351474,0.7200963718820854,0.0012857255512237736,2.2680198723587366,11.83,0.013412698412698413,0.5790816326530607,0.0010600467603710535,510.74999999999955,0.49291666666666667,21.281249999999986,0.03895671844363621,0.006706349206349206,0.28954081632653034,0.0005300233801855267,0.9349612426472691,374.75,0.4248866213151927,2.2015306122448965,0.003585507260997154,1941.7499999999982,0.21244331065759636,1.1007653061224483,0.001792753630498577,3.16241740419949,9.39,0.010646258503401361,0.15334467120181391,0.00037130699676179876,135.24999999999986,0.0053231292517006805,0.07667233560090696,0.00018565349838089938,0.3274927711439065,9.39,0.010646258503401361,0.15334467120181391,0.00037130699676179876,135.24999999999986,0.0053231292517006805,0.07667233560090696,0.00018565349838089938,0.3274927711439065,21.22,0.024058956916099772,0.7324263038548746,0.0013022809641322227,645.9999999999994,0.012029478458049886,0.3662131519274373,0.0006511404820661113,1.1486118103646203,11.56,0.013106575963718822,0.5598072562358272,0.0010720157243733254,493.74999999999966,0.4816666666666667,20.57291666666665,0.03939657787071971,0.006553287981859411,0.2799036281179136,0.0005360078621866627,0.945517868897273,372.56,0.4224036281179138,2.0997732426303823,0.003544127334387166,1851.9999999999982,0.2112018140589569,1.0498866213151912,0.001772063667193583,3.1259203089294805,8.97,0.010170068027210885,0.1479591836734693,0.0003958687870587977,130.49999999999991,0.005085034013605443,0.07397959183673465,0.00019793439352939885,0.3491562701858596,8.97,0.010170068027210885,0.1479591836734693,0.0003958687870587977,130.49999999999991,0.005085034013605443,0.07397959183673465,0.00019793439352939885,0.3491562701858596,20.53,0.023276643990929706,0.7077664399092966,0.0012989739915278073,624.2499999999995,0.011638321995464853,0.3538832199546483,0.0006494869957639036,1.145695060527526,100
0.52,784.94,2656.7499999999964,0.4449773242630386,1.5060941043083904,0.002528234253348263,4.459805222906335,393.25,0.44586167800453513,1.4988662131519241,0.002621063654039457,1322.0,0.22293083900226757,0.7494331065759621,0.0013105318270197285,2.311778142862801,391.69,0.44409297052154195,1.5133219954648514,0.002627758764400377,1334.7499999999982,0.22204648526077098,0.7566609977324257,0.0013138793822001886,2.3176832302011325,39.96,627.7499999999995,0.8325,13.07812499999999,0.025655888353026107,0.022653061224489797,0.3558673469387752,0.0006981194109666967,1.231482640945253,72.96,1548.4999999999986,0.04136054421768707,0.8778344671201807,0.0014010023610061836,2.471368164814908,33.0,920.7499999999991,0.01870748299319728,0.5219671201814055,0.0008296066736091501,1.4634261722465407,33.0,920.7499999999991,0.01870748299319728,0.5219671201814055,0.0008296066736091501,1.4634261722465407,20.15,0.02284580498866213,0.3520408163265304,0.0007036115864883021,310.4999999999998,0.8395833333333332,12.937499999999991,0.0258577258034451,0.011422902494331064,0.1760204081632652,0.00035180579324415104,0.6205854192826824,37.01,0.04196145124716553,0.8664965986394552,0.0014261948982237295,764.2499999999993,0.020980725623582764,0.4332482993197276,0.0007130974491118648,1.2579039002333294,16.86,0.0191156462585034,0.5144557823129248,0.0008696129372063449,453.74999999999966,0.0095578231292517,0.2572278911564624,0.00043480646860317247,0.7669986106159963,16.86,0.0191156462585034,0.5144557823129248,0.0008696129372063449,453.74999999999966,0.0095578231292517,0.2572278911564624,0.00043480646860317247,0.7669986106159963,19.81,0.022460317460317458,0.3596938775510201,0.0007240426830848172,317.24999999999966,0.8254166666666666,13.21874999999999,0.026608568603367033,0.011230158730158729,0.17984693877551006,0.0003620213415424086,0.6386056464808088,35.95,0.04075963718820862,0.8891723356009064,0.001397675348228041,784.2499999999993,0.02037981859410431,0.4445861678004532,0.0006988376741140205,1.2327496571371321,16.14,0.01829931972789116,0.5294784580498861,0.0008351864436310941,466.99999999999966,0.00914965986394558,0.26473922902494307,0.00041759322181554706,0.7366344432826251,16.14,0.01829931972789116,0.5294784580498861,0.0008351864436310941,466.99999999999966,0.00914965986394558,0.26473922902494307,0.00041759322181554706,0.7366344432826251,48.87,1152.7499999999989,1.018125,24.01562499999998,0.039916587368035224,0.02770408163265306,0.6534863945578226,0.0010861656426676251,1.9159961936656906,816.27,3119.25,0.4627380952380952,1.7682823129251712,0.0028166352557134314,4.968544591078493,24.09,395.7499999999996,0.013656462585034014,0.22434807256235806,0.00041953788816587694,0.7400648347246069,24.09,395.7499999999996,0.013656462585034014,0.22434807256235806,0.00041953788816587694,0.7400648347246069,72.96,1548.4999999999986,0.04136054421768707,0.8778344671201807,0.0014010023610061836,2.471368164814908,24.82,0.028140589569160997,0.6598639455782307,0.0011063563751621444,581.9999999999994,1.0341666666666667,24.24999999999998,0.04065859678720881,0.014070294784580498,0.32993197278911535,0.0005531781875810722,0.9758063228930114,409.5,0.4642857142857143,1.7403628117913819,0.0029237634825912987,1534.9999999999982,0.23214285714285715,0.8701814058956909,0.0014618817412956494,2.5787593916455256,12.19,0.013820861678004535,0.2066326530612243,0.0004895058642699819,182.24999999999986,0.006910430839002267,0.10331632653061215,0.00024475293213499093,0.431744172286124,12.19,0.013820861678004535,0.2066326530612243,0.0004895058642699819,182.24999999999986,0.006910430839002267,0.10331632653061215,0.00024475293213499093,0.431744172286124,37.01,0.04196145124716553,0.8664965986394552,0.0014261948982237295,764.2499999999993,0.020980725623582764,0.4332482993197276,0.0007130974491118648,1.2579039002333294,24.05,0.027267573696145124,0.6471088435374144,0.0011243999747669754,570.7499999999995,1.0020833333333334,23.78124999999998,0.041321699072686346,0.013633786848072562,0.3235544217687072,0.0005621999873834877,0.9917207777444723,406.77,0.46119047619047615,1.796201814058957,0.0028358115412602126,1584.2499999999982,0.23059523809523808,0.8981009070294785,0.0014179057706301063,2.5011857793915073,11.9,0.013492063492063493,0.24206349206349187,0.000469965496399835,213.49999999999983,0.006746031746031746,0.12103174603174593,0.0002349827481999175,0.4145095678246545,11.9,0.013492063492063493,0.24206349206349187,0.000469965496399835,213.49999999999983,0.006746031746031746,0.12103174603174593,0.0002349827481999175,0.4145095678246545,35.95,0.04075963718820862,0.8891723356009064,0.001397675348228041,784.2499999999993,0.02037981859410431,0.4445861678004532,0.0006988376741140205,1.2327496571371321,100
0.54,827.34,1266.7499999999964,0.4690136054421769,0.7181122448979593,0.0020257648691823604,3.5734492292376836,414.09,0.4694897959183673,0.5853174603174587,0.002232841439200368,516.25,0.23474489795918366,0.29265873015872934,0.001116420719600184,1.9693661493747245,413.25,0.4685374149659864,0.8509070294784564,0.0021655496686010193,750.5,0.2342687074829932,0.4254535147392282,0.0010827748343005096,1.910014807706099,47.0,200.9999999999999,0.9791666666666666,4.1874999999999964,0.006274503034322452,0.026643990929705215,0.11394557823129237,0.00017073477644414834,0.3011761456474777,103.69,1582.4999999999986,0.058781179138321996,0.8971088435374144,0.0014811443352287176,2.612738607343458,56.69,1381.4999999999989,0.03213718820861678,0.7831632653061218,0.0014055080809059184,2.4793162547180403,56.69,1381.4999999999989,0.03213718820861678,0.7831632653061218,0.0014055080809059184,2.4793162547180403,23.53,0.026678004535147393,0.10912698412698407,0.0001753902769787192,96.25,0.9804166666666667,4.010416666666664,0.0064455926789679305,0.013339002267573697,0.054563492063492036,8.76951384893596e-05,0.15469422429523033,51.79,0.058718820861678005,0.8798185941043077,0.001494116530888008,775.9999999999992,0.029359410430839002,0.43990929705215387,0.000747058265444004,1.317810780243223,28.26,0.032040816326530615,0.7706916099773238,0.0014235635909415373,679.7499999999995,0.016020408163265307,0.3853458049886619,0.0007117817954707687,1.2555830872104359,28.26,0.032040816326530615,0.7706916099773238,0.0014235635909415373,679.7499999999995,0.016020408163265307,0.3853458049886619,0.0007117817954707687,1.2555830872104359,23.47,0.026609977324263036,0.11876417233560088,0.00018405989924932424,104.75,0.9779166666666667,4.364583333333332,0.006764201297412666,0.013304988662131518,0.05938208616780044,9.202994962466212e-05,0.16234083113790398,51.9,0.058843537414965986,0.9143990929705204,0.0014885621225201038,806.4999999999991,0.029421768707482993,0.4571995464852602,0.0007442810612600519,1.3129117920627316,28.43,0.03223356009070295,0.79563492063492,0.0014071082910431388,701.7499999999994,0.016116780045351473,0.39781746031746,0.0007035541455215694,1.2410695127000484,28.43,0.03223356009070295,0.79563492063492,0.0014071082910431388,701.7499999999994,0.016116780045351473,0.39781746031746,0.0007035541455215694,1.2410695127000484,69.5,689.4999999999995,1.4479166666666667,14.364583333333321,0.03573215592279779,0.03939909297052154,0.3908730158730157,0.00097230356252511,1.715143484294294,872.08,2680.75,0.49437641723356013,1.5196995464852598,0.002566917441573715,4.528042366936033,34.19,892.9999999999994,0.019382086167800454,0.5062358276643986,0.0008371513997811767,1.4767350692139956,34.19,892.9999999999994,0.019382086167800454,0.5062358276643986,0.0008371513997811767,1.4767350692139956,103.69,1582.4999999999986,0.058781179138321996,0.8971088435374144,0.0014811443352287176,2.612738607343458,35.11,0.03980725623582766,0.36224489795918335,0.0010635735213128776,319.4999999999998,1.4629166666666666,13.31249999999999,0.03908632690824825,0.01990362811791383,0.18112244897959168,0.0005317867606564388,0.938071845797958,436.15,0.49450113378684807,1.4846938775510186,0.0025996245245912797,1309.5,0.24725056689342403,0.7423469387755093,0.0012998122622956399,2.2928688306895086,16.68,0.01891156462585034,0.5175736961451243,0.0007974667191031415,456.4999999999996,0.00945578231292517,0.25878684807256214,0.0003987333595515708,0.7033656462489708,16.68,0.01891156462585034,0.5175736961451243,0.0007974667191031415,456.4999999999996,0.00945578231292517,0.25878684807256214,0.0003987333595515708,0.7033656462489708,51.79,0.058718820861678005,0.8798185941043077,0.001494116530888008,775.9999999999992,0.029359410430839002,0.43990929705215387,0.000747058265444004,1.317810780243223,34.39,0.03899092970521542,0.41950113378684784,0.0010163785081200745,369.99999999999966,1.4329166666666666,15.416666666666657,0.03735191017341274,0.01949546485260771,0.20975056689342392,0.0005081892540600373,0.8964458441619056,435.93,0.49425170068027213,1.5547052154195011,0.0026663418800220657,1371.25,0.24712585034013607,0.7773526077097506,0.0013331709400110328,2.351713538179462,17.51,0.01985260770975057,0.494897959183673,0.0009951542590987059,436.49999999999955,0.009926303854875284,0.2474489795918365,0.0004975771295493529,0.8777260565250586,17.51,0.01985260770975057,0.494897959183673,0.0009951542590987059,436.49999999999955,0.009926303854875284,0.2474489795918365,0.0004975771295493529,0.8777260565250586,51.9,0.058843537414965986,0.9143990929705204,0.0014885621225201038,806.4999999999991,0.029421768707482993,0.4571995464852602,0.0007442810612600519,1.3129117920627316,100
0.56,835.61,-448.25000000000364,0.47370181405895695,-0.25410997732426566,0.002086448100711307,3.6804944496547463,413.9,0.4692743764172335,-0.5181405895691622,0.002928999230417941,-457.0000000000018,0.23463718820861676,-0.2590702947845811,0.0014644996152089705,2.583377321228624,421.71,0.47812925170068027,0.009920634920634441,0.0021993383842658096,8.75,0.23906462585034013,0.004960317460317221,0.0010996691921329048,1.939816454922444,48.0,25.0,1.0,0.5208333333333357,0.0,0.027210884353741496,0.014172335600907027,0.0,0.0,136.26,1681.2500000000036,0.07724489795918367,0.9530895691610002,0.0015402553226261542,2.717010389112536,88.26,1656.2500000000039,0.05003401360544218,0.938917233560093,0.0015402553226261542,2.717010389112536,88.26,1656.2500000000039,0.05003401360544218,0.938917233560093,0.0015402553226261542,2.717010389112536,24.0,0.027210884353741496,0.013321995464852576,0.0,11.75,1.0,0.48958333333333215,0.0,0.013605442176870748,0.006660997732426288,0.0,0.0,68.05,0.07715419501133787,0.9569160997732451,0.0015421063127312481,844.0000000000018,0.038577097505668935,0.47845804988662255,0.0007710531563656241,1.3601377678289608,44.05,0.04994331065759637,0.9435941043083921,0.0015421063127312481,832.2500000000019,0.024971655328798185,0.47179705215419604,0.0007710531563656241,1.3601377678289608,44.05,0.04994331065759637,0.9435941043083921,0.0015421063127312481,832.2500000000019,0.024971655328798185,0.47179705215419604,0.0007710531563656241,1.3601377678289608,24.0,0.027210884353741496,0.015022675736961477,0.0,13.25,1.0,0.5520833333333357,0.0,0.013605442176870748,0.007511337868480739,0.0,0.0,68.21,0.07733560090702947,0.9492630385487548,0.0015531742897155944,837.2500000000018,0.038667800453514735,0.4746315192743774,0.0007765871448577972,1.3698997235291543,44.21,0.050124716553287985,0.9342403628117935,0.0015531742897155942,824.0000000000019,0.025062358276643992,0.46712018140589673,0.0007765871448577971,1.3698997235291541,44.21,0.050124716553287985,0.9342403628117935,0.0015531742897155942,824.0000000000019,0.025062358276643992,0.46712018140589673,0.0007765871448577971,1.3698997235291541,76.45,-69.25000000000205,1.5927083333333334,-1.4427083333333783,0.032654835723916975,0.0433390022675737,-0.03925736961451365,0.0008885669584739313,1.5674321147480148,923.5,2559.750000000011,0.5235260770975056,1.4511054421768748,0.002478186907785438,4.371521705333512,59.81,1750.5000000000061,0.033905895691609976,0.9923469387755135,0.0019283922485448595,3.401683926433132,59.81,1750.5000000000061,0.033905895691609976,0.9923469387755135,0.0019283922485448595,3.401683926433132,136.26,1681.2500000000036,0.07724489795918367,0.9530895691610002,0.0015402553226261542,2.717010389112536,37.6,0.042630385487528344,-0.03996598639455873,0.0010602849777392816,-35.250000000000796,1.5666666666666667,-1.4687500000000284,0.03896547293191859,0.021315192743764172,-0.019982993197279364,0.0005301424888696408,0.9351713503660463,461.88,0.523673469387755,1.4376417233560144,0.002541837129594241,1268.0000000000036,0.2618367346938775,0.7188208616780072,0.0012709185647971205,2.2419003483021207,30.45,0.034523809523809526,0.9968820861678037,0.0020487143288423727,879.2500000000028,0.017261904761904763,0.49844104308390186,0.0010243571644211863,1.8069660380389727,30.45,0.034523809523809526,0.9968820861678037,0.0020487143288423727,879.2500000000028,0.017261904761904763,0.49844104308390186,0.0010243571644211863,1.8069660380389727,68.05,0.07715419501133787,0.9569160997732451,0.0015421063127312481,844.0000000000018,0.038577097505668935,0.47845804988662255,0.0007710531563656241,1.3601377678289608,38.85,0.04404761904761905,-0.03854875283446879,0.0011511051644786702,-34.000000000001364,1.6187500000000001,-1.4166666666667282,0.042303114794591125,0.022023809523809525,-0.019274376417234396,0.0005755525822393351,1.015274755070187,461.62,0.5233786848072562,1.4645691609977387,0.002493642786127667,1291.7500000000055,0.2616893424036281,0.7322845804988694,0.0012468213930638336,2.1993929373646024,29.36,0.03328798185941043,0.9878117913832236,0.002015690349023331,871.2500000000032,0.016643990929705216,0.4939058956916118,0.0010078451745116656,1.777838887838578,29.36,0.03328798185941043,0.9878117913832236,0.002015690349023331,871.2500000000032,0.016643990929705216,0.4939058956916118,0.0010078451745116656,1.777838887838578,68.21,0.07733560090702947,0.9492630385487548,0.0015531742897155944,837.2500000000018,0.038667800453514735,0.4746315192743774,0.0007765871448577972,1.3698997235291543,100
0.58,809.41,-1791.5,0.45884920634920634,-1.0155895691609995,0.002826773210637628,4.986427943564776,395.81,0.4487641723356009,-1.3971088435374153,0.003938239736518113,-1232.2500000000018,0.22438208616780045,-0.6985544217687076,0.0019691198682590563,3.4735274476089755,413.6,0.46893424036281184,-0.6340702947845838,0.0024764638083168344,-559.2500000000018,0.23446712018140592,-0.3170351473922919,0.0012382319041584172,2.184241078935448,48.0,-2.2737367544323206e-13,1.0,-3.552713678800501e-15,0.0,0.027210884353741496,-1.1102230246251565e-16,0.0,0.0,170.94,1765.0000000000027,0.09690476190476191,1.000566893424038,0.0014635089236446617,2.5816297413091833,122.94,1765.0000000000027,0.06969387755102041,1.0005668934240384,0.0014635089236446617,2.5816297413091833,122.94,1765.0000000000027,0.06969387755102041,1.0005668934240384,0.0014635089236446617,2.5816297413091833,24.0,0.027210884353741496,-1.1102230246251565e-16,0.0,-1.1368683772161603e-13,1.0,-3.552713678800501e-15,0.0,0.013605442176870748,-5.551115123125783e-17,0.0,0.0,85.55,0.09699546485260771,1.0042517006802738,0.0014710018503121761,885.7500000000014,0.048497732426303855,0.5021258503401369,0.0007355009251560881,1.2974236319753394,61.55,0.06978458049886621,1.0042517006802738,0.0014710018503121761,885.7500000000016,0.034892290249433106,0.5021258503401369,0.0007355009251560881,1.2974236319753394,61.55,0.06978458049886621,1.0042517006802738,0.0014710018503121761,885.7500000000016,0.034892290249433106,0.5021258503401369,0.0007355009251560881,1.2974236319753394,24.0,0.027210884353741496,-1.1102230246251565e-16,0.0,-1.1368683772161603e-13,1.0,-3.552713678800501e-15,0.0,0.013605442176870748,-5.551115123125783e-17,0.0,0.0,85.39,0.0968140589569161,0.9968820861678023,0.0014666277343900113,879.2500000000014,0.04840702947845805,0.49844104308390114,0.0007333138671950057,1.29356566173199,61.39,0.0696031746031746,0.9968820861678018,0.0014666277343900113,879.2500000000011,0.0348015873015873,0.4984410430839009,0.0007333138671950057,1.29356566173199,61.39,0.0696031746031746,0.9968820861678018,0.0014666277343900113,879.2500000000011,0.0348015873015873,0.4984410430839009,0.0007333138671950057,1.29356566173199,66.73,-642.7500000000007,1.3902083333333335,-13.390625000000014,0.04208632831793566,0.037828798185941044,-0.36437074829932026,0.0011452062127329432,2.020143759260912,974.47,2509.5,0.552420634920635,1.4226190476190492,0.0020198791727902526,3.5630668608020053,104.21,2407.7500000000036,0.05907596371882086,1.3649376417233579,0.0023684486433573015,4.17794340688228,104.21,2407.7500000000036,0.05907596371882086,1.3649376417233579,0.0023684486433573015,4.17794340688228,170.94,1765.0000000000027,0.09690476190476191,1.000566893424038,0.0014635089236446617,2.5816297413091833,33.7,0.038208616780045355,-0.346938775510204,0.0012937701349225003,-306.0000000000002,1.4041666666666668,-12.750000000000004,0.047546052458401884,0.019104308390022678,-0.173469387755102,0.0006468850674612502,1.1411052590016453,486.87,0.5520068027210885,1.4379251700680307,0.002138353862754086,1268.25,0.27600340136054424,0.7189625850340153,0.001069176931377043,1.8860281069491038,51.85,0.05878684807256236,1.351190476190478,0.0024689743827334522,1191.7500000000018,0.02939342403628118,0.675595238095239,0.0012344871913667261,2.177635405570905,51.85,0.05878684807256236,1.351190476190478,0.0024689743827334522,1191.7500000000018,0.02939342403628118,0.675595238095239,0.0012344871913667261,2.177635405570905,85.55,0.09699546485260771,1.0042517006802738,0.0014710018503121761,885.7500000000014,0.048497732426303855,0.5021258503401369,0.0007355009251560881,1.2974236319753394,33.03,0.03744897959183673,-0.38180272108843594,0.0013096260590355288,-336.75000000000057,1.37625,-14.031250000000021,0.04812875766955568,0.018724489795918366,-0.19090136054421797,0.0006548130295177644,1.1550901840693364,487.6,0.5528344671201815,1.4073129251700696,0.00196000393842339,1241.25,0.27641723356009074,0.7036564625850348,0.000980001969211695,1.72872347368943,52.36,0.059365079365079364,1.378684807256238,0.0024096837751454124,1216.0000000000018,0.029682539682539682,0.689342403628119,0.0012048418875727062,2.125341089678254,52.36,0.059365079365079364,1.378684807256238,0.0024096837751454124,1216.0000000000018,0.029682539682539682,0.689342403628119,0.0012048418875727062,2.125341089678254,85.39,0.0968140589569161,0.9968820861678023,0.0014666277343900113,879.2500000000014,0.04840702947845805,0.49844104308390114,0.0007333138671950057,1.29356566173199,100
0.6,763.95,-1470.4999999999964,0.43307823129251705,-0.833616780045352,0.0014858200625865578,2.620986590402688,364.61,0.413390022675737,-1.1434240362811785,0.0020470353616712234,-1008.4999999999982,0.2066950113378685,-0.5717120181405893,0.0010235176808356117,1.8054851889940189,399.34,0.45276643990929705,-0.5238095238095255,0.0015557574785119814,-462.0,0.22638321995464852,-0.26190476190476275,0.0007778787392559907,1.3721780960475676,48.0,0.0,1.0,0.0,0.0,0.027210884353741496,0.0,0.0,0.0,206.86,1657.2499999999982,0.11726757369614513,0.9394841269841261,0.001296878134230361,2.287693028782357,158.86,1657.2499999999982,0.09005668934240364,0.9394841269841261,0.001296878134230361,2.287693028782357,158.86,1657.2499999999982,0.09005668934240364,0.9394841269841261,0.001296878134230361,2.287693028782357,24.0,0.027210884353741496,0.0,0.0,0.0,1.0,0.0,0.0,0.013605442176870748,0.0,0.0,0.0,103.48,0.11732426303854876,0.941326530612244,0.0013087359106600247,830.2499999999995,0.05866213151927438,0.470663265306122,0.0006543679553300124,1.1543050732021418,79.48,0.09011337868480726,0.941326530612244,0.0013087359106600247,830.2499999999995,0.04505668934240363,0.470663265306122,0.0006543679553300124,1.1543050732021418,79.48,0.09011337868480726,0.941326530612244,0.0013087359106600247,830.2499999999995,0.04505668934240363,0.470663265306122,0.0006543679553300124,1.1543050732021418,24.0,0.027210884353741496,0.0,0.0,0.0,1.0,0.0,0.0,0.013605442176870748,0.0,0.0,0.0,103.38,0.1172108843537415,0.9376417233560081,0.001292894679655,826.9999999999991,0.05860544217687075,0.4688208616780041,0.0006464473398275,1.14033310745571,79.38,0.09,0.9376417233560084,0.001292894679655,826.9999999999995,0.045,0.4688208616780042,0.0006464473398275,1.14033310745571,79.38,0.09,0.9376417233560084,0.001292894679655,826.9999999999995,0.045,0.4688208616780042,0.0006464473398275,1.14033310745571,50.74,-441.4999999999998,1.0570833333333334,-9.197916666666664,0.0152795568293834,0.02876417233560091,-0.25028344671201797,0.0004157702538607728,0.7334187278104032,1023.88,2173.75,0.5804308390022676,1.232284580498865,0.0017619221393874638,3.108030653879486,156.12,2098.7499999999977,0.08850340136054421,1.1897675736961442,0.0015139319288271767,2.67057592245114,156.12,2098.7499999999977,0.08850340136054421,1.1897675736961442,0.0015139319288271767,2.67057592245114,206.86,1657.2499999999982,0.11726757369614513,0.9394841269841261,0.001296878134230361,2.287693028782357,25.36,0.02875283446712018,-0.25850340136054417,0.0005155573492501506,-227.9999999999999,1.0566666666666666,-9.499999999999996,0.018946732584943036,0.01437641723356009,-0.12925170068027209,0.0002577786746250753,0.4547215820386329,512.61,0.5811904761904763,1.2585034013605405,0.001773075654843889,1110.0,0.29059523809523813,0.6292517006802703,0.0008865378274219445,1.5638527275723102,78.12,0.08857142857142858,1.199829931972788,0.0015615938377422983,1058.2499999999993,0.04428571428571429,0.599914965986394,0.0007807969188711491,1.3773257648887072,78.12,0.08857142857142858,1.199829931972788,0.0015615938377422983,1058.2499999999993,0.04428571428571429,0.599914965986394,0.0007807969188711491,1.3773257648887072,103.48,0.11732426303854876,0.941326530612244,0.0013087359106600247,830.2499999999995,0.05866213151927438,0.470663265306122,0.0006543679553300124,1.1543050732021418,25.38,0.02877551020408163,-0.24206349206349187,0.0005863227195535285,-213.4999999999999,1.0574999999999999,-8.895833333333329,0.021547359943592175,0.014387755102040815,-0.12103174603174593,0.00029316135977676427,0.5171366386462122,511.27,0.579671201814059,1.2060657596371875,0.0018344764066466743,1063.7499999999964,0.2898356009070295,0.6030328798185938,0.0009172382033233371,1.6180081906623667,78.0,0.08843537414965986,1.1797052154195002,0.0015424115083943742,1040.4999999999993,0.04421768707482993,0.5898526077097501,0.0007712057541971871,1.360406950403838,78.0,0.08843537414965986,1.1797052154195002,0.0015424115083943742,1040.4999999999993,0.04421768707482993,0.5898526077097501,0.0007712057541971871,1.360406950403838,103.38,0.1172108843537415,0.9376417233560081,0.001292894679655,826.9999999999991,0.05860544217687075,0.4688208616780041,0.0006464473398275,1.14033310745571,100
0.62,750.59,-401.5,0.4255045351473923,-0.22760770975056843,0.000987331201839367,1.7416522400446435,355.47,0.4030272108843538,-0.4095804988662124,0.0013609693213430308,-361.25,0.2015136054421769,-0.2047902494331062,0.0006804846606715154,1.2003749414245533,395.12,0.44798185941043084,-0.04563492063491914,0.001277792151618011,-40.24999999999818,0.22399092970521542,-0.02281746031745957,0.0006388960758090055,1.1270126777270857,48.0,0.0,1.0,0.0,0.0,0.027210884353741496,0.0,0.0,0.0,237.23,1679.7499999999982,0.13448412698412698,0.9522392290249422,0.0015115838386369539,2.6664338913555867,189.23,1679.7499999999986,0.10727324263038548,0.9522392290249422,0.0015115838386369539,2.6664338913555867,189.23,1679.7499999999986,0.10727324263038548,0.9522392290249422,0.0015115838386369539,2.6664338913555867,24.0,0.027210884353741496,0.0,0.0,0.0,1.0,0.0,0.0,0.013605442176870748,0.0,0.0,0.0,118.76,0.1346485260770975,0.9515306122448979,0.0014987868759465794,839.2499999999995,0.06732426303854876,0.47576530612244894,0.0007493934379732897,1.321930024584883,94.76,0.10743764172335601,0.951530612244897,0.0014987868759465794,839.2499999999993,0.05371882086167801,0.4757653061224485,0.0007493934379732897,1.321930024584883,94.76,0.10743764172335601,0.951530612244897,0.0014987868759465794,839.2499999999993,0.05371882086167801,0.4757653061224485,0.0007493934379732897,1.321930024584883,24.0,0.027210884353741496,0.0,0.0,0.0,1.0,0.0,0.0,0.013605442176870748,0.0,0.0,0.0,118.47,0.13431972789115645,0.9529478458049874,0.0015307038612952998,840.4999999999995,0.06715986394557823,0.4764739229024937,0.0007653519306476499,1.3500808056624545,94.47,0.10710884353741497,0.9529478458049883,0.0015307038612952998,840.4999999999995,0.053554421768707484,0.47647392290249413,0.0007653519306476499,1.3500808056624545,94.47,0.10710884353741497,0.9529478458049883,0.0015307038612952998,840.4999999999995,0.053554421768707484,0.47647392290249413,0.0007653519306476499,1.3500808056624545,49.07,-60.49999999999977,1.0222916666666666,-1.2604166666666679,0.004137683286550334,0.027817460317460317,-0.034297052154195096,0.00011259002140273019,0.19860879775441606,1061.42,2072.7499999999964,0.6017120181405896,1.1750283446712029,0.0018865187501742632,3.3278190753074,188.16,1740.2499999999977,0.10666666666666666,0.9865362811791374,0.0015485388460682909,2.731622524464465,188.16,1740.2499999999977,0.10666666666666666,0.9865362811791374,0.0015485388460682909,2.731622524464465,237.23,1679.7499999999982,0.13448412698412698,0.9522392290249422,0.0015115838386369539,2.6664338913555867,24.58,0.02786848072562358,-0.0340136054421768,0.0001636916691436713,-29.999999999999886,1.0241666666666667,-1.25,0.00601566884102992,0.01393424036281179,-0.0170068027210884,8.184583457183564e-05,0.14437605218471808,531.27,0.6023469387755102,1.1405895691609942,0.0018595734806186148,1006.0,0.3011734693877551,0.5702947845804971,0.0009297867403093074,1.6401438099056183,94.18,0.10678004535147394,0.9855442176870737,0.0015433692201767544,869.2499999999993,0.05339002267573697,0.49277210884353684,0.0007716846100883772,1.3612516521958973,94.18,0.10678004535147394,0.9855442176870737,0.0015433692201767544,869.2499999999993,0.05339002267573697,0.49277210884353684,0.0007716846100883772,1.3612516521958973,118.76,0.1346485260770975,0.9515306122448979,0.0014987868759465794,839.2499999999995,0.06732426303854876,0.47576530612244894,0.0007493934379732897,1.321930024584883,24.49,0.02776643990929705,-0.03458049886621306,0.00014547698690663488,-30.499999999999886,1.0204166666666665,-1.2708333333333321,0.0053462792688188316,0.013883219954648526,-0.01729024943310653,7.273849345331744e-05,0.12831070245165196,530.15,0.601077097505669,1.2094671201814062,0.0019486676440761037,1066.75,0.3005385487528345,0.6047335600907031,0.0009743338220380519,1.7187248620751234,93.98,0.10655328798185941,0.9875283446712007,0.0015574058028516192,870.9999999999993,0.053276643990929705,0.4937641723356003,0.0007787029014258096,1.3736319181151282,93.98,0.10655328798185941,0.9875283446712007,0.0015574058028516192,870.9999999999993,0.053276643990929705,0.4937641723356003,0.0007787029014258096,1.3736319181151282,118.47,0.13431972789115645,0.9529478458049874,0.0015307038612952998,840.4999999999995,0.06715986394557823,0.4764739229024937,0.0007653519306476499,1.3500808056624545,100
0.64,747.89,-116.25,0.4239739229024943,-0.06590136054421691,0.001077440872021073,1.900605698245173,350.16,0.39700680272108846,-0.21201814058956892,0.0014850006652423133,-187.0,0.19850340136054423,-0.10600907029478446,0.0007425003326211566,1.3097705867437204,397.73,0.45094104308390026,0.08021541950113331,0.0014389170156482195,70.75,0.22547052154195013,0.040107709750566656,0.0007194585078241098,1.2691248078017296,48.0,0.0,1.0,0.0,0.0,0.027210884353741496,0.0,0.0,0.0,274.05,1738.7499999999982,0.15535714285714286,0.9856859410430832,0.0015545780346362297,2.742275653098309,226.05,1738.7499999999982,0.12814625850340136,0.9856859410430827,0.0015545780346362297,2.742275653098309,226.05,1738.7499999999982,0.12814625850340136,0.9856859410430827,0.0015545780346362297,2.742275653098309,24.0,0.027210884353741496,0.0,0.0,0.0,1.0,0.0,0.0,0.013605442176870748,0.0,0.0,0.0,137.05,0.1553854875283447,0.9812925170068012,0.0015532645753336134,865.4999999999991,0.07769274376417235,0.4906462585034006,0.0007766322876668067,1.369979355444247,113.05,0.12817460317460316,0.9812925170068016,0.0015532645753336134,865.4999999999991,0.06408730158730158,0.4906462585034008,0.0007766322876668067,1.369979355444247,113.05,0.12817460317460316,0.9812925170068016,0.0015532645753336134,865.4999999999991,0.06408730158730158,0.4906462585034008,0.0007766322876668067,1.369979355444247,24.0,0.027210884353741496,0.0,0.0,0.0,1.0,0.0,0.0,0.013605442176870748,0.0,0.0,0.0,137.0,0.15532879818594103,0.9900793650793647,0.001559490402191819,873.2499999999995,0.07766439909297052,0.49503968253968234,0.0007797452010959095,1.3754705347331844,113.0,0.12811791383219956,0.9900793650793642,0.001559490402191819,873.2499999999991,0.06405895691609978,0.4950396825396821,0.0007797452010959095,1.3754705347331844,113.0,0.12811791383219956,0.9900793650793642,0.001559490402191819,873.2499999999991,0.06405895691609978,0.4950396825396821,0.0007797452010959095,1.3754705347331844,48.32,-21.499999999999773,1.0066666666666666,-0.4479166666666643,0.0024575520929498705,0.027392290249433106,-0.01218820861678005,6.68721657945543e-05,0.11796250046159378,1106.79,2108.9999999999964,0.6274319727891157,1.1955782312925134,0.001924493053916814,3.3948057471092596,225.73,1760.249999999999,0.12796485260770973,0.9978741496598635,0.0015561116275784684,2.744980911048418,225.73,1760.249999999999,0.12796485260770973,0.9978741496598635,0.0015561116275784684,2.744980911048418,274.05,1738.7499999999982,0.15535714285714286,0.9856859410430832,0.0015545780346362297,2.742275653098309,24.16,0.027392290249433106,-0.013605442176870652,6.589416392351734e-05,-11.999999999999886,1.0066666666666666,-0.5,0.002421610524189262,0.013696145124716553,-0.006802721088435326,3.294708196175867e-05,0.058118652580542295,552.85,0.6268140589569161,1.1859410430839006,0.001928304796963676,1045.9999999999982,0.31340702947845805,0.5929705215419503,0.000964152398481838,1.7007648309219623,112.89,0.12799319727891156,0.9948979591836724,0.001557565454117158,877.4999999999991,0.06399659863945578,0.4974489795918362,0.000778782727058579,1.3737727305313334,112.89,0.12799319727891156,0.9948979591836724,0.001557565454117158,877.4999999999991,0.06399659863945578,0.4974489795918362,0.000778782727058579,1.3737727305313334,137.05,0.1553854875283447,0.9812925170068012,0.0015532645753336134,865.4999999999991,0.07769274376417235,0.4906462585034006,0.0007766322876668067,1.369979355444247,24.16,0.027392290249433106,-0.010770975056689336,0.00011811275983537086,-9.5,1.0066666666666666,-0.3958333333333286,0.004340643923949879,0.013696145124716553,-0.005385487528344668,5.905637991768543e-05,0.1041754541747971,553.94,0.6280498866213152,1.2052154195011315,0.001952824113661906,1063.0,0.3140249433106576,0.6026077097505658,0.000976412056830953,1.722390868249801,112.84,0.12793650793650793,1.000850340136053,0.0015578009411252875,882.7499999999991,0.06396825396825397,0.5004251700680264,0.0007789004705626438,1.3739804300725036,112.84,0.12793650793650793,1.000850340136053,0.0015578009411252875,882.7499999999991,0.06396825396825397,0.5004251700680264,0.0007789004705626438,1.3739804300725036,137.0,0.15532879818594103,0.9900793650793647,0.001559490402191819,873.2499999999995,0.07766439909297052,0.49503968253968234,0.0007797452010959095,1.3754705347331844,100
0.66,745.94,-74.25000000000364,0.4228684807256236,-0.04209183673469319,0.0012178468859978977,2.1482819069002916,347.99,0.39454648526077096,-0.19954648526077,0.0017328245584959708,-176.0,0.19727324263038548,-0.099773242630385,0.0008664122792479854,1.5283512605934462,397.95,0.4511904761904762,0.11536281179138186,0.0014776072893205058,101.74999999999818,0.2255952380952381,0.05768140589569093,0.0007388036446602529,1.303249629180686,48.0,0.0,1.0,0.0,0.0,0.027210884353741496,0.0,0.0,0.0,306.78,1718.2499999999982,0.17391156462585033,0.9740646258503394,0.001799931460930859,3.1750790970820355,258.78,1718.2499999999973,0.14670068027210884,0.9740646258503389,0.001799931460930859,3.1750790970820355,258.78,1718.2499999999973,0.14670068027210884,0.9740646258503389,0.001799931460930859,3.1750790970820355,24.0,0.027210884353741496,0.0,0.0,0.0,1.0,0.0,0.0,0.013605442176870748,0.0,0.0,0.0,153.38,0.1739002267573696,0.9713718820861659,0.0017951918032234697,856.7499999999991,0.0869501133786848,0.48568594104308294,0.0008975959016117349,1.5833591704431003,129.38,0.1466893424036281,0.9713718820861672,0.0017951918032234697,856.7499999999991,0.07334467120181405,0.4856859410430836,0.0008975959016117349,1.5833591704431003,129.38,0.1466893424036281,0.9713718820861672,0.0017951918032234697,856.7499999999991,0.07334467120181405,0.4856859410430836,0.0008975959016117349,1.5833591704431003,24.0,0.027210884353741496,0.0,0.0,0.0,1.0,0.0,0.0,0.013605442176870748,0.0,0.0,0.0,153.4,0.17392290249433107,0.9767573696145124,0.0018071026063026362,861.4999999999991,0.08696145124716553,0.4883786848072562,0.0009035513031513181,1.5938644987589252,129.4,0.14671201814058957,0.9767573696145115,0.0018071026063026362,861.4999999999995,0.07335600907029478,0.48837868480725577,0.0009035513031513181,1.5938644987589252,129.4,0.14671201814058957,0.9767573696145115,0.0018071026063026362,861.4999999999995,0.07335600907029478,0.48837868480725577,0.0009035513031513181,1.5938644987589252,48.21,-7.5,1.004375,-0.15624999999999645,0.0019928806719457736,0.027329931972789115,-0.00425170068027203,5.4228045495123094e-05,0.09565827225339714,1145.78,1999.0,0.6495351473922902,1.133219954648526,0.0020893505691903192,3.685614404051723,258.57,1725.749999999999,0.14658163265306123,0.9783163265306123,0.0018114311452990348,3.1953645403074975,258.57,1725.749999999999,0.14658163265306123,0.9783163265306123,0.0018114311452990348,3.1953645403074975,306.78,1718.2499999999982,0.17391156462585033,0.9740646258503394,0.001799931460930859,3.1750790970820355,24.1,0.027324263038548756,-0.0045351473922902175,5.697493283782381e-05,-4.0,1.0041666666666667,-0.1666666666666643,0.0020938287817900253,0.013662131519274378,-0.0022675736961451087,2.8487466418911906e-05,0.050251890762960605,573.11,0.6497845804988662,1.147108843537417,0.002090282558062943,1011.75,0.3248922902494331,0.5735544217687085,0.0010451412790314714,1.8436292162115155,129.28,0.14657596371882087,0.9759070294784573,0.001804088014658737,860.7499999999991,0.07328798185941043,0.48795351473922866,0.0009020440073293685,1.591205628929006,129.28,0.14657596371882087,0.9759070294784573,0.001804088014658737,860.7499999999991,0.07328798185941043,0.48795351473922866,0.0009020440073293685,1.591205628929006,153.38,0.1739002267573696,0.9713718820861659,0.0017951918032234697,856.7499999999991,0.0869501133786848,0.48568594104308294,0.0008975959016117349,1.5833591704431003,24.11,0.027335600907029477,-0.003968253968253954,9.382026051197569e-05,-3.5000000000001137,1.0045833333333334,-0.14583333333333215,0.0034478945738151065,0.013667800453514739,-0.001984126984126977,4.691013025598784e-05,0.08274946977156256,572.67,0.6492857142857142,1.1193310657596331,0.0021099536962636612,987.2499999999964,0.3246428571428571,0.5596655328798166,0.0010549768481318306,1.8609791601045493,129.29,0.14658730158730157,0.9807256235827659,0.00182065321256264,864.9999999999991,0.07329365079365079,0.49036281179138297,0.00091032660628132,1.6058161334802485,129.29,0.14658730158730157,0.9807256235827659,0.00182065321256264,864.9999999999991,0.07329365079365079,0.49036281179138297,0.00091032660628132,1.6058161334802485,153.4,0.17392290249433107,0.9767573696145124,0.0018071026063026362,861.4999999999991,0.08696145124716553,0.4883786848072562,0.0009035513031513181,1.5938644987589252,100
0.68,744.92,73.75000000000364,0.42229024943310656,0.04180839002267689,0.001179055729734591,2.0798543072518183,343.12,0.3890249433106576,-0.13803854875283328,0.001673805228827168,-121.74999999999636,0.1945124716553288,-0.06901927437641664,0.000836902614413584,1.476296211825562,401.8,0.45555555555555555,0.22165532879818883,0.0013716648521043615,195.50000000000182,0.22777777777777777,0.11082766439909442,0.0006858324260521808,1.209808399556047,48.0,2.2737367544323206e-13,1.0,3.552713678800501e-15,0.0,0.027210884353741496,1.1102230246251565e-16,0.0,0.0,342.78,1883.2500000000064,0.19431972789115645,1.067602040816329,0.0016242469173438218,2.8651715621945018,294.78,1883.2500000000064,0.16710884353741495,1.0676020408163294,0.0016242469173438218,2.8651715621945018,294.78,1883.2500000000064,0.16710884353741495,1.0676020408163294,0.0016242469173438218,2.8651715621945018,24.0,0.027210884353741496,1.1102230246251565e-16,0.0,1.1368683772161603e-13,1.0,3.552713678800501e-15,0.0,0.013605442176870748,5.551115123125783e-17,0.0,0.0,171.32,0.19424036281179138,1.0691609977324292,0.0016317429786206642,943.0000000000018,0.09712018140589569,0.5345804988662146,0.0008158714893103321,1.4391973071434259,147.32,0.16702947845804988,1.0691609977324301,0.0016317429786206642,943.0000000000023,0.08351473922902494,0.5345804988662151,0.0008158714893103321,1.4391973071434259,147.32,0.16702947845804988,1.0691609977324301,0.0016317429786206642,943.0000000000023,0.08351473922902494,0.5345804988662151,0.0008158714893103321,1.4391973071434259,24.0,0.027210884353741496,1.1102230246251565e-16,0.0,1.1368683772161603e-13,1.0,3.552713678800501e-15,0.0,0.013605442176870748,5.551115123125783e-17,0.0,0.0,171.46,0.19439909297052155,1.0660430839002286,0.0016186031923932065,940.2500000000018,0.09719954648526077,0.5330215419501143,0.0008093015961966033,1.4276080156908082,147.46,0.16718820861678005,1.066043083900229,0.0016186031923932065,940.2500000000018,0.08359410430839002,0.5330215419501145,0.0008093015961966033,1.4276080156908082,147.46,0.16718820861678005,1.066043083900229,0.0016186031923932065,940.2500000000018,0.08359410430839002,0.5330215419501145,0.0008093015961966033,1.4276080156908082,48.02,-5.25,1.0004166666666667,-0.10937499999999645,0.00029313602945060357,0.027222222222222224,-0.0029761904761903546,7.976490597295335e-06,0.014070529413628971,1186.75,2100.5000000000036,0.6727607709750567,1.1907596371882114,0.001811289927655704,3.195115432384662,294.76,1888.5000000000055,0.16709750566893425,1.0705782312925196,0.0016231981380271533,2.8633215154798983,294.76,1888.5000000000055,0.16709750566893425,1.0705782312925196,0.0016231981380271533,2.8633215154798983,342.78,1883.2500000000064,0.19431972789115645,1.067602040816329,0.0016242469173438218,2.8651715621945018,24.0,0.027210884353741496,-0.0028344671201814275,0.0,-2.5,1.0,-0.10416666666666075,0.0,0.013605442176870748,-0.0014172335600907138,0.0,0.0,593.32,0.6726984126984128,1.1845238095238102,0.0018264624404469674,1044.7500000000018,0.3363492063492064,0.5922619047619051,0.0009132312202234837,1.6109398724742252,147.32,0.16702947845804988,1.0719954648526109,0.0016317429786206642,945.5000000000018,0.08351473922902494,0.5359977324263054,0.0008158714893103321,1.4391973071434259,147.32,0.16702947845804988,1.0719954648526109,0.0016317429786206642,945.5000000000018,0.08351473922902494,0.5359977324263054,0.0008158714893103321,1.4391973071434259,171.32,0.19424036281179138,1.0691609977324292,0.0016317429786206642,943.0000000000018,0.09712018140589569,0.5345804988662146,0.0008158714893103321,1.4391973071434259,24.02,0.02723356009070295,-0.0031179138321995037,1.5952981194590667e-05,-2.7499999999998863,1.0008333333333332,-0.11458333333333215,0.000586272058901207,0.013616780045351475,-0.0015589569160997518,7.976490597295334e-06,0.014070529413628968,593.43,0.6728231292517006,1.196995464852609,0.0018165091878016067,1055.7500000000036,0.3364115646258503,0.5984977324263046,0.0009082545939008034,1.602161103641017,147.44,0.16716553287981858,1.0691609977324288,0.0016163474147053612,943.0000000000023,0.08358276643990929,0.5345804988662144,0.0008081737073526806,1.4256184197701285,147.44,0.16716553287981858,1.0691609977324288,0.0016163474147053612,943.0000000000023,0.08358276643990929,0.5345804988662144,0.0008081737073526806,1.4256184197701285,171.46,0.19439909297052155,1.0660430839002286,0.0016186031923932065,940.2500000000018,0.09719954648526077,0.5330215419501143,0.0008093015961966033,1.4276080156908082,100
0.7,748.89,252.0,0.4245408163265306,0.14285714285714057,0.0013114361030787298,2.3133732858308793,343.12,0.3890249433106576,0.12188208616779939,0.0018329486746152597,107.49999999999818,0.1945124716553288,0.06094104308389969,0.0009164743373076299,1.616660731010659,405.77,0.4600566893424036,0.16383219954648354,0.0016272786901689261,144.49999999999818,0.2300283446712018,0.08191609977324177,0.0008136393450844631,1.4352598047289928,48.0,-2.2737367544323206e-13,1.0,-3.552713678800501e-15,0.0,0.027210884353741496,-1.1102230246251565e-16,0.0,0.0,382.11,1761.0000000000036,0.2166156462585034,0.9982993197278933,0.0015843927752012044,2.794868855454925,334.11,1761.0000000000055,0.1894047619047619,0.9982993197278933,0.0015843927752012044,2.794868855454925,334.11,1761.0000000000055,0.1894047619047619,0.9982993197278933,0.0015843927752012044,2.794868855454925,24.0,0.027210884353741496,-1.1102230246251565e-16,0.0,-1.1368683772161603e-13,1.0,-3.552713678800501e-15,0.0,0.013605442176870748,-5.551115123125783e-17,0.0,0.0,191.1,0.21666666666666667,1.0002834467120207,0.0015789767725075997,882.2500000000018,0.10833333333333334,0.5001417233560104,0.0007894883862537999,1.392657513351703,167.1,0.18945578231292518,1.0002834467120207,0.0015789767725075997,882.2500000000023,0.09472789115646259,0.5001417233560104,0.0007894883862537999,1.392657513351703,167.1,0.18945578231292518,1.0002834467120207,0.0015789767725075997,882.2500000000023,0.09472789115646259,0.5001417233560104,0.0007894883862537999,1.392657513351703,24.0,0.027210884353741496,-1.1102230246251565e-16,0.0,-1.1368683772161603e-13,1.0,-3.552713678800501e-15,0.0,0.013605442176870748,-5.551115123125783e-17,0.0,0.0,191.01,0.21656462585034011,0.9963151927437659,0.0015915084478685853,878.7500000000009,0.10828231292517006,0.49815759637188295,0.0007957542239342926,1.4037104510200922,167.01,0.18935374149659862,0.9963151927437659,0.0015915084478685853,878.7500000000023,0.09467687074829931,0.49815759637188295,0.0007957542239342926,1.4037104510200922,167.01,0.18935374149659862,0.9963151927437659,0.0015915084478685853,878.7500000000023,0.09467687074829931,0.49815759637188295,0.0007957542239342926,1.4037104510200922,48.0,-0.5000000000002274,1.0,-0.010416666666671404,0.0,0.027210884353741496,-0.0002834467120182982,0.0,0.0,1229.8,1937.5000000000036,0.6971655328798185,1.0983560090702937,0.0017694363216496343,3.121285671389955,334.11,1761.5000000000045,0.1894047619047619,0.9985827664399114,0.0015843927752012044,2.794868855454925,334.11,1761.5000000000045,0.1894047619047619,0.9985827664399114,0.0015843927752012044,2.794868855454925,382.11,1761.0000000000036,0.2166156462585034,0.9982993197278933,0.0015843927752012044,2.794868855454925,24.0,0.027210884353741496,-1.1102230246251565e-16,0.0,-1.1368683772161603e-13,1.0,-3.552713678800501e-15,0.0,0.013605442176870748,-5.551115123125783e-17,0.0,0.0,614.9,0.6971655328798185,1.0992063492063444,0.0017819587691884652,969.5,0.34858276643990926,0.5496031746031722,0.0008909793845942326,1.5716876344242263,167.1,0.18945578231292518,1.0002834467120207,0.0015789767725075997,882.2500000000023,0.09472789115646259,0.5001417233560104,0.0007894883862537999,1.392657513351703,167.1,0.18945578231292518,1.0002834467120207,0.0015789767725075997,882.2500000000023,0.09472789115646259,0.5001417233560104,0.0007894883862537999,1.392657513351703,191.1,0.21666666666666667,1.0002834467120207,0.0015789767725075997,882.2500000000018,0.10833333333333334,0.5001417233560104,0.0007894883862537999,1.392657513351703,24.0,0.027210884353741496,-0.0005668934240364853,0.0,-0.5000000000001137,1.0,-0.020833333333335702,0.0,0.013605442176870748,-0.0002834467120182427,0.0,0.0,614.9,0.6971655328798185,1.0975056689342395,0.00176673745532144,968.0000000000018,0.34858276643990926,0.5487528344671198,0.00088336872766072,1.5582624355935102,167.01,0.18935374149659862,0.9968820861678029,0.0015915084478685853,879.2500000000023,0.09467687074829931,0.49844104308390147,0.0007957542239342926,1.4037104510200922,167.01,0.18935374149659862,0.9968820861678029,0.0015915084478685853,879.2500000000023,0.09467687074829931,0.49844104308390147,0.0007957542239342926,1.4037104510200922,191.01,0.21656462585034011,0.9963151927437659,0.0015915084478685853,878.7500000000009,0.10828231292517006,0.49815759637188295,0.0007957542239342926,1.4037104510200922,100
0.72,755.0,354.24999999999636,0.4280045351473923,0.20082199546485135,0.001369130278877313,2.4151458119395803,347.42,0.39390022675736963,0.23979591836734393,0.001974339186939705,211.5,0.19695011337868482,0.11989795918367196,0.0009871695934698525,1.7413671628808198,407.58,0.46210884353741494,0.16184807256235878,0.001506913625973456,142.75,0.23105442176870747,0.08092403628117939,0.000753456812986728,1.3290978181085882,48.0,0.0,1.0,0.0,0.0,0.027210884353741496,0.0,0.0,0.0,413.22,1691.4999999999964,0.23425170068027212,0.9589002267573683,0.001519673875642223,2.6807047166328815,365.22,1691.4999999999982,0.20704081632653062,0.9589002267573683,0.001519673875642223,2.6807047166328815,365.22,1691.4999999999982,0.20704081632653062,0.9589002267573683,0.001519673875642223,2.6807047166328815,24.0,0.027210884353741496,0.0,0.0,0.0,1.0,0.0,0.0,0.013605442176870748,0.0,0.0,0.0,206.61,0.23425170068027212,0.957199546485259,0.0015155670553616085,844.25,0.11712585034013606,0.4785997732426295,0.0007577835276808043,1.3367301428289387,182.61,0.20704081632653062,0.9571995464852598,0.0015155670553616085,844.2499999999991,0.10352040816326531,0.4785997732426299,0.0007577835276808043,1.3367301428289387,182.61,0.20704081632653062,0.9571995464852598,0.0015155670553616085,844.2499999999991,0.10352040816326531,0.4785997732426299,0.0007577835276808043,1.3367301428289387,24.0,0.027210884353741496,0.0,0.0,0.0,1.0,0.0,0.0,0.013605442176870748,0.0,0.0,0.0,206.61,0.23425170068027212,0.9606009070294785,0.001524451182827267,847.25,0.11712585034013606,0.48030045351473927,0.0007622255914136335,1.3445659432536494,182.61,0.20704081632653062,0.9606009070294776,0.001524451182827267,847.2499999999991,0.10352040816326531,0.4803004535147388,0.0007622255914136335,1.3445659432536494,182.61,0.20704081632653062,0.9606009070294776,0.001524451182827267,847.2499999999991,0.10352040816326531,0.4803004535147388,0.0007622255914136335,1.3445659432536494,48.0,0.0,1.0,0.0,0.0,0.027210884353741496,0.0,0.0,0.0,1264.25,1834.2500000000036,0.7166950113378685,1.0398242630385504,0.0016212822567702313,2.859941900942688,365.22,1691.4999999999982,0.20704081632653062,0.9589002267573683,0.001519673875642223,2.6807047166328815,365.22,1691.4999999999982,0.20704081632653062,0.9589002267573683,0.001519673875642223,2.6807047166328815,413.22,1691.4999999999964,0.23425170068027212,0.9589002267573683,0.001519673875642223,2.6807047166328815,24.0,0.027210884353741496,0.0,0.0,0.0,1.0,0.0,0.0,0.013605442176870748,0.0,0.0,0.0,632.1,0.7166666666666667,1.0425170068027185,0.0016291643070984257,919.5,0.35833333333333334,0.5212585034013593,0.0008145821535492128,1.4369229188608115,182.61,0.20704081632653062,0.9571995464852598,0.0015155670553616085,844.2499999999991,0.10352040816326531,0.4785997732426299,0.0007577835276808043,1.3367301428289387,182.61,0.20704081632653062,0.9571995464852598,0.0015155670553616085,844.2499999999991,0.10352040816326531,0.4785997732426299,0.0007577835276808043,1.3367301428289387,206.61,0.23425170068027212,0.957199546485259,0.0015155670553616085,844.25,0.11712585034013606,0.4785997732426295,0.0007577835276808043,1.3367301428289387,24.0,0.027210884353741496,0.0,0.0,0.0,1.0,0.0,0.0,0.013605442176870748,0.0,0.0,0.0,632.15,0.7167233560090702,1.0371315192743786,0.0016264422428141358,914.75,0.3583616780045351,0.5185657596371893,0.0008132211214070679,1.434522058162068,182.61,0.20704081632653062,0.9606009070294776,0.001524451182827267,847.2499999999991,0.10352040816326531,0.4803004535147388,0.0007622255914136335,1.3445659432536494,182.61,0.20704081632653062,0.9606009070294776,0.001524451182827267,847.2499999999991,0.10352040816326531,0.4803004535147388,0.0007622255914136335,1.3445659432536494,206.61,0.23425170068027212,0.9606009070294785,0.001524451182827267,847.25,0.11712585034013606,0.48030045351473927,0.0007622255914136335,1.3445659432536494,100
0.74,763.06,481.24999999999636,0.4325736961451247,0.27281746031746046,0.001462821165059145,2.5804165351643316,351.58,0.39861678004535145,0.2602040816326525,0.0021121141688193977,229.5,0.19930839002267572,0.13010204081632626,0.0010560570844096989,1.8628846968987087,411.48,0.466530612244898,0.2854308390022666,0.0013618300954460524,251.75,0.233265306122449,0.1427154195011333,0.0006809150477230262,1.2011341441834182,48.0,0.0,1.0,0.0,0.0,0.027210884353741496,0.0,0.0,0.0,449.77,1746.2499999999964,0.2549716553287982,0.9899376417233547,0.001348943471943643,2.3795362845085863,401.77,1746.2499999999982,0.22776077097505668,0.9899376417233547,0.001348943471943643,2.3795362845085863,401.77,1746.2499999999982,0.22776077097505668,0.9899376417233547,0.001348943471943643,2.3795362845085863,24.0,0.027210884353741496,0.0,0.0,0.0,1.0,0.0,0.0,0.013605442176870748,0.0,0.0,0.0,224.87,0.2549546485260771,0.9900793650793638,0.001355922485145708,873.2499999999982,0.12747732426303854,0.4950396825396819,0.000677961242572854,1.1959236318985145,200.87,0.2277437641723356,0.9900793650793638,0.001355922485145708,873.2499999999991,0.1138718820861678,0.4950396825396819,0.000677961242572854,1.1959236318985145,200.87,0.2277437641723356,0.9900793650793638,0.001355922485145708,873.2499999999991,0.1138718820861678,0.4950396825396819,0.000677961242572854,1.1959236318985145,24.0,0.027210884353741496,0.0,0.0,0.0,1.0,0.0,0.0,0.013605442176870748,0.0,0.0,0.0,224.9,0.2549886621315193,0.9897959183673457,0.001342530604382491,872.9999999999982,0.12749433106575964,0.49489795918367285,0.0006712653021912455,1.1841119930653572,200.9,0.22777777777777777,0.9897959183673466,0.001342530604382491,872.9999999999991,0.11388888888888889,0.4948979591836733,0.0006712653021912455,1.1841119930653572,200.9,0.22777777777777777,0.9897959183673466,0.001342530604382491,872.9999999999991,0.11388888888888889,0.4948979591836733,0.0006712653021912455,1.1841119930653572,48.0,0.0,1.0,0.0,0.0,0.027210884353741496,0.0,0.0,0.0,1303.17,1835.9999999999964,0.7387585034013606,1.04081632653061,0.001445144322599812,2.5492345850660687,401.77,1746.2499999999982,0.22776077097505668,0.9899376417233547,0.001348943471943643,2.3795362845085863,401.77,1746.2499999999982,0.22776077097505668,0.9899376417233547,0.001348943471943643,2.3795362845085863,449.77,1746.2499999999964,0.2549716553287982,0.9899376417233547,0.001348943471943643,2.3795362845085863,24.0,0.027210884353741496,0.0,0.0,0.0,1.0,0.0,0.0,0.013605442176870748,0.0,0.0,0.0,651.68,0.7388662131519274,1.0413832199546498,0.0014340381210307571,918.4999999999982,0.3694331065759637,0.5206916099773249,0.0007170190605153786,1.2648216227491278,200.87,0.2277437641723356,0.9900793650793638,0.001355922485145708,873.2499999999991,0.1138718820861678,0.4950396825396819,0.000677961242572854,1.1959236318985145,200.87,0.2277437641723356,0.9900793650793638,0.001355922485145708,873.2499999999991,0.1138718820861678,0.4950396825396819,0.000677961242572854,1.1959236318985145,224.87,0.2549546485260771,0.9900793650793638,0.001355922485145708,873.2499999999982,0.12747732426303854,0.4950396825396819,0.000677961242572854,1.1959236318985145,24.0,0.027210884353741496,0.0,0.0,0.0,1.0,0.0,0.0,0.013605442176870748,0.0,0.0,0.0,651.49,0.7386507936507937,1.0402494331065775,0.0014664152385430865,917.5,0.36932539682539683,0.5201247165532887,0.0007332076192715433,1.2933782403950023,200.9,0.22777777777777777,0.9897959183673466,0.001342530604382491,872.9999999999991,0.11388888888888889,0.4948979591836733,0.0006712653021912455,1.1841119930653572,200.9,0.22777777777777777,0.9897959183673466,0.001342530604382491,872.9999999999991,0.11388888888888889,0.4948979591836733,0.0006712653021912455,1.1841119930653572,224.9,0.2549886621315193,0.9897959183673457,0.001342530604382491,872.9999999999982,0.12749433106575964,0.49489795918367285,0.0006712653021912455,1.1841119930653572,100
0.76,774.25,662.25,0.4389172335600907,0.37542517006802534,0.0015679471497444513,2.7658587721492123,356.6,0.40430839002267577,0.41780045351474016,0.0023180326871044075,368.5,0.20215419501133788,0.20890022675737008,0.0011590163435522037,2.0445048300260873,417.65,0.47352607709750566,0.3330498866213141,0.0013967460272601017,293.75,0.23676303854875283,0.16652494331065704,0.0006983730136300508,1.2319299960434096,48.0,0.0,1.0,0.0,0.0,0.027210884353741496,0.0,0.0,0.0,483.07,1712.75,0.27384920634920634,0.9709467120181401,0.0014877387805902248,2.6243712089611564,435.07,1712.7499999999982,0.24663832199546484,0.9709467120181392,0.0014877387805902248,2.6243712089611564,435.07,1712.7499999999982,0.24663832199546484,0.9709467120181392,0.0014877387805902248,2.6243712089611564,24.0,0.027210884353741496,0.0,0.0,0.0,1.0,0.0,0.0,0.013605442176870748,0.0,0.0,0.0,241.54,0.2738548752834467,0.9713718820861672,0.0014873334317354792,856.7499999999991,0.13692743764172335,0.4856859410430836,0.0007436667158677396,1.3118280867906926,217.54,0.2466439909297052,0.9713718820861663,0.0014873334317354792,856.7499999999991,0.1233219954648526,0.48568594104308316,0.0007436667158677396,1.3118280867906926,217.54,0.2466439909297052,0.9713718820861663,0.0014873334317354792,856.7499999999991,0.1233219954648526,0.48568594104308316,0.0007436667158677396,1.3118280867906926,24.0,0.027210884353741496,0.0,0.0,0.0,1.0,0.0,0.0,0.013605442176870748,0.0,0.0,0.0,241.53,0.273843537414966,0.9705215419501121,0.001488383728616837,855.9999999999991,0.136921768707483,0.48526077097505604,0.0007441918643084185,1.3127544486400502,217.53,0.2466326530612245,0.9705215419501121,0.001488383728616837,855.9999999999991,0.12331632653061225,0.48526077097505604,0.0007441918643084185,1.3127544486400502,217.53,0.2466326530612245,0.9705215419501121,0.001488383728616837,855.9999999999991,0.12331632653061225,0.48526077097505604,0.0007441918643084185,1.3127544486400502,48.0,0.0,1.0,0.0,0.0,0.027210884353741496,0.0,0.0,0.0,1337.69,1770.4999999999964,0.758327664399093,1.0036848072562314,0.001550737835661452,2.7355015421068014,435.07,1712.7499999999982,0.24663832199546484,0.9709467120181392,0.0014877387805902248,2.6243712089611564,435.07,1712.7499999999982,0.24663832199546484,0.9709467120181392,0.0014877387805902248,2.6243712089611564,483.07,1712.75,0.27384920634920634,0.9709467120181401,0.0014877387805902248,2.6243712089611564,24.0,0.027210884353741496,0.0,0.0,0.0,1.0,0.0,0.0,0.013605442176870748,0.0,0.0,0.0,668.84,0.7583219954648527,1.001700680272112,0.0015409561295452539,883.5,0.37916099773242634,0.500850340136056,0.0007704780647726269,1.3591233062589139,217.54,0.2466439909297052,0.9713718820861663,0.0014873334317354792,856.7499999999991,0.1233219954648526,0.48568594104308316,0.0007436667158677396,1.3118280867906926,217.54,0.2466439909297052,0.9713718820861663,0.0014873334317354792,856.7499999999991,0.1233219954648526,0.48568594104308316,0.0007436667158677396,1.3118280867906926,241.54,0.2738548752834467,0.9713718820861672,0.0014873334317354792,856.7499999999991,0.13692743764172335,0.4856859410430836,0.0007436667158677396,1.3118280867906926,24.0,0.027210884353741496,0.0,0.0,0.0,1.0,0.0,0.0,0.013605442176870748,0.0,0.0,0.0,668.85,0.7583333333333333,1.0056689342403615,0.0015644262506250672,887.0,0.37916666666666665,0.5028344671201808,0.0007822131253125336,1.3798239530513092,217.53,0.2466326530612245,0.9705215419501121,0.001488383728616837,855.9999999999991,0.12331632653061225,0.48526077097505604,0.0007441918643084185,1.3127544486400502,217.53,0.2466326530612245,0.9705215419501121,0.001488383728616837,855.9999999999991,0.12331632653061225,0.48526077097505604,0.0007441918643084185,1.3127544486400502,241.53,0.273843537414966,0.9705215419501121,0.001488383728616837,855.9999999999991,0.136921768707483,0.48526077097505604,0.0007441918643084185,1.3127544486400502,100
0.78,789.55,721.25,0.44759070294784575,0.4088718820861672,0.0013755494035179246,2.426469147805619,366.32,0.41532879818594104,0.5779478458049887,0.002220466274039816,509.75,0.20766439909297052,0.28897392290249435,0.001110233137019908,1.9584512537031178,423.23,0.4798526077097506,0.23979591836734748,0.0012341201834282823,211.5,0.2399263038548753,0.11989795918367374,0.0006170600917141412,1.088494001783745,48.0,0.0,1.0,0.0,0.0,0.027210884353741496,0.0,0.0,0.0,518.28,1707.7499999999982,0.2938095238095238,0.9681122448979584,0.0012719857600894992,2.2437828807978764,470.28,1707.7499999999982,0.26659863945578227,0.9681122448979593,0.0012719857600894992,2.2437828807978764,470.28,1707.7499999999982,0.26659863945578227,0.9681122448979593,0.0012719857600894992,2.2437828807978764,24.0,0.027210884353741496,0.0,0.0,0.0,1.0,0.0,0.0,0.013605442176870748,0.0,0.0,0.0,259.14,0.2938095238095238,0.9674036281179141,0.001271858152300512,853.25,0.1469047619047619,0.48370181405895707,0.000635929076150256,1.1217788903290518,235.14,0.26659863945578227,0.9674036281179133,0.001271858152300512,853.2499999999991,0.13329931972789114,0.4837018140589566,0.000635929076150256,1.1217788903290518,235.14,0.26659863945578227,0.9674036281179133,0.001271858152300512,853.2499999999991,0.13329931972789114,0.4837018140589566,0.000635929076150256,1.1217788903290518,24.0,0.027210884353741496,0.0,0.0,0.0,1.0,0.0,0.0,0.013605442176870748,0.0,0.0,0.0,259.14,0.2938095238095238,0.9688208616780036,0.0012722664521727645,854.4999999999991,0.1469047619047619,0.4844104308390018,0.0006361332260863822,1.1221390108163782,235.14,0.26659863945578227,0.9688208616780036,0.0012722664521727645,854.4999999999991,0.13329931972789114,0.4844104308390018,0.0006361332260863822,1.1221390108163782,235.14,0.26659863945578227,0.9688208616780036,0.0012722664521727645,854.4999999999991,0.13329931972789114,0.4844104308390018,0.0006361332260863822,1.1221390108163782,48.0,0.0,1.0,0.0,0.0,0.027210884353741496,0.0,0.0,0.0,1373.99,1758.5,0.77890589569161,0.9968820861677976,0.001305919526050295,2.30364204395272,470.28,1707.7499999999982,0.26659863945578227,0.9681122448979593,0.0012719857600894992,2.2437828807978764,470.28,1707.7499999999982,0.26659863945578227,0.9681122448979593,0.0012719857600894992,2.2437828807978764,518.28,1707.7499999999982,0.2938095238095238,0.9681122448979584,0.0012719857600894992,2.2437828807978764,24.0,0.027210884353741496,0.0,0.0,0.0,1.0,0.0,0.0,0.013605442176870748,0.0,0.0,0.0,687.02,0.7789342403628118,0.9980158730158699,0.0012904016060994365,880.25,0.3894671201814059,0.49900793650793496,0.0006452008030497183,1.138134216579703,235.14,0.26659863945578227,0.9674036281179133,0.001271858152300512,853.2499999999991,0.13329931972789114,0.4837018140589566,0.000635929076150256,1.1217788903290518,235.14,0.26659863945578227,0.9674036281179133,0.001271858152300512,853.2499999999991,0.13329931972789114,0.4837018140589566,0.000635929076150256,1.1217788903290518,259.14,0.2938095238095238,0.9674036281179141,0.001271858152300512,853.25,0.1469047619047619,0.48370181405895707,0.000635929076150256,1.1217788903290518,24.0,0.027210884353741496,0.0,0.0,0.0,1.0,0.0,0.0,0.013605442176870748,0.0,0.0,0.0,686.97,0.7788775510204082,0.9957482993197253,0.0013257864874465734,878.25,0.3894387755102041,0.49787414965986265,0.0006628932437232867,1.1693436819278777,235.14,0.26659863945578227,0.9688208616780036,0.0012722664521727645,854.4999999999991,0.13329931972789114,0.4844104308390018,0.0006361332260863822,1.1221390108163782,235.14,0.26659863945578227,0.9688208616780036,0.0012722664521727645,854.4999999999991,0.13329931972789114,0.4844104308390018,0.0006361332260863822,1.1221390108163782,259.14,0.2938095238095238,0.9688208616780036,0.0012722664521727645,854.4999999999991,0.1469047619047619,0.4844104308390018,0.0006361332260863822,1.1221390108163782,100
0.8,803.1,614.7500000000036,0.4552721088435374,0.3484977324263081,0.0014447499411126634,2.5485388961227384,376.99,0.4274263038548753,0.5102040816326561,0.002245448242818617,450.0000000000018,0.21371315192743764,0.25510204081632804,0.0011227241214093085,1.98048535016602,426.11,0.48311791383219954,0.18679138321995659,0.0012016060611901177,164.75,0.24155895691609977,0.09339569160997829,0.0006008030305950588,1.0598165459696838,48.0,2.2737367544323206e-13,1.0,3.552713678800501e-15,0.0,0.027210884353741496,1.1102230246251565e-16,0.0,0.0,551.38,1740.2500000000073,0.3125736961451247,0.9865362811791414,0.0013736933971527374,2.4231951525774287,503.38,1740.2500000000055,0.28536281179138323,0.9865362811791423,0.0013736933971527374,2.4231951525774287,503.38,1740.2500000000055,0.28536281179138323,0.9865362811791423,0.0013736933971527374,2.4231951525774287,24.0,0.027210884353741496,1.1102230246251565e-16,0.0,1.1368683772161603e-13,1.0,3.552713678800501e-15,0.0,0.013605442176870748,5.551115123125783e-17,0.0,0.0,275.67,0.3125510204081633,0.9869614512471667,0.0013736565326602952,870.5000000000027,0.15627551020408165,0.49348072562358336,0.0006868282663301476,1.2115650618063805,251.67,0.28534013605442177,0.9869614512471694,0.0013736565326602952,870.5000000000018,0.14267006802721088,0.4934807256235847,0.0006868282663301476,1.2115650618063805,251.67,0.28534013605442177,0.9869614512471694,0.0013736565326602952,870.5000000000018,0.14267006802721088,0.4934807256235847,0.0006868282663301476,1.2115650618063805,24.0,0.027210884353741496,1.1102230246251565e-16,0.0,1.1368683772161603e-13,1.0,3.552713678800501e-15,0.0,0.013605442176870748,5.551115123125783e-17,0.0,0.0,275.71,0.31259637188208617,0.9861111111111143,0.0013738682537058878,869.7500000000036,0.15629818594104308,0.49305555555555713,0.0006869341268529439,1.211751799768593,251.71,0.2853854875283447,0.986111111111116,0.0013738682537058878,869.7500000000027,0.14269274376417235,0.493055555555558,0.0006869341268529439,1.211751799768593,251.71,0.2853854875283447,0.986111111111116,0.0013738682537058878,869.7500000000027,0.14269274376417235,0.493055555555558,0.0006869341268529439,1.211751799768593,48.0,2.2737367544323206e-13,1.0,3.552713678800501e-15,0.0,0.027210884353741496,1.1102230246251565e-16,0.0,0.0,1408.03,1776.75,0.7982029478458049,1.007227891156468,0.001398278030958463,2.4665624466107285,503.38,1740.2500000000055,0.28536281179138323,0.9865362811791423,0.0013736933971527374,2.4231951525774287,503.38,1740.2500000000055,0.28536281179138323,0.9865362811791423,0.0013736933971527374,2.4231951525774287,551.38,1740.2500000000073,0.3125736961451247,0.9865362811791414,0.0013736933971527374,2.4231951525774287,24.0,0.027210884353741496,1.1102230246251565e-16,0.0,1.1368683772161603e-13,1.0,3.552713678800501e-15,0.0,0.013605442176870748,5.551115123125783e-17,0.0,0.0,704.05,0.7982426303854875,1.0087868480725675,0.0014060115961263878,889.7500000000036,0.39912131519274374,0.5043934240362837,0.0007030057980631939,1.2401022277834741,251.67,0.28534013605442177,0.9869614512471694,0.0013736565326602952,870.5000000000018,0.14267006802721088,0.4934807256235847,0.0006868282663301476,1.2115650618063805,251.67,0.28534013605442177,0.9869614512471694,0.0013736565326602952,870.5000000000018,0.14267006802721088,0.4934807256235847,0.0006868282663301476,1.2115650618063805,275.67,0.3125510204081633,0.9869614512471667,0.0013736565326602952,870.5000000000027,0.15627551020408165,0.49348072562358336,0.0006868282663301476,1.2115650618063805,24.0,0.027210884353741496,1.1102230246251565e-16,0.0,1.1368683772161603e-13,1.0,3.552713678800501e-15,0.0,0.013605442176870748,5.551115123125783e-17,0.0,0.0,703.98,0.7981632653061225,1.0056689342403686,0.0013935448961786146,887.0000000000036,0.39908163265306124,0.5028344671201843,0.0006967724480893073,1.2291065984295382,251.71,0.2853854875283447,0.986111111111116,0.0013738682537058878,869.7500000000027,0.14269274376417235,0.493055555555558,0.0006869341268529439,1.211751799768593,251.71,0.2853854875283447,0.986111111111116,0.0013738682537058878,869.7500000000027,0.14269274376417235,0.493055555555558,0.0006869341268529439,1.211751799768593,275.71,0.31259637188208617,0.9861111111111143,0.0013738682537058878,869.7500000000036,0.15629818594104308,0.49305555555555713,0.0006869341268529439,1.211751799768593,100
0.82,814.14,794.4999999999964,0.46153061224489794,0.45039682539682424,0.0014716751983001814,2.59603504980152,384.32,0.4357369614512472,0.6757369614512445,0.0023643364240380784,595.9999999999982,0.2178684807256236,0.33786848072562226,0.0011821682120190392,2.085344726001585,429.82,0.48732426303854876,0.2250566893424022,0.0011967860969853339,198.5,0.24366213151927438,0.1125283446712011,0.0005983930484926669,1.0555653375410645,48.0,-2.2737367544323206e-13,1.0,-3.552713678800501e-15,0.0,0.027210884353741496,-1.1102230246251565e-16,0.0,0.0,587.89,1833.7500000000036,0.33327097505668934,1.0395408163265323,0.00145376305716179,2.5644380328333973,539.89,1833.7500000000018,0.3060600907029478,1.0395408163265332,0.00145376305716179,2.5644380328333973,539.89,1833.7500000000018,0.3060600907029478,1.0395408163265332,0.00145376305716179,2.5644380328333973,24.0,0.027210884353741496,-1.1102230246251565e-16,0.0,-1.1368683772161603e-13,1.0,-3.552713678800501e-15,0.0,0.013605442176870748,-5.551115123125783e-17,0.0,0.0,293.96,0.3332879818594104,1.0399659863945585,0.0014529318367199567,917.2500000000009,0.1666439909297052,0.5199829931972793,0.0007264659183599784,1.281485879987002,269.96,0.3060770975056689,1.0399659863945603,0.0014529318367199567,917.2500000000009,0.15303854875283446,0.5199829931972801,0.0007264659183599784,1.281485879987002,269.96,0.3060770975056689,1.0399659863945603,0.0014529318367199567,917.2500000000009,0.15303854875283446,0.5199829931972801,0.0007264659183599784,1.281485879987002,24.0,0.027210884353741496,-1.1102230246251565e-16,0.0,-1.1368683772161603e-13,1.0,-3.552713678800501e-15,0.0,0.013605442176870748,-5.551115123125783e-17,0.0,0.0,293.93,0.33325396825396825,1.0391156462585043,0.001454658742146529,916.5000000000009,0.16662698412698412,0.5195578231292521,0.0007273293710732645,1.2830090105732386,269.93,0.3060430839002268,1.0391156462585034,0.001454658742146529,916.5000000000009,0.1530215419501134,0.5195578231292517,0.0007273293710732645,1.2830090105732386,269.93,0.3060430839002268,1.0391156462585034,0.001454658742146529,916.5000000000009,0.1530215419501134,0.5195578231292517,0.0007273293710732645,1.2830090105732386,48.0,-2.2737367544323206e-13,1.0,-3.552713678800501e-15,0.0,0.027210884353741496,-1.1102230246251565e-16,0.0,0.0,1445.06,1856.25,0.8191950113378684,1.0522959183673493,0.0014653044465918997,2.584797043788111,539.89,1833.7500000000018,0.3060600907029478,1.0395408163265332,0.00145376305716179,2.5644380328333973,539.89,1833.7500000000018,0.3060600907029478,1.0395408163265332,0.00145376305716179,2.5644380328333973,587.89,1833.7500000000036,0.33327097505668934,1.0395408163265323,0.00145376305716179,2.5644380328333973,24.0,0.027210884353741496,-1.1102230246251565e-16,0.0,-1.1368683772161603e-13,1.0,-3.552713678800501e-15,0.0,0.013605442176870748,-5.551115123125783e-17,0.0,0.0,722.61,0.8192857142857143,1.051303854875286,0.0014653877408909485,927.25,0.40964285714285714,0.525651927437643,0.0007326938704454742,1.2924719874658166,269.96,0.3060770975056689,1.0399659863945603,0.0014529318367199567,917.2500000000009,0.15303854875283446,0.5199829931972801,0.0007264659183599784,1.281485879987002,269.96,0.3060770975056689,1.0399659863945603,0.0014529318367199567,917.2500000000009,0.15303854875283446,0.5199829931972801,0.0007264659183599784,1.281485879987002,293.96,0.3332879818594104,1.0399659863945585,0.0014529318367199567,917.2500000000009,0.1666439909297052,0.5199829931972793,0.0007264659183599784,1.281485879987002,24.0,0.027210884353741496,-1.1102230246251565e-16,0.0,-1.1368683772161603e-13,1.0,-3.552713678800501e-15,0.0,0.013605442176870748,-5.551115123125783e-17,0.0,0.0,722.45,0.8191043083900227,1.053287981859409,0.0014673783065978921,928.9999999999964,0.40955215419501134,0.5266439909297045,0.0007336891532989461,1.2942276664193408,269.93,0.3060430839002268,1.0391156462585034,0.001454658742146529,916.5000000000009,0.1530215419501134,0.5195578231292517,0.0007273293710732645,1.2830090105732386,269.93,0.3060430839002268,1.0391156462585034,0.001454658742146529,916.5000000000009,0.1530215419501134,0.5195578231292517,0.0007273293710732645,1.2830090105732386,293.93,0.33325396825396825,1.0391156462585043,0.001454658742146529,916.5000000000009,0.16662698412698412,0.5195578231292521,0.0007273293710732645,1.2830090105732386,100
0.84,834.88,913.75,0.47328798185941046,0.5179988662131532,0.0013498197307990356,2.3810820051294987,400.83,0.45445578231292516,0.8098072562358265,0.0021659501623957447,714.25,0.22722789115646258,0.40490362811791325,0.0010829750811978723,1.9103680432330468,434.05,0.4921201814058957,0.22619047619047628,0.0010141378001923647,199.5,0.24606009070294785,0.11309523809523814,0.0005070689000961823,0.8944695397696657,48.0,0.0,1.0,0.0,0.0,0.027210884353741496,0.0,0.0,0.0,624.73,1762.2499999999982,0.35415532879818595,0.999007936507935,0.0012599025753732029,2.2224681429583297,576.73,1762.25,0.3269444444444445,0.9990079365079358,0.0012599025753732029,2.2224681429583297,576.73,1762.25,0.3269444444444445,0.9990079365079358,0.0012599025753732029,2.2224681429583297,24.0,0.027210884353741496,0.0,0.0,0.0,1.0,0.0,0.0,0.013605442176870748,0.0,0.0,0.0,312.36,0.3541496598639456,0.9985827664399096,0.001260114474939044,880.7499999999991,0.1770748299319728,0.4992913832199548,0.000630057237469522,1.1114209668962367,288.36,0.3269387755102041,0.9985827664399087,0.001260114474939044,880.75,0.16346938775510206,0.49929138321995437,0.000630057237469522,1.1114209668962367,288.36,0.3269387755102041,0.9985827664399087,0.001260114474939044,880.75,0.16346938775510206,0.49929138321995437,0.000630057237469522,1.1114209668962367,24.0,0.027210884353741496,0.0,0.0,0.0,1.0,0.0,0.0,0.013605442176870748,0.0,0.0,0.0,312.37,0.3541609977324263,0.9994331065759638,0.0012597161515770126,881.4999999999991,0.17708049886621316,0.4997165532879819,0.0006298580757885063,1.111069645690925,288.37,0.3269501133786848,0.9994331065759621,0.0012597161515770126,881.4999999999991,0.1634750566893424,0.49971655328798104,0.0006298580757885063,1.111069645690925,288.37,0.3269501133786848,0.9994331065759621,0.0012597161515770126,881.4999999999991,0.1634750566893424,0.49971655328798104,0.0006298580757885063,1.111069645690925,48.0,0.0,1.0,0.0,0.0,0.027210884353741496,0.0,0.0,0.0,1482.28,1777.75,0.8402947845804989,1.0077947845805006,0.0012697891194835605,2.2399080067690007,576.73,1762.25,0.3269444444444445,0.9990079365079358,0.0012599025753732029,2.2224681429583297,576.73,1762.25,0.3269444444444445,0.9990079365079358,0.0012599025753732029,2.2224681429583297,624.73,1762.2499999999982,0.35415532879818595,0.999007936507935,0.0012599025753732029,2.2224681429583297,24.0,0.027210884353741496,0.0,0.0,0.0,1.0,0.0,0.0,0.013605442176870748,0.0,0.0,0.0,741.14,0.8402947845804989,1.0051020408163254,0.0012721643894900228,886.5,0.42014739229024944,0.5025510204081627,0.0006360821947450114,1.1220489915302,288.36,0.3269387755102041,0.9985827664399087,0.001260114474939044,880.75,0.16346938775510206,0.49929138321995437,0.000630057237469522,1.1114209668962367,288.36,0.3269387755102041,0.9985827664399087,0.001260114474939044,880.75,0.16346938775510206,0.49929138321995437,0.000630057237469522,1.1114209668962367,312.36,0.3541496598639456,0.9985827664399096,0.001260114474939044,880.7499999999991,0.1770748299319728,0.4992913832199548,0.000630057237469522,1.1114209668962367,24.0,0.027210884353741496,0.0,0.0,0.0,1.0,0.0,0.0,0.013605442176870748,0.0,0.0,0.0,741.14,0.8402947845804989,1.0104875283446688,0.0012684846637336707,891.25,0.42014739229024944,0.5052437641723344,0.0006342423318668354,1.1188034734130976,288.37,0.3269501133786848,0.9994331065759621,0.0012597161515770126,881.4999999999991,0.1634750566893424,0.49971655328798104,0.0006298580757885063,1.111069645690925,288.37,0.3269501133786848,0.9994331065759621,0.0012597161515770126,881.4999999999991,0.1634750566893424,0.49971655328798104,0.0006298580757885063,1.111069645690925,312.37,0.3541609977324263,0.9994331065759638,0.0012597161515770126,881.4999999999991,0.17708049886621316,0.4997165532879819,0.0006298580757885063,1.111069645690925,100
0.86,850.69,733.25,0.48225056689342405,0.4156746031746028,0.0011232791156678304,1.9814643600380528,412.89,0.46812925170068026,0.6587301587301582,0.002068740589469454,581.0,0.23406462585034013,0.3293650793650791,0.001034370294734727,1.8246291999120583,437.8,0.49637188208616784,0.17261904761904567,0.0007733494560275866,152.25,0.24818594104308392,0.08630952380952284,0.0003866747280137933,0.6820942202163314,48.0,0.0,1.0,0.0,0.0,0.027210884353741496,0.0,0.0,0.0,658.38,1705.4999999999982,0.3732312925170068,0.966836734693878,0.00103408420100388,1.8241245305708442,610.38,1705.5,0.3460204081632653,0.9668367346938762,0.00103408420100388,1.8241245305708442,610.38,1705.5,0.3460204081632653,0.9668367346938762,0.00103408420100388,1.8241245305708442,24.0,0.027210884353741496,0.0,0.0,0.0,1.0,0.0,0.0,0.013605442176870748,0.0,0.0,0.0,329.19,0.3732312925170068,0.9671201814058961,0.00103408420100388,852.9999999999991,0.1866156462585034,0.48356009070294803,0.00051704210050194,0.9120622652854221,305.19,0.3460204081632653,0.9671201814058943,0.00103408420100388,852.9999999999991,0.17301020408163265,0.48356009070294714,0.00051704210050194,0.9120622652854221,305.19,0.3460204081632653,0.9671201814058943,0.00103408420100388,852.9999999999991,0.17301020408163265,0.48356009070294714,0.00051704210050194,0.9120622652854221,24.0,0.027210884353741496,0.0,0.0,0.0,1.0,0.0,0.0,0.013605442176870748,0.0,0.0,0.0,329.19,0.3732312925170068,0.9665532879818599,0.00103408420100388,852.4999999999991,0.1866156462585034,0.48327664399092995,0.00051704210050194,0.9120622652854221,305.19,0.3460204081632653,0.9665532879818599,0.00103408420100388,852.5,0.17301020408163265,0.48327664399092995,0.00051704210050194,0.9120622652854221,305.19,0.3460204081632653,0.9665532879818599,0.00103408420100388,852.5,0.17301020408163265,0.48327664399092995,0.00051704210050194,0.9120622652854221,48.0,0.0,1.0,0.0,0.0,0.027210884353741496,0.0,0.0,0.0,1516.17,1713.4999999999927,0.8595068027210885,0.9713718820861637,0.0010360999235383517,1.8276802651216522,610.38,1705.5,0.3460204081632653,0.9668367346938762,0.00103408420100388,1.8241245305708442,610.38,1705.5,0.3460204081632653,0.9668367346938762,0.00103408420100388,1.8241245305708442,658.38,1705.4999999999982,0.3732312925170068,0.966836734693878,0.00103408420100388,1.8241245305708442,24.0,0.027210884353741496,0.0,0.0,0.0,1.0,0.0,0.0,0.013605442176870748,0.0,0.0,0.0,758.07,0.8594897959183674,0.9705215419501094,0.001038414691178082,855.9999999999964,0.4297448979591837,0.4852607709750547,0.000519207345589041,0.9158817576190683,305.19,0.3460204081632653,0.9671201814058943,0.00103408420100388,852.9999999999991,0.17301020408163265,0.48356009070294714,0.00051704210050194,0.9120622652854221,305.19,0.3460204081632653,0.9671201814058943,0.00103408420100388,852.9999999999991,0.17301020408163265,0.48356009070294714,0.00051704210050194,0.9120622652854221,329.19,0.3732312925170068,0.9671201814058961,0.00103408420100388,852.9999999999991,0.1866156462585034,0.48356009070294803,0.00051704210050194,0.9120622652854221,24.0,0.027210884353741496,0.0,0.0,0.0,1.0,0.0,0.0,0.013605442176870748,0.0,0.0,0.0,758.1,0.8595238095238096,0.9722222222222214,0.0010344363534063954,857.5,0.4297619047619048,0.4861111111111107,0.0005172181767031977,0.9123728637044408,305.19,0.3460204081632653,0.9665532879818599,0.00103408420100388,852.5,0.17301020408163265,0.48327664399092995,0.00051704210050194,0.9120622652854221,305.19,0.3460204081632653,0.9665532879818599,0.00103408420100388,852.5,0.17301020408163265,0.48327664399092995,0.00051704210050194,0.9120622652854221,329.19,0.3732312925170068,0.9665532879818599,0.00103408420100388,852.4999999999991,0.1866156462585034,0.48327664399092995,0.00051704210050194,0.9120622652854221,100
0.88,864.21,629.0,0.48991496598639456,0.3565759637188197,0.0009370703421491877,1.6529920835511671,424.07,0.4808049886621315,0.5413832199546498,0.0015341609177803152,477.5,0.24040249433106575,0.2706916099773249,0.0007670804588901576,1.353129929482238,440.14,0.49902494331065755,0.17176870748299322,0.0007792071453010218,151.5,0.24951247165532878,0.08588435374149661,0.0003896035726505109,0.6872607021555013,48.0,0.0,1.0,0.0,0.0,0.027210884353741496,0.0,0.0,0.0,692.95,1750.9999999999964,0.3928287981859411,0.9926303854875265,0.0011513836080674466,2.031040684630976,644.95,1750.9999999999982,0.36561791383219955,0.9926303854875265,0.0011513836080674466,2.031040684630976,644.95,1750.9999999999982,0.36561791383219955,0.9926303854875265,0.0011513836080674466,2.031040684630976,24.0,0.027210884353741496,0.0,0.0,0.0,1.0,0.0,0.0,0.013605442176870748,0.0,0.0,0.0,346.48,0.39283446712018144,0.9926303854875265,0.0011519063361900047,875.4999999999982,0.19641723356009072,0.49631519274376323,0.0005759531680950024,1.015981388519584,322.48,0.3656235827664399,0.9926303854875265,0.0011519063361900047,875.4999999999991,0.18281179138321996,0.49631519274376323,0.0005759531680950024,1.015981388519584,322.48,0.3656235827664399,0.9926303854875265,0.0011519063361900047,875.4999999999991,0.18281179138321996,0.49631519274376323,0.0005759531680950024,1.015981388519584,24.0,0.027210884353741496,0.0,0.0,0.0,1.0,0.0,0.0,0.013605442176870748,0.0,0.0,0.0,346.47,0.3928231292517007,0.9926303854875265,0.0011508885663386297,875.4999999999982,0.19641156462585035,0.49631519274376323,0.0005754442831693149,1.0150837155106713,322.47,0.36561224489795924,0.9926303854875265,0.0011508885663386297,875.4999999999991,0.18280612244897962,0.49631519274376323,0.0005754442831693149,1.0150837155106713,322.47,0.36561224489795924,0.9926303854875265,0.0011508885663386297,875.4999999999991,0.18280612244897962,0.49631519274376323,0.0005754442831693149,1.0150837155106713,48.0,0.0,1.0,0.0,0.0,0.027210884353741496,0.0,0.0,0.0,1550.82,1754.9999999999927,0.8791496598639456,0.9948979591836711,0.0011572331192563176,2.0413592223681443,644.95,1750.9999999999982,0.36561791383219955,0.9926303854875265,0.0011513836080674466,2.031040684630976,644.95,1750.9999999999982,0.36561791383219955,0.9926303854875265,0.0011513836080674466,2.031040684630976,692.95,1750.9999999999964,0.3928287981859411,0.9926303854875265,0.0011513836080674466,2.031040684630976,24.0,0.027210884353741496,0.0,0.0,0.0,1.0,0.0,0.0,0.013605442176870748,0.0,0.0,0.0,775.38,0.8791156462585034,0.9957482993197289,0.0011609226631460001,878.25,0.4395578231292517,0.49787414965986443,0.0005804613315730001,1.0239337888947722,322.48,0.3656235827664399,0.9926303854875265,0.0011519063361900047,875.4999999999991,0.18281179138321996,0.49631519274376323,0.0005759531680950024,1.015981388519584,322.48,0.3656235827664399,0.9926303854875265,0.0011519063361900047,875.4999999999991,0.18281179138321996,0.49631519274376323,0.0005759531680950024,1.015981388519584,346.48,0.39283446712018144,0.9926303854875265,0.0011519063361900047,875.4999999999982,0.19641723356009072,0.49631519274376323,0.0005759531680950024,1.015981388519584,24.0,0.027210884353741496,0.0,0.0,0.0,1.0,0.0,0.0,0.013605442176870748,0.0,0.0,0.0,775.44,0.8791836734693879,0.9940476190476168,0.0011540280733335258,876.7499999999964,0.43959183673469393,0.4970238095238084,0.0005770140366667629,1.0178527606801697,322.47,0.36561224489795924,0.9926303854875265,0.0011508885663386297,875.4999999999991,0.18280612244897962,0.49631519274376323,0.0005754442831693149,1.0150837155106713,322.47,0.36561224489795924,0.9926303854875265,0.0011508885663386297,875.4999999999991,0.18280612244897962,0.49631519274376323,0.0005754442831693149,1.0150837155106713,346.47,0.3928231292517007,0.9926303854875265,0.0011508885663386297,875.4999999999982,0.19641156462585035,0.49631519274376323,0.0005754442831693149,1.0150837155106713,100
0.9,875.85,464.75,0.4965136054421769,0.2634637188208586,0.0006670387558436262,1.1766563653081565,431.99,0.48978458049886625,0.3852040816326525,0.0010681540306984158,339.75,0.24489229024943313,0.19260204081632626,0.0005340770153492079,0.9421118550760028,443.86,0.5032426303854876,0.14172335600907005,0.000700401541787591,125.0,0.2516213151927438,0.07086167800453502,0.0003502007708937955,0.6177541598566553,48.0,0.0,1.0,0.0,0.0,0.027210884353741496,0.0,0.0,0.0,728.42,1881.25,0.41293650793650793,1.066468253968253,0.0010487467987294304,1.849989352958715,680.42,1881.2499999999982,0.3857256235827664,1.066468253968253,0.0010487467987294304,1.849989352958715,680.42,1881.2499999999982,0.3857256235827664,1.066468253968253,0.0010487467987294304,1.849989352958715,24.0,0.027210884353741496,0.0,0.0,0.0,1.0,0.0,0.0,0.013605442176870748,0.0,0.0,0.0,364.21,0.41293650793650793,1.066326530612244,0.0010487467987294304,940.5,0.20646825396825397,0.533163265306122,0.0005243733993647152,0.9249946764793575,340.21,0.3857256235827664,1.066326530612244,0.0010487467987294304,940.4999999999991,0.1928628117913832,0.533163265306122,0.0005243733993647152,0.9249946764793575,340.21,0.3857256235827664,1.066326530612244,0.0010487467987294304,940.4999999999991,0.1928628117913832,0.533163265306122,0.0005243733993647152,0.9249946764793575,24.0,0.027210884353741496,0.0,0.0,0.0,1.0,0.0,0.0,0.013605442176870748,0.0,0.0,0.0,364.21,0.41293650793650793,1.066609977324262,0.0010487467987294304,940.75,0.20646825396825397,0.533304988662131,0.0005243733993647152,0.9249946764793575,340.21,0.3857256235827664,1.066609977324262,0.0010487467987294304,940.7499999999991,0.1928628117913832,0.533304988662131,0.0005243733993647152,0.9249946764793575,340.21,0.3857256235827664,1.066609977324262,0.0010487467987294304,940.7499999999991,0.1928628117913832,0.533304988662131,0.0005243733993647152,0.9249946764793575,48.0,0.0,1.0,0.0,0.0,0.027210884353741496,0.0,0.0,0.0,1586.37,1883.75,0.8993027210884353,1.067885487528347,0.0010508641399558797,1.8537243428821717,680.42,1881.2499999999982,0.3857256235827664,1.066468253968253,0.0010487467987294304,1.849989352958715,680.42,1881.2499999999982,0.3857256235827664,1.066468253968253,0.0010487467987294304,1.849989352958715,728.42,1881.25,0.41293650793650793,1.066468253968253,0.0010487467987294304,1.849989352958715,24.0,0.027210884353741496,0.0,0.0,0.0,1.0,0.0,0.0,0.013605442176870748,0.0,0.0,0.0,793.2,0.8993197278911566,1.0685941043083922,0.0010510601201588524,942.5000000000036,0.4496598639455783,0.5342970521541961,0.0005255300600794262,0.9270350259801079,340.21,0.3857256235827664,1.066326530612244,0.0010487467987294304,940.4999999999991,0.1928628117913832,0.533163265306122,0.0005243733993647152,0.9249946764793575,340.21,0.3857256235827664,1.066326530612244,0.0010487467987294304,940.4999999999991,0.1928628117913832,0.533163265306122,0.0005243733993647152,0.9249946764793575,364.21,0.41293650793650793,1.066326530612244,0.0010487467987294304,940.5,0.20646825396825397,0.533163265306122,0.0005243733993647152,0.9249946764793575,24.0,0.027210884353741496,0.0,0.0,0.0,1.0,0.0,0.0,0.013605442176870748,0.0,0.0,0.0,793.17,0.8992857142857142,1.0671768707482983,0.0010508198115480683,941.2499999999964,0.4496428571428571,0.5335884353741491,0.0005254099057740341,0.9268230737853962,340.21,0.3857256235827664,1.066609977324262,0.0010487467987294304,940.7499999999991,0.1928628117913832,0.533304988662131,0.0005243733993647152,0.9249946764793575,340.21,0.3857256235827664,1.066609977324262,0.0010487467987294304,940.7499999999991,0.1928628117913832,0.533304988662131,0.0005243733993647152,0.9249946764793575,364.21,0.41293650793650793,1.066609977324262,0.0010487467987294304,940.75,0.20646825396825397,0.533304988662131,0.0005243733993647152,0.9249946764793575,100
0.92,882.8,138.25000000000364,0.5004535147392289,0.07837301587301582,0.0004524398035168967,0.7981038134038058,437.66,0.49621315192743765,0.21967120181405875,0.0007400988949667312,193.75000000000182,0.24810657596371882,0.10983560090702937,0.0003700494474833656,0.6527672253606569,445.14,0.5046938775510204,-0.06292517006802889,0.0005179444458863001,-55.5,0.2523469387755102,-0.031462585034014445,0.00025897222294315005,0.4568270012717167,48.0,2.2737367544323206e-13,1.0,3.552713678800501e-15,0.0,0.027210884353741496,1.1102230246251565e-16,0.0,0.0,768.2,1799.5000000000036,0.43548752834467125,1.0201247165532905,0.0008132061523563874,1.4344956527566675,720.2,1799.5000000000073,0.4082766439909297,1.0201247165532905,0.0008132061523563874,1.4344956527566675,720.2,1799.5000000000073,0.4082766439909297,1.0201247165532905,0.0008132061523563874,1.4344956527566675,24.0,0.027210884353741496,1.1102230246251565e-16,0.0,1.1368683772161603e-13,1.0,3.552713678800501e-15,0.0,0.013605442176870748,5.551115123125783e-17,0.0,0.0,384.1,0.43548752834467125,1.0201247165532905,0.0008132061523563874,899.7500000000018,0.21774376417233562,0.5100623582766453,0.0004066030761781937,0.7172478263783337,360.1,0.4082766439909297,1.0201247165532905,0.0008132061523563874,899.7500000000036,0.20413832199546486,0.5100623582766453,0.0004066030761781937,0.7172478263783337,360.1,0.4082766439909297,1.0201247165532905,0.0008132061523563874,899.7500000000036,0.20413832199546486,0.5100623582766453,0.0004066030761781937,0.7172478263783337,24.0,0.027210884353741496,1.1102230246251565e-16,0.0,1.1368683772161603e-13,1.0,3.552713678800501e-15,0.0,0.013605442176870748,5.551115123125783e-17,0.0,0.0,384.1,0.43548752834467125,1.0201247165532905,0.0008132061523563874,899.7500000000018,0.21774376417233562,0.5100623582766453,0.0004066030761781937,0.7172478263783337,360.1,0.4082766439909297,1.0201247165532905,0.0008132061523563874,899.7500000000036,0.20413832199546486,0.5100623582766453,0.0004066030761781937,0.7172478263783337,360.1,0.4082766439909297,1.0201247165532905,0.0008132061523563874,899.7500000000036,0.20413832199546486,0.5100623582766453,0.0004066030761781937,0.7172478263783337,48.0,2.2737367544323206e-13,1.0,3.552713678800501e-15,0.0,0.027210884353741496,1.1102230246251565e-16,0.0,0.0,1626.17,1800.7500000000146,0.9218650793650794,1.0208333333333393,0.0008133680030744382,1.4347811574233091,720.2,1799.5000000000073,0.4082766439909297,1.0201247165532905,0.0008132061523563874,1.4344956527566675,720.2,1799.5000000000073,0.4082766439909297,1.0201247165532905,0.0008132061523563874,1.4344956527566675,768.2,1799.5000000000036,0.43548752834467125,1.0201247165532905,0.0008132061523563874,1.4344956527566675,24.0,0.027210884353741496,1.1102230246251565e-16,0.0,1.1368683772161603e-13,1.0,3.552713678800501e-15,0.0,0.013605442176870748,5.551115123125783e-17,0.0,0.0,813.08,0.9218594104308391,1.0204081632653086,0.0008148299853752161,900.0000000000036,0.46092970521541954,0.5102040816326543,0.00040741499268760804,0.7186800471009406,360.1,0.4082766439909297,1.0201247165532905,0.0008132061523563874,899.7500000000036,0.20413832199546486,0.5100623582766453,0.0004066030761781937,0.7172478263783337,360.1,0.4082766439909297,1.0201247165532905,0.0008132061523563874,899.7500000000036,0.20413832199546486,0.5100623582766453,0.0004066030761781937,0.7172478263783337,384.1,0.43548752834467125,1.0201247165532905,0.0008132061523563874,899.7500000000018,0.21774376417233562,0.5100623582766453,0.0004066030761781937,0.7172478263783337,24.0,0.027210884353741496,1.1102230246251565e-16,0.0,1.1368683772161603e-13,1.0,3.552713678800501e-15,0.0,0.013605442176870748,5.551115123125783e-17,0.0,0.0,813.09,0.9218707482993198,1.0212585034013664,0.0008120229252513389,900.7500000000036,0.4609353741496599,0.5106292517006832,0.00040601146262566945,0.7162042200716809,360.1,0.4082766439909297,1.0201247165532905,0.0008132061523563874,899.7500000000036,0.20413832199546486,0.5100623582766453,0.0004066030761781937,0.7172478263783337,360.1,0.4082766439909297,1.0201247165532905,0.0008132061523563874,899.7500000000036,0.20413832199546486,0.5100623582766453,0.0004066030761781937,0.7172478263783337,384.1,0.43548752834467125,1.0201247165532905,0.0008132061523563874,899.7500000000018,0.21774376417233562,0.5100623582766453,0.0004066030761781937,0.7172478263783337,100
0.94,881.38,-265.0,0.4996485260770975,-0.15022675736961233,0.000585916203630156,1.0335561832035953,439.74,0.49857142857142855,0.10402494331065526,0.000795304758952544,91.74999999999636,0.24928571428571428,0.05201247165532763,0.000397652379476272,0.7014587973961438,441.64,0.5007256235827664,-0.404478458049887,0.0010345643791061176,-356.7500000000018,0.2503628117913832,-0.2022392290249435,0.0005172821895530588,0.9124857823715956,48.0,-2.2737367544323206e-13,1.0,-3.552713678800501e-15,0.0,0.027210884353741496,-1.1102230246251565e-16,0.0,0.0,800.4,1679.5,0.45374149659863944,0.9520975056689345,0.000739358151685414,1.3042277795730703,752.4,1679.4999999999964,0.42653061224489797,0.9520975056689345,0.000739358151685414,1.3042277795730703,752.4,1679.4999999999964,0.42653061224489797,0.9520975056689345,0.000739358151685414,1.3042277795730703,24.0,0.027210884353741496,-1.1102230246251565e-16,0.0,-1.1368683772161603e-13,1.0,-3.552713678800501e-15,0.0,0.013605442176870748,-5.551115123125783e-17,0.0,0.0,400.2,0.45374149659863944,0.9520975056689345,0.000739358151685414,839.75,0.22687074829931972,0.47604875283446724,0.000369679075842707,0.6521138897865352,376.2,0.42653061224489797,0.9520975056689345,0.000739358151685414,839.7499999999982,0.21326530612244898,0.47604875283446724,0.000369679075842707,0.6521138897865352,376.2,0.42653061224489797,0.9520975056689345,0.000739358151685414,839.7499999999982,0.21326530612244898,0.47604875283446724,0.000369679075842707,0.6521138897865352,24.0,0.027210884353741496,-1.1102230246251565e-16,0.0,-1.1368683772161603e-13,1.0,-3.552713678800501e-15,0.0,0.013605442176870748,-5.551115123125783e-17,0.0,0.0,400.2,0.45374149659863944,0.9520975056689345,0.000739358151685414,839.75,0.22687074829931972,0.47604875283446724,0.000369679075842707,0.6521138897865352,376.2,0.42653061224489797,0.9520975056689345,0.000739358151685414,839.7499999999982,0.21326530612244898,0.47604875283446724,0.000369679075842707,0.6521138897865352,376.2,0.42653061224489797,0.9520975056689345,0.000739358151685414,839.7499999999982,0.21326530612244898,0.47604875283446724,0.000369679075842707,0.6521138897865352,48.0,-2.2737367544323206e-13,1.0,-3.552713678800501e-15,0.0,0.027210884353741496,-1.1102230246251565e-16,0.0,0.0,1658.4,1680.25,0.9401360544217687,0.952522675736958,0.000739358151685414,1.3042277795730703,752.4,1679.4999999999964,0.42653061224489797,0.9520975056689345,0.000739358151685414,1.3042277795730703,752.4,1679.4999999999964,0.42653061224489797,0.9520975056689345,0.000739358151685414,1.3042277795730703,800.4,1679.5,0.45374149659863944,0.9520975056689345,0.000739358151685414,1.3042277795730703,24.0,0.027210884353741496,-1.1102230246251565e-16,0.0,-1.1368683772161603e-13,1.0,-3.552713678800501e-15,0.0,0.013605442176870748,-5.551115123125783e-17,0.0,0.0,829.2,0.9401360544217687,0.9526643990929671,0.000739358151685414,840.25,0.47006802721088436,0.47633219954648354,0.000369679075842707,0.6521138897865352,376.2,0.42653061224489797,0.9520975056689345,0.000739358151685414,839.7499999999982,0.21326530612244898,0.47604875283446724,0.000369679075842707,0.6521138897865352,376.2,0.42653061224489797,0.9520975056689345,0.000739358151685414,839.7499999999982,0.21326530612244898,0.47604875283446724,0.000369679075842707,0.6521138897865352,400.2,0.45374149659863944,0.9520975056689345,0.000739358151685414,839.75,0.22687074829931972,0.47604875283446724,0.000369679075842707,0.6521138897865352,24.0,0.027210884353741496,-1.1102230246251565e-16,0.0,-1.1368683772161603e-13,1.0,-3.552713678800501e-15,0.0,0.013605442176870748,-5.551115123125783e-17,0.0,0.0,829.2,0.9401360544217687,0.952380952380949,0.000739358151685414,840.0,0.47006802721088436,0.4761904761904745,0.000369679075842707,0.6521138897865352,376.2,0.42653061224489797,0.9520975056689345,0.000739358151685414,839.7499999999982,0.21326530612244898,0.47604875283446724,0.000369679075842707,0.6521138897865352,376.2,0.42653061224489797,0.9520975056689345,0.000739358151685414,839.7499999999982,0.21326530612244898,0.47604875283446724,0.000369679075842707,0.6521138897865352,400.2,0.45374149659863944,0.9520975056689345,0.000739358151685414,839.75,0.22687074829931972,0.47604875283446724,0.000369679075842707,0.6521138897865352,100
0.96,872.2,-814.25,0.49444444444444446,-0.46159297052154,0.0007479574050524917,1.3193968625125954,441.33,0.5003741496598639,0.0700113378684808,0.0005129149144544234,61.75,0.25018707482993197,0.0350056689342404,0.0002564574572272117,0.45239095454880146,430.87,0.48851473922902494,-0.9931972789115626,0.0014432239703685728,-875.9999999999982,0.24425736961451247,-0.4965986394557813,0.0007216119851842864,1.2729235418650813,48.0,0.0,1.0,0.0,0.0,0.027210884353741496,0.0,0.0,0.0,835.38,1754.0,0.4735714285714286,0.9943310657596367,0.0006531415055978872,1.1521416158746731,787.38,1754.0,0.44636054421768706,0.9943310657596349,0.0006531415055978872,1.1521416158746731,787.38,1754.0,0.44636054421768706,0.9943310657596349,0.0006531415055978872,1.1521416158746731,24.0,0.027210884353741496,0.0,0.0,0.0,1.0,0.0,0.0,0.013605442176870748,0.0,0.0,0.0,417.69,0.4735714285714286,0.9943310657596367,0.0006531415055978872,877.0,0.2367857142857143,0.49716553287981835,0.0003265707527989436,0.5760708079373366,393.69,0.44636054421768706,0.9943310657596349,0.0006531415055978872,877.0,0.22318027210884353,0.49716553287981746,0.0003265707527989436,0.5760708079373366,393.69,0.44636054421768706,0.9943310657596349,0.0006531415055978872,877.0,0.22318027210884353,0.49716553287981746,0.0003265707527989436,0.5760708079373366,24.0,0.027210884353741496,0.0,0.0,0.0,1.0,0.0,0.0,0.013605442176870748,0.0,0.0,0.0,417.69,0.4735714285714286,0.9943310657596367,0.0006531415055978872,877.0,0.2367857142857143,0.49716553287981835,0.0003265707527989436,0.5760708079373366,393.69,0.44636054421768706,0.9943310657596349,0.0006531415055978872,877.0,0.22318027210884353,0.49716553287981746,0.0003265707527989436,0.5760708079373366,393.69,0.44636054421768706,0.9943310657596349,0.0006531415055978872,877.0,0.22318027210884353,0.49716553287981746,0.0003265707527989436,0.5760708079373366,48.0,0.0,1.0,0.0,0.0,0.027210884353741496,0.0,0.0,0.0,1693.38,1754.0,0.9599659863945579,0.9943310657596314,0.0006531415055978872,1.1521416158746731,787.38,1754.0,0.44636054421768706,0.9943310657596349,0.0006531415055978872,1.1521416158746731,787.38,1754.0,0.44636054421768706,0.9943310657596349,0.0006531415055978872,1.1521416158746731,835.38,1754.0,0.4735714285714286,0.9943310657596367,0.0006531415055978872,1.1521416158746731,24.0,0.027210884353741496,0.0,0.0,0.0,1.0,0.0,0.0,0.013605442176870748,0.0,0.0,0.0,846.69,0.9599659863945579,0.9943310657596314,0.0006531415055978872,877.0,0.47998299319727894,0.4971655328798157,0.0003265707527989436,0.5760708079373366,393.69,0.44636054421768706,0.9943310657596349,0.0006531415055978872,877.0,0.22318027210884353,0.49716553287981746,0.0003265707527989436,0.5760708079373366,393.69,0.44636054421768706,0.9943310657596349,0.0006531415055978872,877.0,0.22318027210884353,0.49716553287981746,0.0003265707527989436,0.5760708079373366,417.69,0.4735714285714286,0.9943310657596367,0.0006531415055978872,877.0,0.2367857142857143,0.49716553287981835,0.0003265707527989436,0.5760708079373366,24.0,0.027210884353741496,0.0,0.0,0.0,1.0,0.0,0.0,0.013605442176870748,0.0,0.0,0.0,846.69,0.9599659863945579,0.9943310657596314,0.0006531415055978872,877.0,0.47998299319727894,0.4971655328798157,0.0003265707527989436,0.5760708079373366,393.69,0.44636054421768706,0.9943310657596349,0.0006531415055978872,877.0,0.22318027210884353,0.49716553287981746,0.0003265707527989436,0.5760708079373366,393.69,0.44636054421768706,0.9943310657596349,0.0006531415055978872,877.0,0.22318027210884353,0.49716553287981746,0.0003265707527989436,0.5760708079373366,417.69,0.4735714285714286,0.9943310657596367,0.0006531415055978872,877.0,0.2367857142857143,0.49716553287981835,0.0003265707527989436,0.5760708079373366,100
0.98,848.81,-2080.0,0.4811848072562358,-1.179138321995465,0.0009259678196993734,1.6334072339496946,442.21,0.5013718820861678,-0.009353741496598289,0.0002924296359705595,-8.25,0.2506859410430839,-0.0046768707482991445,0.00014621481798527975,0.25792293892603346,406.6,0.4609977324263039,-2.348922902494328,0.0018073899953957866,-2071.749999999998,0.23049886621315194,-1.174461451247164,0.0009036949976978933,1.5941179759390838,48.0,0.0,1.0,0.0,0.0,0.027210884353741496,0.0,0.0,0.0,870.56,1765.5,0.4935147392290249,1.0008503401360542,0.00044281803352646095,0.7811310111406771,822.56,1765.5,0.4663038548752834,1.0008503401360525,0.00044281803352646095,0.7811310111406771,822.56,1765.5,0.4663038548752834,1.0008503401360525,0.00044281803352646095,0.7811310111406771,24.0,0.027210884353741496,0.0,0.0,0.0,1.0,0.0,0.0,0.013605442176870748,0.0,0.0,0.0,435.28,0.4935147392290249,1.0008503401360542,0.00044281803352646095,882.75,0.24675736961451245,0.5004251700680271,0.00022140901676323047,0.39056550557033853,411.28,0.4663038548752834,1.0008503401360525,0.00044281803352646095,882.75,0.2331519274376417,0.5004251700680262,0.00022140901676323047,0.39056550557033853,411.28,0.4663038548752834,1.0008503401360525,0.00044281803352646095,882.75,0.2331519274376417,0.5004251700680262,0.00022140901676323047,0.39056550557033853,24.0,0.027210884353741496,0.0,0.0,0.0,1.0,0.0,0.0,0.013605442176870748,0.0,0.0,0.0,435.28,0.4935147392290249,1.0008503401360542,0.00044281803352646095,882.75,0.24675736961451245,0.5004251700680271,0.00022140901676323047,0.39056550557033853,411.28,0.4663038548752834,1.0008503401360525,0.00044281803352646095,882.75,0.2331519274376417,0.5004251700680262,0.00022140901676323047,0.39056550557033853,411.28,0.4663038548752834,1.0008503401360525,0.00044281803352646095,882.75,0.2331519274376417,0.5004251700680262,0.00022140901676323047,0.39056550557033853,48.0,0.0,1.0,0.0,0.0,0.027210884353741496,0.0,0.0,0.0,1728.56,1765.5,0.9799092970521541,1.0008503401360507,0.00044281803352646095,0.7811310111406771,822.56,1765.5,0.4663038548752834,1.0008503401360525,0.00044281803352646095,0.7811310111406771,822.56,1765.5,0.4663038548752834,1.0008503401360525,0.00044281803352646095,0.7811310111406771,870.56,1765.5,0.4935147392290249,1.0008503401360542,0.00044281803352646095,0.7811310111406771,24.0,0.027210884353741496,0.0,0.0,0.0,1.0,0.0,0.0,0.013605442176870748,0.0,0.0,0.0,864.28,0.9799092970521541,1.0008503401360507,0.00044281803352646095,882.75,0.48995464852607706,0.5004251700680253,0.00022140901676323047,0.39056550557033853,411.28,0.4663038548752834,1.0008503401360525,0.00044281803352646095,882.75,0.2331519274376417,0.5004251700680262,0.00022140901676323047,0.39056550557033853,411.28,0.4663038548752834,1.0008503401360525,0.00044281803352646095,882.75,0.2331519274376417,0.5004251700680262,0.00022140901676323047,0.39056550557033853,435.28,0.4935147392290249,1.0008503401360542,0.00044281803352646095,882.75,0.24675736961451245,0.5004251700680271,0.00022140901676323047,0.39056550557033853,24.0,0.027210884353741496,0.0,0.0,0.0,1.0,0.0,0.0,0.013605442176870748,0.0,0.0,0.0,864.28,0.9799092970521541,1.0008503401360507,0.00044281803352646095,882.75,0.48995464852607706,0.5004251700680253,0.00022140901676323047,0.39056550557033853,411.28,0.4663038548752834,1.0008503401360525,0.00044281803352646095,882.75,0.2331519274376417,0.5004251700680262,0.00022140901676323047,0.39056550557033853,411.28,0.4663038548752834,1.0008503401360525,0.00044281803352646095,882.75,0.2331519274376417,0.5004251700680262,0.00022140901676323047,0.39056550557033853,435.28,0.4935147392290249,1.0008503401360542,0.00044281803352646095,882.75,0.24675736961451245,0.5004251700680271,0.00022140901676323047,0.39056550557033853,100
1.0,789.0,-2990.4999999999945,0.44727891156462585,-1.6952947845804962,0.0,0.0,441.0,0.5,-0.06859410430838925,0.0,-60.49999999999892,0.25,-0.034297052154194624,0.0,0.0,348.0,0.3945578231292517,-3.321995464852606,0.0,-2929.9999999999986,0.19727891156462585,-1.660997732426303,0.0,0.0,48.0,0.0,1.0,0.0,0.0,0.027210884353741496,0.0,0.0,0.0,906.0,1772.0000000000011,0.5136054421768708,1.0045351473922928,0.0,0.0,858.0,1772.0000000000011,0.48639455782312924,1.0045351473922899,0.0,0.0,858.0,1772.0000000000011,0.48639455782312924,1.0045351473922899,0.0,0.0,24.0,0.027210884353741496,0.0,0.0,0.0,1.0,0.0,0.0,0.013605442176870748,0.0,0.0,0.0,453.0,0.5136054421768708,1.0045351473922928,0.0,886.0000000000006,0.2568027210884354,0.5022675736961464,0.0,0.0,429.0,0.48639455782312924,1.0045351473922899,0.0,886.0000000000006,0.24319727891156462,0.5022675736961449,0.0,0.0,429.0,0.48639455782312924,1.0045351473922899,0.0,886.0000000000006,0.24319727891156462,0.5022675736961449,0.0,0.0,24.0,0.027210884353741496,0.0,0.0,0.0,1.0,0.0,0.0,0.013605442176870748,0.0,0.0,0.0,453.0,0.5136054421768708,1.0045351473922928,0.0,886.0000000000006,0.2568027210884354,0.5022675736961464,0.0,0.0,429.0,0.48639455782312924,1.0045351473922899,0.0,886.0000000000006,0.24319727891156462,0.5022675736961449,0.0,0.0,429.0,0.48639455782312924,1.0045351473922899,0.0,886.0000000000006,0.24319727891156462,0.5022675736961449,0.0,0.0,48.0,0.0,1.0,0.0,0.0,0.027210884353741496,0.0,0.0,0.0,1764.0,1772.0000000000011,1.0,1.0045351473922928,0.0,0.0,858.0,1772.0000000000011,0.48639455782312924,1.0045351473922899,0.0,0.0,858.0,1772.0000000000011,0.48639455782312924,1.0045351473922899,0.0,0.0,906.0,1772.0000000000011,0.5136054421768708,1.0045351473922928,0.0,0.0,24.0,0.027210884353741496,0.0,0.0,0.0,1.0,0.0,0.0,0.013605442176870748,0.0,0.0,0.0,882.0,1.0,1.0045351473922928,0.0,886.0000000000006,0.5,0.5022675736961464,0.0,0.0,429.0,0.48639455782312924,1.0045351473922899,0.0,886.0000000000006,0.24319727891156462,0.5022675736961449,0.0,0.0,429.0,0.48639455782312924,1.0045351473922899,0.0,886.0000000000006,0.24319727891156462,0.5022675736961449,0.0,0.0,453.0,0.5136054421768708,1.0045351473922928,0.0,886.0000000000006,0.2568027210884354,0.5022675736961464,0.0,0.0,24.0,0.027210884353741496,0.0,0.0,0.0,1.0,0.0,0.0,0.013605442176870748,0.0,0.0,0.0,882.0,1.0,1.0045351473922928,0.0,886.0000000000006,0.5,0.5022675736961464,0.0,0.0,429.0,0.48639455782312924,1.0045351473922899,0.0,886.0000000000006,0.24319727891156462,0.5022675736961449,0.0,0.0,429.0,0.48639455782312924,1.0045351473922899,0.0,886.0000000000006,0.24319727891156462,0.5022675736961449,0.0,0.0,453.0,0.5136054421768708,1.0045351473922928,0.0,886.0000000000006,0.2568027210884354,0.5022675736961464,0.0,0.0,100
