p,dual_primal_residual_total,dual_primal_residual_total_dp,dual_primal_residual_total_norm,dual_primal_residual_total_norm_dp,dual_primal_residual_total_norm_stderr,dual_primal_residual_total_stderr,dual_primal_x_residual,dual_primal_x_residual_component_norm,dual_primal_x_residual_component_norm_dp,dual_primal_x_residual_component_norm_stderr,dual_primal_x_residual_dp,dual_primal_x_residual_norm,dual_primal_x_residual_norm_dp,dual_primal_x_residual_norm_stderr,dual_primal_x_residual_stderr,dual_primal_z_residual,dual_primal_z_residual_component_norm,dual_primal_z_residual_component_norm_dp,dual_primal_z_residual_component_norm_stderr,dual_primal_z_residual_dp,dual_primal_z_residual_norm,dual_primal_z_residual_norm_dp,dual_primal_z_residual_norm_stderr,dual_primal_z_residual_stderr,exact_class_total,exact_class_total_dp,exact_class_total_logical_norm,exact_class_total_logical_norm_dp,exact_class_total_logical_norm_stderr,exact_class_total_norm,exact_class_total_norm_dp,exact_class_total_norm_stderr,exact_class_total_stderr,exact_error_total,exact_error_total_dp,exact_error_total_norm,exact_error_total_norm_dp,exact_error_total_norm_stderr,exact_error_total_stderr,exact_saved_by_stabilizers_total,exact_saved_by_stabilizers_total_dp,exact_saved_by_stabilizers_total_norm,exact_saved_by_stabilizers_total_norm_dp,exact_saved_by_stabilizers_total_norm_stderr,exact_saved_by_stabilizers_total_stderr,exact_stabilizer_total,exact_stabilizer_total_dp,exact_stabilizer_total_norm,exact_stabilizer_total_norm_dp,exact_stabilizer_total_norm_stderr,exact_stabilizer_total_stderr,exact_x_class,exact_x_class_component_norm,exact_x_class_component_norm_dp,exact_x_class_component_norm_stderr,exact_x_class_dp,exact_x_class_logical_norm,exact_x_class_logical_norm_dp,exact_x_class_logical_norm_stderr,exact_x_class_norm,exact_x_class_norm_dp,exact_x_class_norm_stderr,exact_x_class_stderr,exact_x_error,exact_x_error_component_norm,exact_x_error_component_norm_dp,exact_x_error_component_norm_stderr,exact_x_error_dp,exact_x_error_norm,exact_x_error_norm_dp,exact_x_error_norm_stderr,exact_x_error_stderr,exact_x_saved_by_stabilizers,exact_x_saved_by_stabilizers_component_norm,exact_x_saved_by_stabilizers_component_norm_dp,exact_x_saved_by_stabilizers_component_norm_stderr,exact_x_saved_by_stabilizers_dp,exact_x_saved_by_stabilizers_norm,exact_x_saved_by_stabilizers_norm_dp,exact_x_saved_by_stabilizers_norm_stderr,exact_x_saved_by_stabilizers_stderr,exact_x_stabilizer,exact_x_stabilizer_component_norm,exact_x_stabilizer_component_norm_dp,exact_x_stabilizer_component_norm_stderr,exact_x_stabilizer_dp,exact_x_stabilizer_norm,exact_x_stabilizer_norm_dp,exact_x_stabilizer_norm_stderr,exact_x_stabilizer_stderr,exact_z_class,exact_z_class_component_norm,exact_z_class_component_norm_dp,exact_z_class_component_norm_stderr,exact_z_class_dp,exact_z_class_logical_norm,exact_z_class_logical_norm_dp,exact_z_class_logical_norm_stderr,exact_z_class_norm,exact_z_class_norm_dp,exact_z_class_norm_stderr,exact_z_class_stderr,exact_z_error,exact_z_error_component_norm,exact_z_error_component_norm_dp,exact_z_error_component_norm_stderr,exact_z_error_dp,exact_z_error_norm,exact_z_error_norm_dp,exact_z_error_norm_stderr,exact_z_error_stderr,exact_z_saved_by_stabilizers,exact_z_saved_by_stabilizers_component_norm,exact_z_saved_by_stabilizers_component_norm_dp,exact_z_saved_by_stabilizers_component_norm_stderr,exact_z_saved_by_stabilizers_dp,exact_z_saved_by_stabilizers_norm,exact_z_saved_by_stabilizers_norm_dp,exact_z_saved_by_stabilizers_norm_stderr,exact_z_saved_by_stabilizers_stderr,exact_z_stabilizer,exact_z_stabilizer_component_norm,exact_z_stabilizer_component_norm_dp,exact_z_stabilizer_component_norm_stderr,exact_z_stabilizer_dp,exact_z_stabilizer_norm,exact_z_stabilizer_norm_dp,exact_z_stabilizer_norm_stderr,exact_z_stabilizer_stderr,peel_aided_guess_total,peel_aided_guess_total_dp,peel_aided_guess_total_logical_norm,peel_aided_guess_total_logical_norm_dp,peel_aided_guess_total_logical_norm_stderr,peel_aided_guess_total_norm,peel_aided_guess_total_norm_dp,peel_aided_guess_total_norm_stderr,peel_aided_guess_total_stderr,peel_residual_qubits_total,peel_residual_qubits_total_dp,peel_residual_qubits_total_norm,peel_residual_qubits_total_norm_dp,peel_residual_qubits_total_norm_stderr,peel_residual_qubits_total_stderr,peel_saved_guess_total,peel_saved_guess_total_dp,peel_saved_guess_total_norm,peel_saved_guess_total_norm_dp,peel_saved_guess_total_norm_stderr,peel_saved_guess_total_stderr,peel_stabilizer_found_total,peel_stabilizer_found_total_dp,peel_stabilizer_found_total_norm,peel_stabilizer_found_total_norm_dp,peel_stabilizer_found_total_norm_stderr,peel_stabilizer_found_total_stderr,peel_unassisted_guess_total,peel_unassisted_guess_total_dp,peel_unassisted_guess_total_norm,peel_unassisted_guess_total_norm_dp,peel_unassisted_guess_total_norm_stderr,peel_unassisted_guess_total_stderr,peel_x_aided_guess,peel_x_aided_guess_component_norm,peel_x_aided_guess_component_norm_dp,peel_x_aided_guess_component_norm_stderr,peel_x_aided_guess_dp,peel_x_aided_guess_logical_norm,peel_x_aided_guess_logical_norm_dp,peel_x_aided_guess_logical_norm_stderr,peel_x_aided_guess_norm,peel_x_aided_guess_norm_dp,peel_x_aided_guess_norm_stderr,peel_x_aided_guess_stderr,peel_x_residual_qubits,peel_x_residual_qubits_component_norm,peel_x_residual_qubits_component_norm_dp,peel_x_residual_qubits_component_norm_stderr,peel_x_residual_qubits_dp,peel_x_residual_qubits_norm,peel_x_residual_qubits_norm_dp,peel_x_residual_qubits_norm_stderr,peel_x_residual_qubits_stderr,peel_x_saved_guess,peel_x_saved_guess_component_norm,peel_x_saved_guess_component_norm_dp,peel_x_saved_guess_component_norm_stderr,peel_x_saved_guess_dp,peel_x_saved_guess_norm,peel_x_saved_guess_norm_dp,peel_x_saved_guess_norm_stderr,peel_x_saved_guess_stderr,peel_x_stabilizer_found,peel_x_stabilizer_found_component_norm,peel_x_stabilizer_found_component_norm_dp,peel_x_stabilizer_found_component_norm_stderr,peel_x_stabilizer_found_dp,peel_x_stabilizer_found_norm,peel_x_stabilizer_found_norm_dp,peel_x_stabilizer_found_norm_stderr,peel_x_stabilizer_found_stderr,peel_x_unassisted_guess,peel_x_unassisted_guess_component_norm,peel_x_unassisted_guess_component_norm_dp,peel_x_unassisted_guess_component_norm_stderr,peel_x_unassisted_guess_dp,peel_x_unassisted_guess_norm,peel_x_unassisted_guess_norm_dp,peel_x_unassisted_guess_norm_stderr,peel_x_unassisted_guess_stderr,peel_z_aided_guess,peel_z_aided_guess_component_norm,peel_z_aided_guess_component_norm_dp,peel_z_aided_guess_component_norm_stderr,peel_z_aided_guess_dp,peel_z_aided_guess_logical_norm,peel_z_aided_guess_logical_norm_dp,peel_z_aided_guess_logical_norm_stderr,peel_z_aided_guess_norm,peel_z_aided_guess_norm_dp,peel_z_aided_guess_norm_stderr,peel_z_aided_guess_stderr,peel_z_residual_qubits,peel_z_residual_qubits_component_norm,peel_z_residual_qubits_component_norm_dp,peel_z_residual_qubits_component_norm_stderr,peel_z_residual_qubits_dp,peel_z_residual_qubits_norm,peel_z_residual_qubits_norm_dp,peel_z_residual_qubits_norm_stderr,peel_z_residual_qubits_stderr,peel_z_saved_guess,peel_z_saved_guess_component_norm,peel_z_saved_guess_component_norm_dp,peel_z_saved_guess_component_norm_stderr,peel_z_saved_guess_dp,peel_z_saved_guess_norm,peel_z_saved_guess_norm_dp,peel_z_saved_guess_norm_stderr,peel_z_saved_guess_stderr,peel_z_stabilizer_found,peel_z_stabilizer_found_component_norm,peel_z_stabilizer_found_component_norm_dp,peel_z_stabilizer_found_component_norm_stderr,peel_z_stabilizer_found_dp,peel_z_stabilizer_found_norm,peel_z_stabilizer_found_norm_dp,peel_z_stabilizer_found_norm_stderr,peel_z_stabilizer_found_stderr,peel_z_unassisted_guess,peel_z_unassisted_guess_component_norm,peel_z_unassisted_guess_component_norm_dp,peel_z_unassisted_guess_component_norm_stderr,peel_z_unassisted_guess_dp,peel_z_unassisted_guess_norm,peel_z_unassisted_guess_norm_dp,peel_z_unassisted_guess_norm_stderr,peel_z_unassisted_guess_stderr,runs
0.0,0.0,0.0,0.0,0.0,0.0,0.0,0.0,0.0,0.0,0.0,0.0,0.0,0.0,0.0,0.0,0.0,0.0,0.0,0.0,0.0,0.0,0.0,0.0,0.0,0.0,0.0,0.0,0.0,0.0,0.0,0.0,0.0,0.0,0.0,0.0,0.0,0.0,0.0,0.0,0.0,0.0,0.0,0.0,0.0,0.0,0.0,0.0,0.0,0.0,0.0,0.0,0.0,0.0,0.0,0.0,0.0,0.0,0.0,0.0,0.0,0.0,0.0,0.0,0.0,0.0,0.0,0.0,0.0,0.0,0.0,0.0,0.0,0.0,0.0,0.0,0.0,0.0,0.0,0.0,0.0,0.0,0.0,0.0,0.0,0.0,0.0,0.0,0.0,0.0,0.0,0.0,0.0,0.0,0.0,0.0,0.0,0.0,0.0,0.0,0.0,0.0,0.0,0.0,0.0,0.0,0.0,0.0,0.0,0.0,0.0,0.0,0.0,0.0,0.0,0.0,0.0,0.0,0.0,0.0,0.0,0.0,0.0,0.0,0.0,0.0,0.0,0.0,0.0,0.0,0.0,0.0,0.0,0.0,0.0,0.0,0.0,0.0,0.0,0.0,0.0,0.0,0.0,0.0,0.0,0.0,0.0,0.0,0.0,0.0,0.0,0.0,0.0,0.0,0.0,0.0,0.0,0.0,0.0,0.0,0.0,0.0,0.0,0.0,0.0,0.0,0.0,0.0,0.0,0.0,0.0,0.0,0.0,0.0,0.0,0.0,0.0,0.0,0.0,0.0,0.0,0.0,0.0,0.0,0.0,0.0,0.0,0.0,0.0,0.0,0.0,0.0,0.0,0.0,0.0,0.0,0.0,0.0,0.0,0.0,0.0,0.0,0.0,0.0,0.0,0.0,0.0,0.0,0.0,0.0,0.0,0.0,0.0,0.0,0.0,0.0,0.0,0.0,0.0,0.0,0.0,0.0,0.0,0.0,0.0,0.0,0.0,0.0,0.0,0.0,0.0,0.0,0.0,0.0,0.0,0.0,0.0,0.0,0.0,0.0,0.0,0.0,0.0,0.0,0.0,0.0,0.0,0.0,0.0,0.0,0.0,0.0,0.0,0.0,0.0,0.0,0.0,0.0,0.0,1000
0.02,0.0,0.0,0.0,0.0,0.0,0.0,0.0,0.0,0.0,0.0,0.0,0.0,0.0,0.0,0.0,0.0,0.0,0.0,0.0,0.0,0.0,0.0,0.0,0.0,0.0,0.0,0.0,0.0,0.0,0.0,0.0,0.0,0.0,0.0,0.05,0.0,0.0006097560975609756,0.0,0.0,0.0,0.05,0.0,0.0006097560975609756,0.0,0.0,0.0,0.05,0.0,0.0006097560975609756,0.0,0.0,0.0,0.0,0.0,0.0,0.0,0.0,0.0,0.0,0.0,0.0,0.0,0.0,0.0,0.0,0.0012195121951219512,0.0,0.05,0.0,0.0006097560975609756,0.0,0.0,0.0,0.0,0.0012195121951219512,0.0,0.05,0.0,0.0006097560975609756,0.0,0.0,0.0,0.0,0.0012195121951219512,0.0,0.05,0.0,0.0006097560975609756,0.0,0.0,0.0,0.0,0.0,0.0,0.0,0.0,0.0,0.0,0.0,0.0,0.0,0.0,0.0,0.0,0.0,0.0,0.0,0.0,0.0,0.0,0.0,0.0,0.0,0.0,0.0,0.0,0.0,0.0,0.0,0.0,0.0,0.0,0.0,0.0,0.0,0.0,0.0,0.0,0.0,0.0,0.0,0.0,0.0,0.0,0.0,0.0,0.0,0.0,0.0,0.17500000000000002,0.0,0.002134146341463415,0.0,0.0,0.0,0.05,0.0,0.0006097560975609756,0.0,0.0,0.0,0.05,0.0,0.0006097560975609756,0.0,0.0,0.0,0.05,0.0,0.0006097560975609756,0.0,0.0,0.0,0.0,0.0,0.0,0.0,0.0,0.0,0.0,0.0,0.0,0.0,0.0,0.0,0.0,0.00426829268292683,0.0,0.17500000000000002,0.0,0.002134146341463415,0.0,0.0,0.0,0.0,0.0012195121951219512,0.0,0.05,0.0,0.0006097560975609756,0.0,0.0,0.0,0.0,0.0012195121951219512,0.0,0.05,0.0,0.0006097560975609756,0.0,0.0,0.0,0.0,0.0012195121951219512,0.0,0.05,0.0,0.0006097560975609756,0.0,0.0,0.0,0.0,0.0,0.0,0.0,0.0,0.0,0.0,0.0,0.0,0.0,0.0,0.0,0.0,0.0,0.0,0.0,0.0,0.0,0.0,0.0,0.0,0.0,0.0,0.0,0.0,0.0,0.0,0.0,0.0,0.0,0.0,0.0,0.0,0.0,0.0,0.0,0.0,0.0,0.0,0.0,0.0,0.0,0.0,0.0,0.0,0.0,0.0,1000
0.04,0.0,0.0,0.0,0.0,0.0,0.0,0.0,0.0,0.0,0.0,0.0,0.0,0.0,0.0,0.0,0.0,0.0,0.0,0.0,0.0,0.0,0.0,0.0,0.0,0.0,0.0,0.0,0.0,0.0,0.0,0.0,0.0,0.0,0.002,0.15000000000000005,2.4390243902439026e-05,0.0018292682926829274,1.7237872811680773e-05,0.0014135055705578234,0.002,0.15000000000000005,2.4390243902439026e-05,0.0018292682926829274,1.7237872811680773e-05,0.0014135055705578234,0.002,0.15000000000000005,2.4390243902439026e-05,0.0018292682926829274,1.7237872811680773e-05,0.0014135055705578234,0.0,0.0,0.0,0.0,0.0,0.0,0.0,0.0,0.0,0.0,0.0,0.0,0.002,4.878048780487805e-05,0.0012195121951219514,3.447574562336155e-05,0.05,2.4390243902439026e-05,0.0006097560975609757,1.7237872811680773e-05,0.0014135055705578234,0.002,4.878048780487805e-05,0.0012195121951219514,3.447574562336155e-05,0.05,2.4390243902439026e-05,0.0006097560975609757,1.7237872811680773e-05,0.0014135055705578234,0.002,4.878048780487805e-05,0.0012195121951219514,3.447574562336155e-05,0.05,2.4390243902439026e-05,0.0006097560975609757,1.7237872811680773e-05,0.0014135055705578234,0.0,0.0,0.0,0.0,0.0,0.0,0.0,0.0,0.0,0.0,0.0,0.0,0.0,0.0,0.0024390243902439037,0.0,0.10000000000000005,0.0,0.0012195121951219519,0.0,0.0,0.0,0.0,0.0024390243902439037,0.0,0.10000000000000005,0.0,0.0012195121951219519,0.0,0.0,0.0,0.0,0.0024390243902439037,0.0,0.10000000000000005,0.0,0.0012195121951219519,0.0,0.0,0.0,0.0,0.0,0.0,0.0,0.0,0.0,0.0,0.0,0.007,0.4500000000000001,8.53658536585366e-05,0.005487804878048781,6.0946305123980385e-05,0.0049975970201663915,0.002,0.15000000000000005,2.4390243902439026e-05,0.0018292682926829274,1.7237872811680773e-05,0.0014135055705578234,0.002,0.15000000000000005,2.4390243902439026e-05,0.0018292682926829274,1.7237872811680773e-05,0.0014135055705578234,0.002,0.15000000000000005,2.4390243902439026e-05,0.0018292682926829274,1.7237872811680773e-05,0.0014135055705578234,0.0,0.0,0.0,0.0,0.0,0.0,0.0,0.0,0.0,0.0,0.0,0.0,0.007,0.0001707317073170732,0.003658536585365854,0.00012189261024796077,0.15000000000000002,8.53658536585366e-05,0.001829268292682927,6.0946305123980385e-05,0.0049975970201663915,0.002,4.878048780487805e-05,0.0012195121951219514,3.447574562336155e-05,0.05,2.4390243902439026e-05,0.0006097560975609757,1.7237872811680773e-05,0.0014135055705578234,0.002,4.878048780487805e-05,0.0012195121951219514,3.447574562336155e-05,0.05,2.4390243902439026e-05,0.0006097560975609757,1.7237872811680773e-05,0.0014135055705578234,0.002,4.878048780487805e-05,0.0012195121951219514,3.447574562336155e-05,0.05,2.4390243902439026e-05,0.0006097560975609757,1.7237872811680773e-05,0.0014135055705578234,0.0,0.0,0.0,0.0,0.0,0.0,0.0,0.0,0.0,0.0,0.0,0.0,0.0,0.0,0.00731707317073171,0.0,0.30000000000000016,0.0,0.003658536585365855,0.0,0.0,0.0,0.0,0.0024390243902439037,0.0,0.10000000000000005,0.0,0.0012195121951219519,0.0,0.0,0.0,0.0,0.0024390243902439037,0.0,0.10000000000000005,0.0,0.0012195121951219519,0.0,0.0,0.0,0.0,0.0024390243902439037,0.0,0.10000000000000005,0.0,0.0012195121951219519,0.0,0.0,1000
0.06,0.0,0.0,0.0,0.0,0.0,0.0,0.0,0.0,0.0,0.0,0.0,0.0,0.0,0.0,0.0,0.0,0.0,0.0,0.0,0.0,0.0,0.0,0.0,0.0,0.0,0.0,0.0,0.0,0.0,0.0,0.0,0.0,0.0,0.006,0.12500000000000006,7.317073170731707e-05,0.00152439024390244,2.9796978040607816e-05,0.002443352199329841,0.006,0.12500000000000006,7.317073170731707e-05,0.00152439024390244,2.9796978040607816e-05,0.002443352199329841,0.006,0.12500000000000006,7.317073170731707e-05,0.00152439024390244,2.9796978040607816e-05,0.002443352199329841,0.0,0.0,0.0,0.0,0.0,0.0,0.0,0.0,0.0,0.0,0.0,0.0,0.002,4.878048780487805e-05,0.0018292682926829265,3.447574562336155e-05,0.07499999999999998,2.4390243902439026e-05,0.0009146341463414633,1.7237872811680773e-05,0.0014135055705578234,0.002,4.878048780487805e-05,0.0018292682926829265,3.447574562336155e-05,0.07499999999999998,2.4390243902439026e-05,0.0009146341463414633,1.7237872811680773e-05,0.0014135055705578234,0.002,4.878048780487805e-05,0.0018292682926829265,3.447574562336155e-05,0.07499999999999998,2.4390243902439026e-05,0.0009146341463414633,1.7237872811680773e-05,0.0014135055705578234,0.0,0.0,0.0,0.0,0.0,0.0,0.0,0.0,0.0,0.0,0.0,0.0,0.004,9.75609756097561e-05,0.0012195121951219527,4.870718875850552e-05,0.05000000000000006,4.878048780487805e-05,0.0006097560975609764,2.435359437925276e-05,0.0019969947390987264,0.004,9.75609756097561e-05,0.0012195121951219527,4.870718875850552e-05,0.05000000000000006,4.878048780487805e-05,0.0006097560975609764,2.435359437925276e-05,0.0019969947390987264,0.004,9.75609756097561e-05,0.0012195121951219527,4.870718875850552e-05,0.05000000000000006,4.878048780487805e-05,0.0006097560975609764,2.435359437925276e-05,0.0019969947390987264,0.0,0.0,0.0,0.0,0.0,0.0,0.0,0.0,0.0,0.018,0.42500000000000016,0.0002195121951219512,0.005182926829268294,8.939093412182347e-05,0.007330056597989525,0.006,0.12500000000000006,7.317073170731707e-05,0.00152439024390244,2.9796978040607816e-05,0.002443352199329841,0.006,0.12500000000000006,7.317073170731707e-05,0.00152439024390244,2.9796978040607816e-05,0.002443352199329841,0.006,0.12500000000000006,7.317073170731707e-05,0.00152439024390244,2.9796978040607816e-05,0.002443352199329841,0.0,0.0,0.0,0.0,0.0,0.0,0.0,0.0,0.0,0.0,0.0,0.0,0.006,0.00014634146341463414,0.006707317073170729,0.00010342723687008463,0.2749999999999999,7.317073170731707e-05,0.0033536585365853645,5.171361843504232e-05,0.00424051671167347,0.002,4.878048780487805e-05,0.0018292682926829265,3.447574562336155e-05,0.07499999999999998,2.4390243902439026e-05,0.0009146341463414633,1.7237872811680773e-05,0.0014135055705578234,0.002,4.878048780487805e-05,0.0018292682926829265,3.447574562336155e-05,0.07499999999999998,2.4390243902439026e-05,0.0009146341463414633,1.7237872811680773e-05,0.0014135055705578234,0.002,4.878048780487805e-05,0.0018292682926829265,3.447574562336155e-05,0.07499999999999998,2.4390243902439026e-05,0.0009146341463414633,1.7237872811680773e-05,0.0014135055705578234,0.0,0.0,0.0,0.0,0.0,0.0,0.0,0.0,0.0,0.0,0.0,0.0,0.012,0.0002926829268292683,0.0036585365853658578,0.00014612156627551653,0.1500000000000002,0.00014634146341463414,0.0018292682926829289,7.306078313775826e-05,0.005990984217296178,0.004,9.75609756097561e-05,0.0012195121951219527,4.870718875850552e-05,0.05000000000000006,4.878048780487805e-05,0.0006097560975609764,2.435359437925276e-05,0.0019969947390987264,0.004,9.75609756097561e-05,0.0012195121951219527,4.870718875850552e-05,0.05000000000000006,4.878048780487805e-05,0.0006097560975609764,2.435359437925276e-05,0.0019969947390987264,0.004,9.75609756097561e-05,0.0012195121951219527,4.870718875850552e-05,0.05000000000000006,4.878048780487805e-05,0.0006097560975609764,2.435359437925276e-05,0.0019969947390987264,1000
0.08,0.0,0.12499999999999997,0.0,0.0015243902439024386,0.0,0.0,0.0,0.0,0.0,0.0,0.0,0.0,0.0,0.0,0.0,0.0,0.0,0.0030487804878048773,0.0,0.12499999999999997,0.0,0.0015243902439024386,0.0,0.0,0.0,0.024999999999999994,0.0,0.012499999999999997,0.0,0.0,0.00030487804878048775,0.0,0.0,0.007,0.24999999999999994,8.53658536585366e-05,0.0030487804878048777,3.216822129565586e-05,0.0026377941462437807,0.007,0.22499999999999992,8.53658536585366e-05,0.0027439024390243896,3.216822129565586e-05,0.0026377941462437807,0.007,0.22499999999999992,8.53658536585366e-05,0.0027439024390243896,3.216822129565586e-05,0.0026377941462437807,0.0,0.0,0.0,0.0,0.0,0.0,0.0,0.0,0.0,0.0,0.0,0.0,0.005,0.00012195121951219512,0.003658536585365853,5.4428948166948535e-05,0.14999999999999997,6.097560975609756e-05,0.0018292682926829265,2.7214474083474267e-05,0.00223158687484489,0.005,0.00012195121951219512,0.003658536585365853,5.4428948166948535e-05,0.14999999999999997,6.097560975609756e-05,0.0018292682926829265,2.7214474083474267e-05,0.00223158687484489,0.005,0.00012195121951219512,0.003658536585365853,5.4428948166948535e-05,0.14999999999999997,6.097560975609756e-05,0.0018292682926829265,2.7214474083474267e-05,0.00223158687484489,0.0,0.0,0.0006097560975609755,0.0,0.024999999999999994,0.0,0.024999999999999994,0.0,0.0,0.00030487804878048775,0.0,0.0,0.002,4.878048780487805e-05,0.002439024390243902,3.447574562336155e-05,0.09999999999999998,2.4390243902439026e-05,0.001219512195121951,1.7237872811680773e-05,0.0014135055705578234,0.002,4.878048780487805e-05,0.0018292682926829267,3.447574562336155e-05,0.07499999999999998,2.4390243902439026e-05,0.0009146341463414634,1.7237872811680773e-05,0.0014135055705578234,0.002,4.878048780487805e-05,0.0018292682926829267,3.447574562336155e-05,0.07499999999999998,2.4390243902439026e-05,0.0009146341463414634,1.7237872811680773e-05,0.0014135055705578234,0.0,0.024999999999999994,0.0,0.012499999999999997,0.0,0.0,0.00030487804878048775,0.0,0.0,0.024,0.8499999999999998,0.0002926829268292683,0.010365853658536584,0.00011276994153095732,0.0092471352055385,0.007,0.22499999999999992,8.53658536585366e-05,0.0027439024390243896,3.216822129565586e-05,0.0026377941462437807,0.007,0.22499999999999992,8.53658536585366e-05,0.0027439024390243896,3.216822129565586e-05,0.0026377941462437807,0.007,0.24999999999999994,8.53658536585366e-05,0.0030487804878048777,3.216822129565586e-05,0.0026377941462437807,0.0,0.0,0.0,0.0,0.0,0.0,0.0,0.0,0.0,0.0,0.0,0.0,0.018,0.0004390243902439024,0.011585365853658533,0.0002007477748122121,0.4749999999999999,0.0002195121951219512,0.0057926829268292665,0.00010037388740610605,0.008230658767300695,0.005,0.00012195121951219512,0.003658536585365853,5.4428948166948535e-05,0.14999999999999997,6.097560975609756e-05,0.0018292682926829265,2.7214474083474267e-05,0.00223158687484489,0.005,0.00012195121951219512,0.003658536585365853,5.4428948166948535e-05,0.14999999999999997,6.097560975609756e-05,0.0018292682926829265,2.7214474083474267e-05,0.00223158687484489,0.005,0.00012195121951219512,0.003658536585365853,5.4428948166948535e-05,0.14999999999999997,6.097560975609756e-05,0.0018292682926829265,2.7214474083474267e-05,0.00223158687484489,0.0,0.0,0.0006097560975609755,0.0,0.024999999999999994,0.0,0.024999999999999994,0.0,0.0,0.00030487804878048775,0.0,0.0,0.006,0.00014634146341463414,0.009146341463414634,0.00010342723687008463,0.3749999999999999,7.317073170731707e-05,0.004573170731707317,5.171361843504232e-05,0.00424051671167347,0.002,4.878048780487805e-05,0.0018292682926829267,3.447574562336155e-05,0.07499999999999998,2.4390243902439026e-05,0.0009146341463414634,1.7237872811680773e-05,0.0014135055705578234,0.002,4.878048780487805e-05,0.0018292682926829267,3.447574562336155e-05,0.07499999999999998,2.4390243902439026e-05,0.0009146341463414634,1.7237872811680773e-05,0.0014135055705578234,0.002,4.878048780487805e-05,0.002439024390243902,3.447574562336155e-05,0.09999999999999998,2.4390243902439026e-05,0.001219512195121951,1.7237872811680773e-05,0.0014135055705578234,1000
0.1,0.005,0.12499999999999993,6.097560975609756e-05,0.0015243902439024382,6.097560975609756e-05,0.005,0.0,0.0,0.0030487804878048808,0.0,0.1250000000000001,0.0,0.0015243902439024404,0.0,0.0,0.005,0.00012195121951219512,-4.231032868236116e-18,0.00012195121951219512,-1.7347234759768078e-16,6.097560975609756e-05,-2.115516434118058e-18,6.097560975609756e-05,0.005,0.001,0.024999999999999988,0.0005,0.012499999999999994,0.0005000000000000001,1.2195121951219513e-05,0.00030487804878048764,1.2195121951219515e-05,0.0010000000000000002,0.016,0.7750000000000002,0.0001951219512195122,0.009451219512195125,5.139598194805489e-05,0.004214470519740501,0.015,0.7500000000000002,0.00018292682926829268,0.009146341463414637,4.997291323385e-05,0.0040977788851757,0.015,0.7500000000000002,0.00018292682926829268,0.009146341463414637,4.997291323385e-05,0.0040977788851757,0.0,0.0,0.0006097560975609762,0.0,0.025000000000000022,0.0,0.025000000000000022,0.0,0.0,0.0003048780487804881,0.0,0.0,0.008,0.0001951219512195122,0.010365853658536591,6.874390976840238e-05,0.42500000000000027,9.75609756097561e-05,0.0051829268292682956,3.437195488420119e-05,0.0028185003005044974,0.008,0.0001951219512195122,0.009756097560975615,6.874390976840238e-05,0.40000000000000024,9.75609756097561e-05,0.0048780487804878075,3.437195488420119e-05,0.0028185003005044974,0.008,0.0001951219512195122,0.009756097560975615,6.874390976840238e-05,0.40000000000000024,9.75609756097561e-05,0.0048780487804878075,3.437195488420119e-05,0.0028185003005044974,0.001,2.4390243902439026e-05,-8.462065736472233e-19,2.439024390243903e-05,-3.4694469519536154e-17,0.001,-3.4694469519536154e-17,0.0010000000000000002,1.2195121951219513e-05,-4.2310328682361167e-19,1.2195121951219515e-05,0.0010000000000000002,0.008,0.0001951219512195122,0.008536585365853661,6.874390976840238e-05,0.3500000000000001,9.75609756097561e-05,0.0042682926829268305,3.437195488420119e-05,0.0028185003005044974,0.007,0.0001707317073170732,0.008536585365853663,6.433644259131172e-05,0.35000000000000014,8.53658536585366e-05,0.004268292682926831,3.216822129565586e-05,0.0026377941462437807,0.007,0.0001707317073170732,0.008536585365853663,6.433644259131172e-05,0.35000000000000014,8.53658536585366e-05,0.004268292682926831,3.216822129565586e-05,0.0026377941462437807,0.001,0.024999999999999988,0.0005,0.012499999999999994,0.0005000000000000001,1.2195121951219513e-05,0.00030487804878048764,1.2195121951219515e-05,0.0010000000000000002,0.052,2.5000000000000013,0.0006341463414634147,0.030487804878048797,0.00017051008764824252,0.013981827187155887,0.015,0.7500000000000002,0.00018292682926829268,0.009146341463414637,4.997291323385e-05,0.0040977788851757,0.015,0.7500000000000002,0.00018292682926829268,0.009146341463414637,4.997291323385e-05,0.0040977788851757,0.016,0.7750000000000002,0.0001951219512195122,0.009451219512195125,5.139598194805489e-05,0.004214470519740501,0.0,0.0,0.0006097560975609762,0.0,0.025000000000000022,0.0,0.025000000000000022,0.0,0.0,0.0003048780487804881,0.0,0.0,0.025,0.0006097560975609756,0.0329268292682927,0.0002160340343962529,1.3500000000000008,0.0003048780487804878,0.01646341463414635,0.00010801701719812645,0.008857395410246369,0.008,0.0001951219512195122,0.009756097560975615,6.874390976840238e-05,0.40000000000000024,9.75609756097561e-05,0.0048780487804878075,3.437195488420119e-05,0.0028185003005044974,0.008,0.0001951219512195122,0.009756097560975615,6.874390976840238e-05,0.40000000000000024,9.75609756097561e-05,0.0048780487804878075,3.437195488420119e-05,0.0028185003005044974,0.008,0.0001951219512195122,0.010365853658536591,6.874390976840238e-05,0.42500000000000027,9.75609756097561e-05,0.0051829268292682956,3.437195488420119e-05,0.0028185003005044974,0.001,2.4390243902439026e-05,-8.462065736472233e-19,2.439024390243903e-05,-3.4694469519536154e-17,0.001,-3.4694469519536154e-17,0.0010000000000000002,1.2195121951219513e-05,-4.2310328682361167e-19,1.2195121951219515e-05,0.0010000000000000002,0.027,0.0006585365853658537,0.028048780487804886,0.00023693131026832277,1.1500000000000004,0.00032926829268292685,0.014024390243902443,0.00011846565513416138,0.009714183721001234,0.007,0.0001707317073170732,0.008536585365853663,6.433644259131172e-05,0.35000000000000014,8.53658536585366e-05,0.004268292682926831,3.216822129565586e-05,0.0026377941462437807,0.007,0.0001707317073170732,0.008536585365853663,6.433644259131172e-05,0.35000000000000014,8.53658536585366e-05,0.004268292682926831,3.216822129565586e-05,0.0026377941462437807,0.008,0.0001951219512195122,0.008536585365853661,6.874390976840238e-05,0.3500000000000001,9.75609756097561e-05,0.0042682926829268305,3.437195488420119e-05,0.0028185003005044974,1000
0.12,0.005,-0.12499999999999982,6.097560975609756e-05,-0.0015243902439024367,6.097560975609756e-05,0.005,0.005,0.00012195121951219512,8.462065736472226e-18,0.00012195121951219512,3.469446951953613e-16,6.097560975609756e-05,4.231032868236113e-18,6.097560975609756e-05,0.005,0.0,0.0,-0.003048780487804882,0.0,-0.12500000000000017,0.0,-0.001524390243902441,0.0,0.0,0.001,-0.024999999999999963,0.0005,-0.012499999999999982,0.0005000000000000001,1.2195121951219513e-05,-0.00030487804878048737,1.2195121951219515e-05,0.0010000000000000002,0.038,1.0499999999999998,0.00046341463414634144,0.012804878048780487,7.959463648287464e-05,0.00652676019159572,0.037,1.0749999999999997,0.0004512195121951219,0.013109756097560975,7.872484695292933e-05,0.006455437450140205,0.037,1.0749999999999997,0.0004512195121951219,0.013109756097560975,7.872484695292933e-05,0.006455437450140205,0.001,2.4390243902439026e-05,1.6924131472944453e-18,2.439024390243903e-05,6.938893903907226e-17,0.001,6.938893903907226e-17,0.0010000000000000002,1.2195121951219513e-05,8.462065736472227e-19,1.2195121951219515e-05,0.0010000000000000002,0.022,0.0005365853658536585,0.017682926829268288,0.00011833552037924308,0.7249999999999998,0.00026829268292682924,0.008841463414634144,5.916776018962154e-05,0.004851756335548967,0.021,0.0005121951219512195,0.017682926829268288,0.00011590263812288266,0.7249999999999996,0.00025609756097560977,0.008841463414634144,5.795131906144133e-05,0.004752008163038189,0.021,0.0005121951219512195,0.017682926829268288,0.00011590263812288266,0.7249999999999996,0.00025609756097560977,0.008841463414634144,5.795131906144133e-05,0.004752008163038189,0.0,0.0,-0.0006097560975609765,0.0,-0.025000000000000033,0.0,-0.025000000000000033,0.0,0.0,-0.00030487804878048824,0.0,0.0,0.016,0.0003902439024390244,0.007926829268292683,9.682576561754633e-05,0.32500000000000007,0.0001951219512195122,0.0039634146341463415,4.841288280877316e-05,0.003969856390319399,0.016,0.0003902439024390244,0.00853658536585366,9.682576561754633e-05,0.3500000000000001,0.0001951219512195122,0.00426829268292683,4.841288280877316e-05,0.003969856390319399,0.016,0.0003902439024390244,0.00853658536585366,9.682576561754633e-05,0.3500000000000001,0.0001951219512195122,0.00426829268292683,4.841288280877316e-05,0.003969856390319399,0.001,-0.024999999999999963,0.0005,-0.012499999999999982,0.0005000000000000001,1.2195121951219513e-05,-0.00030487804878048737,1.2195121951219515e-05,0.0010000000000000002,0.124,3.5,0.0015121951219512196,0.04268292682926828,0.0002612954169634401,0.02142622419100209,0.037,1.0749999999999997,0.0004512195121951219,0.013109756097560975,7.872484695292933e-05,0.006455437450140205,0.037,1.0749999999999997,0.0004512195121951219,0.013109756097560975,7.872484695292933e-05,0.006455437450140205,0.038,1.0499999999999998,0.00046341463414634144,0.012804878048780487,7.959463648287464e-05,0.00652676019159572,0.001,2.4390243902439026e-05,1.6924131472944453e-18,2.439024390243903e-05,6.938893903907226e-17,0.001,6.938893903907226e-17,0.0010000000000000002,1.2195121951219513e-05,8.462065736472227e-19,1.2195121951219515e-05,0.0010000000000000002,0.072,0.0017560975609756096,0.059146341463414624,0.00038800353024411667,2.4249999999999994,0.0008780487804878048,0.029573170731707312,0.00019400176512205834,0.015908144740008782,0.021,0.0005121951219512195,0.017682926829268288,0.00011590263812288266,0.7249999999999996,0.00025609756097560977,0.008841463414634144,5.795131906144133e-05,0.004752008163038189,0.021,0.0005121951219512195,0.017682926829268288,0.00011590263812288266,0.7249999999999996,0.00025609756097560977,0.008841463414634144,5.795131906144133e-05,0.004752008163038189,0.022,0.0005365853658536585,0.017682926829268288,0.00011833552037924308,0.7249999999999998,0.00026829268292682924,0.008841463414634144,5.916776018962154e-05,0.004851756335548967,0.0,0.0,-0.0006097560975609765,0.0,-0.025000000000000033,0.0,-0.025000000000000033,0.0,0.0,-0.00030487804878048824,0.0,0.0,0.052,0.0012682926829268293,0.026219512195121957,0.0003193794804130408,1.0750000000000002,0.0006341463414634147,0.013109756097560979,0.0001596897402065204,0.013094558696934672,0.016,0.0003902439024390244,0.00853658536585366,9.682576561754633e-05,0.3500000000000001,0.0001951219512195122,0.00426829268292683,4.841288280877316e-05,0.003969856390319399,0.016,0.0003902439024390244,0.00853658536585366,9.682576561754633e-05,0.3500000000000001,0.0001951219512195122,0.00426829268292683,4.841288280877316e-05,0.003969856390319399,0.016,0.0003902439024390244,0.007926829268292683,9.682576561754633e-05,0.32500000000000007,0.0001951219512195122,0.0039634146341463415,4.841288280877316e-05,0.003969856390319399,1000
0.14,0.0,0.2750000000000007,0.0,0.003353658536585375,0.0,0.0,0.0,0.0,0.00670731707317075,0.0,0.2750000000000007,0.0,0.003353658536585375,0.0,0.0,0.0,0.0,0.0,0.0,0.0,0.0,0.0,0.0,0.0,0.0,0.050000000000000135,0.0,0.025000000000000067,0.0,0.0,0.0006097560975609772,0.0,0.0,0.058,1.225,0.0007073170731707318,0.014939024390243904,9.809359240245765e-05,0.008043674577001527,0.058,1.1750000000000003,0.0007073170731707318,0.01432926829268293,9.809359240245765e-05,0.008043674577001527,0.058,1.1750000000000003,0.0007073170731707318,0.01432926829268293,9.809359240245765e-05,0.008043674577001527,0.0,0.0,0.0012195121951219545,0.0,0.050000000000000135,0.0,0.050000000000000135,0.0,0.0,0.0006097560975609772,0.0,0.0,0.037,0.0009024390243902438,0.01158536585365853,0.00014566238103389363,0.47499999999999953,0.0004512195121951219,0.005792682926829265,7.283119051694682e-05,0.005972157622389639,0.037,0.0009024390243902438,0.01036585365853657,0.00014566238103389363,0.4249999999999994,0.0004512195121951219,0.005182926829268285,7.283119051694682e-05,0.005972157622389639,0.037,0.0009024390243902438,0.01036585365853657,0.00014566238103389363,0.4249999999999994,0.0004512195121951219,0.005182926829268285,7.283119051694682e-05,0.005972157622389639,0.0,0.0,0.0,0.0,0.0,0.0,0.0,0.0,0.0,0.0,0.0,0.0,0.021,0.0005121951219512195,0.018292682926829285,0.00011064566222698821,0.7500000000000007,0.00025609756097560977,0.009146341463414642,5.5322831113494104e-05,0.0045364721513065165,0.021,0.0005121951219512195,0.018292682926829285,0.00011064566222698821,0.7500000000000007,0.00025609756097560977,0.009146341463414642,5.5322831113494104e-05,0.0045364721513065165,0.021,0.0005121951219512195,0.018292682926829285,0.00011064566222698821,0.7500000000000007,0.00025609756097560977,0.009146341463414642,5.5322831113494104e-05,0.0045364721513065165,0.0,0.050000000000000135,0.0,0.025000000000000067,0.0,0.0,0.0006097560975609772,0.0,0.0,0.192,4.525000000000001,0.0023414634146341463,0.0551829268292683,0.00033350568008684795,0.02734746576712153,0.058,1.1750000000000003,0.0007073170731707318,0.01432926829268293,9.809359240245765e-05,0.008043674577001527,0.058,1.1750000000000003,0.0007073170731707318,0.01432926829268293,9.809359240245765e-05,0.008043674577001527,0.058,1.225,0.0007073170731707318,0.014939024390243904,9.809359240245765e-05,0.008043674577001527,0.0,0.0,0.0012195121951219545,0.0,0.050000000000000135,0.0,0.050000000000000135,0.0,0.0,0.0006097560975609772,0.0,0.0,0.122,0.002975609756097561,0.04329268292682924,0.00048628636422079046,1.7749999999999986,0.0014878048780487805,0.02164634146341462,0.00024314318211039523,0.01993774093305241,0.037,0.0009024390243902438,0.01036585365853657,0.00014566238103389363,0.4249999999999994,0.0004512195121951219,0.005182926829268285,7.283119051694682e-05,0.005972157622389639,0.037,0.0009024390243902438,0.01036585365853657,0.00014566238103389363,0.4249999999999994,0.0004512195121951219,0.005182926829268285,7.283119051694682e-05,0.005972157622389639,0.037,0.0009024390243902438,0.01158536585365853,0.00014566238103389363,0.47499999999999953,0.0004512195121951219,0.005792682926829265,7.283119051694682e-05,0.005972157622389639,0.0,0.0,0.0,0.0,0.0,0.0,0.0,0.0,0.0,0.0,0.0,0.0,0.07,0.001707317073170732,0.06707317073170738,0.0003757501617030015,2.7500000000000027,0.000853658536585366,0.03353658536585369,0.00018787508085150076,0.015405756629823063,0.021,0.0005121951219512195,0.018292682926829285,0.00011064566222698821,0.7500000000000007,0.00025609756097560977,0.009146341463414642,5.5322831113494104e-05,0.0045364721513065165,0.021,0.0005121951219512195,0.018292682926829285,0.00011064566222698821,0.7500000000000007,0.00025609756097560977,0.009146341463414642,5.5322831113494104e-05,0.0045364721513065165,0.021,0.0005121951219512195,0.018292682926829285,0.00011064566222698821,0.7500000000000007,0.00025609756097560977,0.009146341463414642,5.5322831113494104e-05,0.0045364721513065165,1000
0.16,0.016,0.8500000000000005,0.0001951219512195122,0.010365853658536593,0.00011298096331268966,0.009264438991640552,0.016,0.0003902439024390244,0.010975609756097566,0.00022596192662537932,0.45000000000000023,0.0001951219512195122,0.005487804878048783,0.00011298096331268966,0.009264438991640552,0.0,0.0,0.009756097560975617,0.0,0.40000000000000024,0.0,0.004878048780487808,0.0,0.0,0.003,0.15000000000000008,0.0015,0.07500000000000004,0.0008651580771734717,3.6585365853658535e-05,0.0018292682926829278,2.110141651642614e-05,0.0017303161543469434,0.087,1.800000000000001,0.0010609756097560974,0.021951219512195138,0.00012879719873939264,0.010561370296630197,0.084,1.650000000000001,0.001024390243902439,0.020121951219512203,0.0001261774120026259,0.010346547784215326,0.084,1.650000000000001,0.001024390243902439,0.020121951219512203,0.0001261774120026259,0.010346547784215326,0.003,7.317073170731707e-05,0.0018292682926829278,4.220283303285228e-05,0.07500000000000004,0.003,0.07500000000000004,0.0017303161543469434,3.6585365853658535e-05,0.0009146341463414639,2.110141651642614e-05,0.0017303161543469434,0.041,0.001,0.018902439024390264,0.00015685858763291909,0.7750000000000006,0.0005,0.009451219512195132,7.842929381645954e-05,0.006431202092949682,0.038,0.0009268292682926829,0.017073170731707336,0.0001515232877117362,0.7000000000000004,0.00046341463414634144,0.008536585365853668,7.57616438558681e-05,0.0062124547961811835,0.038,0.0009268292682926829,0.017073170731707336,0.0001515232877117362,0.7000000000000004,0.00046341463414634144,0.008536585365853668,7.57616438558681e-05,0.0062124547961811835,0.0,0.0,0.0018292682926829278,0.0,0.07500000000000004,0.0,0.07500000000000004,0.0,0.0,0.0009146341463414639,0.0,0.0,0.046,0.001121951219512195,0.025000000000000012,0.00017912793233866407,1.0250000000000006,0.0005609756097560975,0.012500000000000006,8.956396616933204e-05,0.007344245225885227,0.046,0.001121951219512195,0.023170731707317083,0.00017912793233866407,0.9500000000000004,0.0005609756097560975,0.011585365853658542,8.956396616933204e-05,0.007344245225885227,0.046,0.001121951219512195,0.023170731707317083,0.00017912793233866407,0.9500000000000004,0.0005609756097560975,0.011585365853658542,8.956396616933204e-05,0.007344245225885227,0.003,0.15000000000000008,0.0015,0.07500000000000004,0.0008651580771734717,3.6585365853658535e-05,0.0018292682926829278,2.110141651642614e-05,0.0017303161543469434,0.305,7.1250000000000036,0.003719512195121951,0.08689024390243907,0.0004703370110835551,0.03856763490885152,0.084,1.650000000000001,0.001024390243902439,0.020121951219512203,0.0001261774120026259,0.010346547784215326,0.084,1.650000000000001,0.001024390243902439,0.020121951219512203,0.0001261774120026259,0.010346547784215326,0.087,1.800000000000001,0.0010609756097560974,0.021951219512195138,0.00012879719873939264,0.010561370296630197,0.003,7.317073170731707e-05,0.0018292682926829278,4.220283303285228e-05,0.07500000000000004,0.003,0.07500000000000004,0.0017303161543469434,3.6585365853658535e-05,0.0009146341463414639,2.110141651642614e-05,0.0017303161543469434,0.143,0.00348780487804878,0.07378048780487809,0.0005715337808400694,3.025000000000002,0.00174390243902439,0.03689024390243904,0.0002857668904200347,0.023432885014442847,0.038,0.0009268292682926829,0.017073170731707336,0.0001515232877117362,0.7000000000000004,0.00046341463414634144,0.008536585365853668,7.57616438558681e-05,0.0062124547961811835,0.038,0.0009268292682926829,0.017073170731707336,0.0001515232877117362,0.7000000000000004,0.00046341463414634144,0.008536585365853668,7.57616438558681e-05,0.0062124547961811835,0.041,0.001,0.018902439024390264,0.00015685858763291909,0.7750000000000006,0.0005,0.009451219512195132,7.842929381645954e-05,0.006431202092949682,0.0,0.0,0.0018292682926829278,0.0,0.07500000000000004,0.0,0.07500000000000004,0.0,0.0,0.0009146341463414639,0.0,0.0,0.162,0.003951219512195122,0.10000000000000006,0.0006491950190756718,4.100000000000003,0.001975609756097561,0.05000000000000003,0.0003245975095378359,0.026616995782102543,0.046,0.001121951219512195,0.023170731707317083,0.00017912793233866407,0.9500000000000004,0.0005609756097560975,0.011585365853658542,8.956396616933204e-05,0.007344245225885227,0.046,0.001121951219512195,0.023170731707317083,0.00017912793233866407,0.9500000000000004,0.0005609756097560975,0.011585365853658542,8.956396616933204e-05,0.007344245225885227,0.046,0.001121951219512195,0.025000000000000012,0.00017912793233866407,1.0250000000000006,0.0005609756097560975,0.012500000000000006,8.956396616933204e-05,0.007344245225885227,1000
0.18,0.034,0.45000000000000057,0.00041463414634146346,0.005487804878048787,0.00017205196972425773,0.014108261517389134,0.018,0.0004390243902439024,-0.0006097560975609727,0.0002601763345090064,-0.02499999999999991,0.0002195121951219512,-0.00030487804878048634,0.0001300881672545032,0.010667229714869263,0.016,0.0003902439024390244,0.011585365853658545,0.00022596192662537937,0.47500000000000037,0.0001951219512195122,0.005792682926829273,0.00011298096331268969,0.009264438991640554,0.006,0.05000000000000013,0.003,0.025000000000000064,0.0012216760996649207,7.317073170731707e-05,0.0006097560975609772,2.9796978040607823e-05,0.0024433521993298415,0.13,3.099999999999998,0.0015853658536585367,0.03780487804878047,0.0001577217650032824,0.012933184730269156,0.124,3.049999999999997,0.0015121951219512196,0.03719512195121949,0.00015073524779604322,0.012360290319275545,0.124,3.049999999999997,0.0015121951219512196,0.03719512195121949,0.00015073524779604322,0.012360290319275545,0.003,7.317073170731707e-05,-0.0006097560975609746,4.220283303285228e-05,-0.024999999999999967,0.003,-0.024999999999999967,0.0017303161543469434,3.6585365853658535e-05,-0.0003048780487804873,2.110141651642614e-05,0.0017303161543469434,0.068,0.0016585365853658538,0.03841463414634145,0.00020903086401656256,1.574999999999999,0.0008292682926829269,0.019207317073170724,0.00010451543200828128,0.008570265424679065,0.065,0.0015853658536585367,0.039024390243902425,0.00019940697601435528,1.5999999999999992,0.0007926829268292683,0.019512195121951213,9.970348800717764e-05,0.008175686016588567,0.065,0.0015853658536585367,0.039024390243902425,0.00019940697601435528,1.5999999999999992,0.0007926829268292683,0.019512195121951213,9.970348800717764e-05,0.008175686016588567,0.003,7.317073170731707e-05,0.0018292682926829289,4.220283303285228e-05,0.0750000000000001,0.003,0.0750000000000001,0.0017303161543469434,3.6585365853658535e-05,0.0009146341463414644,2.110141651642614e-05,0.0017303161543469434,0.062,0.0015121951219512196,0.03719512195121949,0.0001954573644881951,1.5249999999999986,0.0007560975609756098,0.018597560975609745,9.772868224409754e-05,0.008013751944015999,0.059,0.0014390243902439024,0.035365853658536554,0.00018826136883962616,1.4499999999999982,0.0007195121951219512,0.017682926829268277,9.413068441981308e-05,0.007718716122424672,0.059,0.0014390243902439024,0.035365853658536554,0.00018826136883962616,1.4499999999999982,0.0007195121951219512,0.017682926829268277,9.413068441981308e-05,0.007718716122424672,0.006,0.05000000000000013,0.003,0.025000000000000064,0.0012216760996649207,7.317073170731707e-05,0.0006097560975609772,2.9796978040607823e-05,0.0024433521993298415,0.477,11.274999999999993,0.005817073170731707,0.1374999999999999,0.0006058335955275182,0.04967835483325649,0.124,3.049999999999997,0.0015121951219512196,0.03719512195121949,0.00015073524779604322,0.012360290319275545,0.124,3.049999999999997,0.0015121951219512196,0.03719512195121949,0.00015073524779604322,0.012360290319275545,0.13,3.099999999999998,0.0015853658536585367,0.03780487804878047,0.0001577217650032824,0.012933184730269156,0.003,7.317073170731707e-05,-0.0006097560975609746,4.220283303285228e-05,-0.024999999999999967,0.003,-0.024999999999999967,0.0017303161543469434,3.6585365853658535e-05,-0.0003048780487804873,2.110141651642614e-05,0.0017303161543469434,0.243,0.005926829268292683,0.13963414634146334,0.0007755031227365621,5.724999999999998,0.0029634146341463415,0.06981707317073167,0.00038775156136828105,0.03179562803219905,0.065,0.0015853658536585367,0.039024390243902425,0.00019940697601435528,1.5999999999999992,0.0007926829268292683,0.019512195121951213,9.970348800717764e-05,0.008175686016588567,0.065,0.0015853658536585367,0.039024390243902425,0.00019940697601435528,1.5999999999999992,0.0007926829268292683,0.019512195121951213,9.970348800717764e-05,0.008175686016588567,0.068,0.0016585365853658538,0.03841463414634145,0.00020903086401656256,1.574999999999999,0.0008292682926829269,0.019207317073170724,0.00010451543200828128,0.008570265424679065,0.003,7.317073170731707e-05,0.0018292682926829289,4.220283303285228e-05,0.0750000000000001,0.003,0.0750000000000001,0.0017303161543469434,3.6585365853658535e-05,0.0009146341463414644,2.110141651642614e-05,0.0017303161543469434,0.234,0.0057073170731707324,0.13536585365853648,0.0007713814196704998,5.549999999999996,0.0028536585365853662,0.06768292682926824,0.0003856907098352499,0.03162663820649049,0.059,0.0014390243902439024,0.035365853658536554,0.00018826136883962616,1.4499999999999982,0.0007195121951219512,0.017682926829268277,9.413068441981308e-05,0.007718716122424672,0.059,0.0014390243902439024,0.035365853658536554,0.00018826136883962616,1.4499999999999982,0.0007195121951219512,0.017682926829268277,9.413068441981308e-05,0.007718716122424672,0.062,0.0015121951219512196,0.03719512195121949,0.0001954573644881951,1.5249999999999986,0.0007560975609756098,0.018597560975609745,9.772868224409754e-05,0.008013751944015999,1000
0.2,0.034,1.8750000000000027,0.00041463414634146346,0.022865853658536613,0.00018618124460139952,0.015266862057314761,0.015,0.00036585365853658537,0.020121951219512227,0.0002591431998522776,0.8250000000000011,0.00018292682926829268,0.010060975609756113,0.0001295715999261388,0.010624871193943383,0.019,0.00046341463414634144,0.02560975609756101,0.0002680262088631869,1.0500000000000012,0.00023170731707317072,0.012804878048780504,0.00013401310443159344,0.010989074563390662,0.005,0.25000000000000044,0.0025,0.12500000000000022,0.0011157934374224447,6.097560975609756e-05,0.0030487804878048834,2.721447408347426e-05,0.0022315868748448895,0.211,3.1999999999999984,0.002573170731707317,0.03902439024390243,0.0001976745163577559,0.016209310341335985,0.206,2.9499999999999984,0.0025121951219512196,0.03597560975609754,0.000195053272905738,0.015994368378270517,0.206,2.9499999999999984,0.0025121951219512196,0.03597560975609754,0.000195053272905738,0.015994368378270517,0.002,4.878048780487805e-05,0.002439024390243907,3.447574562336154e-05,0.10000000000000021,0.002,0.10000000000000021,0.0014135055705578232,2.4390243902439026e-05,0.0012195121951219536,1.723787281168077e-05,0.0014135055705578232,0.104,0.0025365853658536586,0.027439024390243878,0.00025961269062934966,1.1249999999999991,0.0012682926829268293,0.013719512195121939,0.00012980634531467483,0.010644120315803337,0.102,0.0024878048780487805,0.024999999999999974,0.0002554646135416495,1.0249999999999988,0.0012439024390243903,0.012499999999999987,0.00012773230677082476,0.01047404915520763,0.102,0.0024878048780487805,0.024999999999999974,0.0002554646135416495,1.0249999999999988,0.0012439024390243903,0.012499999999999987,0.00012773230677082476,0.01047404915520763,0.003,7.317073170731707e-05,0.003658536585365858,4.220283303285228e-05,0.1500000000000002,0.003,0.1500000000000002,0.0017303161543469434,3.6585365853658535e-05,0.001829268292682929,2.110141651642614e-05,0.0017303161543469434,0.107,0.0026097560975609758,0.05060975609756096,0.00024590961017970504,2.0749999999999993,0.0013048780487804879,0.02530487804878048,0.00012295480508985252,0.010082294017367906,0.104,0.0025365853658536586,0.04695121951219512,0.00024302682250411083,1.925,0.0012682926829268293,0.02347560975609756,0.00012151341125205541,0.009964099722668544,0.104,0.0025365853658536586,0.04695121951219512,0.00024302682250411083,1.925,0.0012682926829268293,0.02347560975609756,0.00012151341125205541,0.009964099722668544,0.005,0.25000000000000044,0.0025,0.12500000000000022,0.0011157934374224447,6.097560975609756e-05,0.0030487804878048834,2.721447408347426e-05,0.0022315868748448895,0.756,11.624999999999995,0.00921951219512195,0.1417682926829268,0.0007388003900779008,0.060581631986387864,0.206,2.9499999999999984,0.0025121951219512196,0.03597560975609754,0.000195053272905738,0.015994368378270517,0.206,2.9499999999999984,0.0025121951219512196,0.03597560975609754,0.000195053272905738,0.015994368378270517,0.211,3.1999999999999984,0.002573170731707317,0.03902439024390243,0.0001976745163577559,0.016209310341335985,0.002,4.878048780487805e-05,0.002439024390243907,3.447574562336154e-05,0.10000000000000021,0.002,0.10000000000000021,0.0014135055705578232,2.4390243902439026e-05,0.0012195121951219536,1.723787281168077e-05,0.0014135055705578232,0.372,0.009073170731707316,0.10426829268292676,0.0009556342677763569,4.274999999999996,0.004536585365853658,0.05213414634146338,0.00047781713388817844,0.03918100497883063,0.102,0.0024878048780487805,0.024999999999999974,0.0002554646135416495,1.0249999999999988,0.0012439024390243903,0.012499999999999987,0.00012773230677082476,0.01047404915520763,0.102,0.0024878048780487805,0.024999999999999974,0.0002554646135416495,1.0249999999999988,0.0012439024390243903,0.012499999999999987,0.00012773230677082476,0.01047404915520763,0.104,0.0025365853658536586,0.027439024390243878,0.00025961269062934966,1.1249999999999991,0.0012682926829268293,0.013719512195121939,0.00012980634531467483,0.010644120315803337,0.003,7.317073170731707e-05,0.003658536585365858,4.220283303285228e-05,0.1500000000000002,0.003,0.1500000000000002,0.0017303161543469434,3.6585365853658535e-05,0.001829268292682929,2.110141651642614e-05,0.0017303161543469434,0.384,0.009365853658536585,0.17926829268292685,0.0009313120097419503,7.35,0.0046829268292682925,0.08963414634146342,0.00046565600487097515,0.038183792399419964,0.104,0.0025365853658536586,0.04695121951219512,0.00024302682250411083,1.925,0.0012682926829268293,0.02347560975609756,0.00012151341125205541,0.009964099722668544,0.104,0.0025365853658536586,0.04695121951219512,0.00024302682250411083,1.925,0.0012682926829268293,0.02347560975609756,0.00012151341125205541,0.009964099722668544,0.107,0.0026097560975609758,0.05060975609756096,0.00024590961017970504,2.0749999999999993,0.0013048780487804879,0.02530487804878048,0.00012295480508985252,0.010082294017367906,1000
0.22,0.109,4.225000000000002,0.001329268292682927,0.051524390243902464,0.0003348383596275368,0.027456745489458017,0.051,0.0012439024390243903,0.04878048780487808,0.0004746881488453658,2.000000000000001,0.0006219512195121951,0.02439024390243904,0.0002373440744226829,0.019462214102659997,0.058,0.0014146341463414636,0.054268292682926864,0.00047608919988223567,2.2250000000000014,0.0007073170731707318,0.027134146341463432,0.00023804459994111783,0.019519657195171663,0.016,0.7250000000000004,0.008,0.3625000000000002,0.0019849281951596996,0.0001951219512195122,0.008841463414634152,4.841288280877316e-05,0.003969856390319399,0.258,5.875000000000003,0.0031463414634146343,0.07164634146341468,0.000228731789173072,0.018756006712191905,0.242,5.150000000000003,0.002951219512195122,0.06280487804878053,0.00021875130925341437,0.01793760735877998,0.242,5.150000000000003,0.002951219512195122,0.06280487804878053,0.00021875130925341437,0.01793760735877998,0.007,0.0001707317073170732,0.008536585365853664,6.433644259131172e-05,0.3500000000000002,0.007,0.3500000000000002,0.0026377941462437807,8.53658536585366e-05,0.004268292682926832,3.216822129565586e-05,0.0026377941462437807,0.113,0.00275609756097561,0.0713414634146342,0.00027416777686938763,2.9250000000000016,0.001378048780487805,0.0356707317073171,0.00013708388843469382,0.011240878851644893,0.106,0.0025853658536585367,0.06280487804878054,0.00026368649124257327,2.5750000000000015,0.0012926829268292684,0.03140243902439027,0.00013184324562128663,0.010811146140945504,0.106,0.0025853658536585367,0.06280487804878054,0.00026368649124257327,2.5750000000000015,0.0012926829268292684,0.03140243902439027,0.00013184324562128663,0.010811146140945504,0.009,0.0002195121951219512,0.009146341463414637,7.287716690591884e-05,0.3750000000000002,0.009,0.3750000000000002,0.0029879638431426726,0.0001097560975609756,0.0045731707317073185,3.643858345295942e-05,0.0029879638431426726,0.145,0.003536585365853658,0.07195121951219517,0.00030082884424852265,2.950000000000002,0.001768292682926829,0.035975609756097586,0.00015041442212426133,0.012333982614189429,0.136,0.0033170731707317077,0.06280487804878053,0.00029028042980403163,2.575000000000001,0.0016585365853658538,0.031402439024390265,0.00014514021490201582,0.011901497621965297,0.136,0.0033170731707317077,0.06280487804878053,0.00029028042980403163,2.575000000000001,0.0016585365853658538,0.031402439024390265,0.00014514021490201582,0.011901497621965297,0.016,0.7250000000000004,0.008,0.3625000000000002,0.0019849281951596996,0.0001951219512195122,0.008841463414634152,4.841288280877316e-05,0.003969856390319399,0.942,22.50000000000001,0.01148780487804878,0.27439024390243927,0.0008662556333899284,0.07103296193797413,0.242,5.150000000000003,0.002951219512195122,0.06280487804878053,0.00021875130925341437,0.01793760735877998,0.242,5.150000000000003,0.002951219512195122,0.06280487804878053,0.00021875130925341437,0.01793760735877998,0.258,5.875000000000003,0.0031463414634146343,0.07164634146341468,0.000228731789173072,0.018756006712191905,0.007,0.0001707317073170732,0.008536585365853664,6.433644259131172e-05,0.3500000000000002,0.007,0.3500000000000002,0.0026377941462437807,8.53658536585366e-05,0.004268292682926832,3.216822129565586e-05,0.0026377941462437807,0.414,0.010097560975609756,0.2841463414634149,0.0010314485036590105,11.650000000000004,0.005048780487804878,0.14207317073170744,0.0005157242518295052,0.04228938865001943,0.106,0.0025853658536585367,0.06280487804878054,0.00026368649124257327,2.5750000000000015,0.0012926829268292684,0.03140243902439027,0.00013184324562128663,0.010811146140945504,0.106,0.0025853658536585367,0.06280487804878054,0.00026368649124257327,2.5750000000000015,0.0012926829268292684,0.03140243902439027,0.00013184324562128663,0.010811146140945504,0.113,0.00275609756097561,0.0713414634146342,0.00027416777686938763,2.9250000000000016,0.001378048780487805,0.0356707317073171,0.00013708388843469382,0.011240878851644893,0.009,0.0002195121951219512,0.009146341463414637,7.287716690591884e-05,0.3750000000000002,0.009,0.3750000000000002,0.0029879638431426726,0.0001097560975609756,0.0045731707317073185,3.643858345295942e-05,0.0029879638431426726,0.528,0.012878048780487806,0.26463414634146354,0.0011254836610780127,10.850000000000005,0.006439024390243903,0.13231707317073177,0.0005627418305390063,0.046144830104198516,0.136,0.0033170731707317077,0.06280487804878053,0.00029028042980403163,2.575000000000001,0.0016585365853658538,0.031402439024390265,0.00014514021490201582,0.011901497621965297,0.136,0.0033170731707317077,0.06280487804878053,0.00029028042980403163,2.575000000000001,0.0016585365853658538,0.031402439024390265,0.00014514021490201582,0.011901497621965297,0.145,0.003536585365853658,0.07195121951219517,0.00030082884424852265,2.950000000000002,0.001768292682926829,0.035975609756097586,0.00015041442212426133,0.012333982614189429,1000
0.24,0.203,3.525000000000001,0.002475609756097561,0.0429878048780488,0.00043099708009656037,0.03534176056791795,0.095,0.002317073170731707,0.051829268292682924,0.0005795131906144134,2.125,0.0011585365853658536,0.025914634146341462,0.0002897565953072067,0.02376004081519095,0.108,0.002634146341463415,0.03414634146341466,0.0006242144336092446,1.4000000000000012,0.0013170731707317074,0.01707317073170733,0.0003121072168046223,0.025592791777979032,0.034,0.6250000000000002,0.017,0.3125000000000001,0.002952917154225584,0.00041463414634146346,0.007621951219512197,7.202236961525814e-05,0.005905834308451168,0.446,6.000000000000003,0.005439024390243903,0.07317073170731711,0.0003230638999182154,0.026491239793293667,0.412,5.3750000000000036,0.005024390243902439,0.06554878048780492,0.00030288933649034056,0.024836925592207924,0.412,5.3750000000000036,0.005024390243902439,0.06554878048780492,0.00030288933649034056,0.024836925592207924,0.016,0.0003902439024390244,0.009756097560975608,9.68257656175463e-05,0.3999999999999999,0.016,0.3999999999999999,0.003969856390319398,0.0001951219512195122,0.004878048780487804,4.841288280877315e-05,0.003969856390319398,0.221,0.005390243902439025,0.08536585365853665,0.0003813026011564352,3.500000000000002,0.0026951219512195124,0.042682926829268324,0.0001906513005782176,0.015633406647413844,0.205,0.005,0.07560975609756103,0.00035612110529264227,3.100000000000002,0.0025,0.037804878048780514,0.00017806055264632113,0.014600965316998333,0.205,0.005,0.07560975609756103,0.00035612110529264227,3.100000000000002,0.0025,0.037804878048780514,0.00017806055264632113,0.014600965316998333,0.018,0.0004390243902439024,0.005487804878048786,0.00010259481096613268,0.22500000000000026,0.018,0.22500000000000026,0.00420638724961144,0.0002195121951219512,0.002743902439024393,5.129740548306634e-05,0.00420638724961144,0.225,0.005487804878048781,0.0609756097560976,0.00040125149672026544,2.5000000000000013,0.0027439024390243905,0.0304878048780488,0.00020062574836013272,0.016451311365530883,0.207,0.005048780487804878,0.0554878048780488,0.00038595308869787806,2.2750000000000004,0.002524390243902439,0.0277439024390244,0.00019297654434893903,0.015824076636613,0.207,0.005048780487804878,0.0554878048780488,0.00038595308869787806,2.2750000000000004,0.002524390243902439,0.0277439024390244,0.00019297654434893903,0.015824076636613,0.034,0.6250000000000002,0.017,0.3125000000000001,0.002952917154225584,0.00041463414634146346,0.007621951219512197,7.202236961525814e-05,0.005905834308451168,1.656,22.975000000000012,0.020195121951219513,0.28018292682926843,0.001242948704916477,0.10192179380315111,0.412,5.3750000000000036,0.005024390243902439,0.06554878048780492,0.00030288933649034056,0.024836925592207924,0.412,5.3750000000000036,0.005024390243902439,0.06554878048780492,0.00030288933649034056,0.024836925592207924,0.446,6.000000000000003,0.005439024390243903,0.07317073170731711,0.0003230638999182154,0.026491239793293667,0.016,0.0003902439024390244,0.009756097560975608,9.68257656175463e-05,0.3999999999999999,0.016,0.3999999999999999,0.003969856390319398,0.0001951219512195122,0.004878048780487804,4.841288280877315e-05,0.003969856390319398,0.838,0.020439024390243903,0.32560975609756115,0.0014922961996039754,13.350000000000007,0.010219512195121952,0.16280487804878058,0.0007461480998019877,0.061184144183762994,0.205,0.005,0.07560975609756103,0.00035612110529264227,3.100000000000002,0.0025,0.037804878048780514,0.00017806055264632113,0.014600965316998333,0.205,0.005,0.07560975609756103,0.00035612110529264227,3.100000000000002,0.0025,0.037804878048780514,0.00017806055264632113,0.014600965316998333,0.221,0.005390243902439025,0.08536585365853665,0.0003813026011564352,3.500000000000002,0.0026951219512195124,0.042682926829268324,0.0001906513005782176,0.015633406647413844,0.018,0.0004390243902439024,0.005487804878048786,0.00010259481096613268,0.22500000000000026,0.018,0.22500000000000026,0.00420638724961144,0.0002195121951219512,0.002743902439024393,5.129740548306634e-05,0.00420638724961144,0.818,0.019951219512195122,0.2347560975609757,0.0014829133047707592,9.625000000000004,0.009975609756097561,0.11737804878048785,0.0007414566523853796,0.06079944549560113,0.207,0.005048780487804878,0.0554878048780488,0.00038595308869787806,2.2750000000000004,0.002524390243902439,0.0277439024390244,0.00019297654434893903,0.015824076636613,0.207,0.005048780487804878,0.0554878048780488,0.00038595308869787806,2.2750000000000004,0.002524390243902439,0.0277439024390244,0.00019297654434893903,0.015824076636613,0.225,0.005487804878048781,0.0609756097560976,0.00040125149672026544,2.5000000000000013,0.0027439024390243905,0.0304878048780488,0.00020062574836013272,0.016451311365530883,1000
0.26,0.25,5.724999999999994,0.003048780487804878,0.06981707317073166,0.0005281171272412687,0.043305604433784034,0.136,0.0033170731707317077,0.08658536585365847,0.000692575700353394,3.5499999999999963,0.0016585365853658538,0.04329268292682924,0.000346287850176697,0.028395603714489154,0.114,0.002780487804878049,0.05304878048780483,0.0006570578382559945,2.174999999999999,0.0013902439024390245,0.026524390243902414,0.00032852891912799726,0.026939371368495776,0.041,0.7749999999999994,0.0205,0.3874999999999997,0.0034411613725008005,0.0005,0.009451219512195113,8.393076518294635e-05,0.006882322745001601,0.498,4.249999999999995,0.006073170731707317,0.05182926829268286,0.00034896268795814577,0.028614940412567954,0.457,3.4749999999999996,0.005573170731707318,0.04237804878048779,0.0003149123882717294,0.02582281583828181,0.457,3.4749999999999996,0.005573170731707318,0.04237804878048779,0.0003149123882717294,0.02582281583828181,0.023,0.0005609756097560975,0.012195121951219497,0.00011567635596723864,0.49999999999999944,0.023,0.49999999999999944,0.0047427305946567844,0.00028048780487804876,0.0060975609756097485,5.783817798361932e-05,0.0047427305946567844,0.253,0.0061707317073170734,0.05975609756097555,0.00042616414818642644,2.4499999999999984,0.0030853658536585367,0.029878048780487776,0.00021308207409321322,0.017472730075643483,0.23,0.005609756097560976,0.047560975609756015,0.0003943091318625189,1.9499999999999975,0.002804878048780488,0.023780487804878007,0.00019715456593125946,0.016166674406363275,0.23,0.005609756097560976,0.047560975609756015,0.0003943091318625189,1.9499999999999975,0.002804878048780488,0.023780487804878007,0.00019715456593125946,0.016166674406363275,0.018,0.0004390243902439024,0.006707317073170731,0.00010259481096613268,0.27499999999999986,0.018,0.27499999999999986,0.00420638724961144,0.0002195121951219512,0.0033536585365853654,5.129740548306634e-05,0.00420638724961144,0.245,0.005975609756097561,0.04390243902439017,0.000419108051410198,1.799999999999998,0.0029878048780487805,0.021951219512195086,0.000209554025705099,0.01718343010781812,0.227,0.005536585365853659,0.03719512195121949,0.00039003555926811484,1.5249999999999995,0.0027682926829268296,0.018597560975609745,0.00019501777963405742,0.01599145792999271,0.227,0.005536585365853659,0.03719512195121949,0.00039003555926811484,1.5249999999999995,0.0027682926829268296,0.018597560975609745,0.00019501777963405742,0.01599145792999271,0.041,0.7749999999999994,0.0205,0.3874999999999997,0.0034411613725008005,0.0005,0.009451219512195113,8.393076518294635e-05,0.006882322745001601,1.861,18.774999999999984,0.02269512195121951,0.22896341463414616,0.001339229777816271,0.10981684178093422,0.457,3.4749999999999996,0.005573170731707318,0.04237804878048779,0.0003149123882717294,0.02582281583828181,0.457,3.4749999999999996,0.005573170731707318,0.04237804878048779,0.0003149123882717294,0.02582281583828181,0.498,4.249999999999995,0.006073170731707317,0.05182926829268286,0.00034896268795814577,0.028614940412567954,0.023,0.0005609756097560975,0.012195121951219497,0.00011567635596723864,0.49999999999999944,0.023,0.49999999999999944,0.0047427305946567844,0.00028048780487804876,0.0060975609756097485,5.783817798361932e-05,0.0047427305946567844,0.948,0.023121951219512195,0.2420731707317072,0.001613017699023934,9.924999999999994,0.011560975609756097,0.1210365853658536,0.000806508849511967,0.0661337256599813,0.23,0.005609756097560976,0.047560975609756015,0.0003943091318625189,1.9499999999999975,0.002804878048780488,0.023780487804878007,0.00019715456593125946,0.016166674406363275,0.23,0.005609756097560976,0.047560975609756015,0.0003943091318625189,1.9499999999999975,0.002804878048780488,0.023780487804878007,0.00019715456593125946,0.016166674406363275,0.253,0.0061707317073170734,0.05975609756097555,0.00042616414818642644,2.4499999999999984,0.0030853658536585367,0.029878048780487776,0.00021308207409321322,0.017472730075643483,0.018,0.0004390243902439024,0.006707317073170731,0.00010259481096613268,0.27499999999999986,0.018,0.27499999999999986,0.00420638724961144,0.0002195121951219512,0.0033536585365853654,5.129740548306634e-05,0.00420638724961144,0.913,0.02226829268292683,0.21585365853658506,0.0016015576041821993,8.84999999999999,0.011134146341463416,0.10792682926829253,0.0008007788020910996,0.06566386177147017,0.227,0.005536585365853659,0.03719512195121949,0.00039003555926811484,1.5249999999999995,0.0027682926829268296,0.018597560975609745,0.00019501777963405742,0.01599145792999271,0.227,0.005536585365853659,0.03719512195121949,0.00039003555926811484,1.5249999999999995,0.0027682926829268296,0.018597560975609745,0.00019501777963405742,0.01599145792999271,0.245,0.005975609756097561,0.04390243902439017,0.000419108051410198,1.799999999999998,0.0029878048780487805,0.021951219512195086,0.000209554025705099,0.01718343010781812,1000
0.28,0.432,9.625000000000005,0.00526829268292683,0.11737804878048788,0.0006757513330622459,0.055411609311104164,0.237,0.005780487804878049,0.0963414634146341,0.000973297083130629,3.9499999999999984,0.0028902439024390244,0.04817073170731705,0.0004866485415653145,0.03990518040835579,0.195,0.00475609756097561,0.13841463414634164,0.0008882541416550455,5.675000000000008,0.002378048780487805,0.06920731707317082,0.0004441270708275228,0.036418419807856865,0.065,1.3500000000000012,0.0325,0.6750000000000006,0.0040878430082942835,0.0007926829268292683,0.016463414634146353,9.970348800717764e-05,0.008175686016588567,0.616,9.950000000000017,0.007512195121951219,0.12134146341463434,0.0003897797478945814,0.03196193932735568,0.551,8.600000000000016,0.006719512195121952,0.10487804878048795,0.0003547596913612092,0.029090294691619153,0.551,8.600000000000016,0.006719512195121952,0.10487804878048795,0.0003547596913612092,0.029090294691619153,0.036,0.0008780487804878048,0.012804878048780482,0.00014375506868696412,0.5249999999999999,0.036,0.5249999999999999,0.005893957816165529,0.0004390243902439024,0.006402439024390241,7.187753434348206e-05,0.005893957816165529,0.319,0.007780487804878049,0.12439024390243925,0.0004802008717524185,5.100000000000008,0.0038902439024390244,0.06219512195121962,0.00024010043587620924,0.019688235741849157,0.283,0.006902439024390243,0.11158536585365869,0.0004465788028491965,4.575000000000006,0.0034512195121951215,0.055792682926829346,0.00022328940142459826,0.018309730916817056,0.283,0.006902439024390243,0.11158536585365869,0.0004465788028491965,4.575000000000006,0.0034512195121951215,0.055792682926829346,0.00022328940142459826,0.018309730916817056,0.029,0.0007073170731707318,0.020121951219512223,0.0001294917240428524,0.8250000000000011,0.029,0.8250000000000011,0.005309160685756948,0.0003536585365853659,0.010060975609756112,6.47458620214262e-05,0.005309160685756948,0.297,0.00724390243902439,0.11829268292682951,0.00044516312814829427,4.8500000000000085,0.003621951219512195,0.059146341463414756,0.00022258156407414713,0.018251688254080065,0.268,0.006536585365853659,0.09817073170731722,0.0004113647722930061,4.025000000000007,0.0032682926829268296,0.04908536585365861,0.00020568238614650304,0.01686595566401325,0.268,0.006536585365853659,0.09817073170731722,0.0004113647722930061,4.025000000000007,0.0032682926829268296,0.04908536585365861,0.00020568238614650304,0.01686595566401325,0.065,1.3500000000000012,0.0325,0.6750000000000006,0.0040878430082942835,0.0007926829268292683,0.016463414634146353,9.970348800717764e-05,0.008175686016588567,2.407,41.12500000000005,0.029353658536585368,0.5015243902439032,0.001567244788309179,0.12851407264135267,0.551,8.600000000000016,0.006719512195121952,0.10487804878048795,0.0003547596913612092,0.029090294691619153,0.551,8.600000000000016,0.006719512195121952,0.10487804878048795,0.0003547596913612092,0.029090294691619153,0.616,9.950000000000017,0.007512195121951219,0.12134146341463434,0.0003897797478945814,0.03196193932735568,0.036,0.0008780487804878048,0.012804878048780482,0.00014375506868696412,0.5249999999999999,0.036,0.5249999999999999,0.005893957816165529,0.0004390243902439024,0.006402439024390241,7.187753434348206e-05,0.005893957816165529,1.235,0.030121951219512198,0.48475609756097626,0.0018870170349419403,19.87500000000003,0.015060975609756099,0.24237804878048813,0.0009435085174709702,0.07736769843261955,0.283,0.006902439024390243,0.11158536585365869,0.0004465788028491965,4.575000000000006,0.0034512195121951215,0.055792682926829346,0.00022328940142459826,0.018309730916817056,0.283,0.006902439024390243,0.11158536585365869,0.0004465788028491965,4.575000000000006,0.0034512195121951215,0.055792682926829346,0.00022328940142459826,0.018309730916817056,0.319,0.007780487804878049,0.12439024390243925,0.0004802008717524185,5.100000000000008,0.0038902439024390244,0.06219512195121962,0.00024010043587620924,0.019688235741849157,0.029,0.0007073170731707318,0.020121951219512223,0.0001294917240428524,0.8250000000000011,0.029,0.8250000000000011,0.005309160685756948,0.0003536585365853659,0.010060975609756112,6.47458620214262e-05,0.005309160685756948,1.172,0.028585365853658534,0.51829268292683,0.0018517609318133461,21.250000000000032,0.014292682926829267,0.259146341463415,0.0009258804659066731,0.07592219820434719,0.268,0.006536585365853659,0.09817073170731722,0.0004113647722930061,4.025000000000007,0.0032682926829268296,0.04908536585365861,0.00020568238614650304,0.01686595566401325,0.268,0.006536585365853659,0.09817073170731722,0.0004113647722930061,4.025000000000007,0.0032682926829268296,0.04908536585365861,0.00020568238614650304,0.01686595566401325,0.297,0.00724390243902439,0.11829268292682951,0.00044516312814829427,4.8500000000000085,0.003621951219512195,0.059146341463414756,0.00022258156407414713,0.018251688254080065,1000
0.3,0.635,11.325000000000005,0.00774390243902439,0.13810975609756102,0.0008890812730714928,0.07290466439186241,0.294,0.007170731707317073,0.10609756097560974,0.0010840741942960235,4.349999999999997,0.0035853658536585363,0.05304878048780487,0.0005420370971480117,0.04444704196613696,0.341,0.008317073170731708,0.1701219512195123,0.0011571801995624326,6.975000000000004,0.004158536585365854,0.08506097560975615,0.0005785900997812163,0.04744438818205974,0.095,1.6500000000000006,0.0475,0.8250000000000003,0.005293559461437244,0.0011585365853658536,0.0201219512195122,0.00012911120637651815,0.010587118922874488,0.896,11.97500000000001,0.010926829268292684,0.14603658536585382,0.0004981901887194842,0.040851595474997705,0.801,10.32500000000001,0.00976829268292683,0.12591463414634158,0.0004445331434268501,0.03645171776100171,0.801,10.32500000000001,0.00976829268292683,0.12591463414634158,0.0004445331434268501,0.03645171776100171,0.044,0.001073170731707317,0.015243902439024386,0.00015826638532749726,0.6249999999999998,0.044,0.6249999999999998,0.0064889217984273875,0.0005365853658536585,0.007621951219512193,7.913319266374863e-05,0.0064889217984273875,0.457,0.011146341463414635,0.13292682926829288,0.000560805742934712,5.450000000000007,0.005573170731707318,0.06646341463414644,0.000280402871467356,0.02299303546032319,0.413,0.010073170731707317,0.11768292682926845,0.0005132821646343765,4.825000000000007,0.005036585365853659,0.058841463414634226,0.0002566410823171883,0.02104456875000944,0.413,0.010073170731707317,0.11768292682926845,0.0005132821646343765,4.825000000000007,0.005036585365853659,0.058841463414634226,0.0002566410823171883,0.02104456875000944,0.051,0.0012439024390243903,0.02500000000000002,0.00016976634298954807,1.0250000000000008,0.051,1.0250000000000008,0.006960420062571471,0.0006219512195121951,0.01250000000000001,8.488317149477404e-05,0.006960420062571471,0.439,0.010707317073170733,0.1591463414634148,0.0005908613309003063,6.525000000000007,0.005353658536585366,0.0795731707317074,0.00029543066545015316,0.02422531456691256,0.388,0.009463414634146341,0.1341463414634147,0.0005365520721045431,5.500000000000004,0.004731707317073171,0.06707317073170735,0.00026827603605227154,0.021998634956286265,0.388,0.009463414634146341,0.1341463414634147,0.0005365520721045431,5.500000000000004,0.004731707317073171,0.06707317073170735,0.00026827603605227154,0.021998634956286265,0.095,1.6500000000000006,0.0475,0.8250000000000003,0.005293559461437244,0.0011585365853658536,0.0201219512195122,0.00012911120637651815,0.010587118922874488,3.506,48.300000000000054,0.042756097560975606,0.5890243902439031,0.001982387815184018,0.16255580084508947,0.801,10.32500000000001,0.00976829268292683,0.12591463414634158,0.0004445331434268501,0.03645171776100171,0.801,10.32500000000001,0.00976829268292683,0.12591463414634158,0.0004445331434268501,0.03645171776100171,0.896,11.97500000000001,0.010926829268292684,0.14603658536585382,0.0004981901887194842,0.040851595474997705,0.044,0.001073170731707317,0.015243902439024386,0.00015826638532749726,0.6249999999999998,0.044,0.6249999999999998,0.0064889217984273875,0.0005365853658536585,0.007621951219512193,7.913319266374863e-05,0.0064889217984273875,1.743,0.04251219512195122,0.5463414634146345,0.002187111670909909,22.40000000000001,0.02125609756097561,0.27317073170731726,0.0010935558354549545,0.08967157850730627,0.413,0.010073170731707317,0.11768292682926845,0.0005132821646343765,4.825000000000007,0.005036585365853659,0.058841463414634226,0.0002566410823171883,0.02104456875000944,0.413,0.010073170731707317,0.11768292682926845,0.0005132821646343765,4.825000000000007,0.005036585365853659,0.058841463414634226,0.0002566410823171883,0.02104456875000944,0.457,0.011146341463414635,0.13292682926829288,0.000560805742934712,5.450000000000007,0.005573170731707318,0.06646341463414644,0.000280402871467356,0.02299303546032319,0.051,0.0012439024390243903,0.02500000000000002,0.00016976634298954807,1.0250000000000008,0.051,1.0250000000000008,0.006960420062571471,0.0006219512195121951,0.01250000000000001,8.488317149477404e-05,0.006960420062571471,1.763,0.043,0.6317073170731716,0.0023727953598921708,25.900000000000034,0.0215,0.3158536585365858,0.0011863976799460854,0.09728460975557901,0.388,0.009463414634146341,0.1341463414634147,0.0005365520721045431,5.500000000000004,0.004731707317073171,0.06707317073170735,0.00026827603605227154,0.021998634956286265,0.388,0.009463414634146341,0.1341463414634147,0.0005365520721045431,5.500000000000004,0.004731707317073171,0.06707317073170735,0.00026827603605227154,0.021998634956286265,0.439,0.010707317073170733,0.1591463414634148,0.0005908613309003063,6.525000000000007,0.005353658536585366,0.0795731707317074,0.00029543066545015316,0.02422531456691256,1000
0.32,0.885,14.724999999999985,0.01079268292682927,0.17957317073170714,0.0009815560596437008,0.08048759689078346,0.411,0.01002439024390244,0.19512195121951204,0.0012703528745246662,7.999999999999994,0.00501219512195122,0.09756097560975602,0.0006351764372623331,0.05208446785551132,0.474,0.011560975609756097,0.16402439024390228,0.001369002136512798,6.7249999999999925,0.005780487804878049,0.08201219512195114,0.000684501068256399,0.05612908759702472,0.131,2.099999999999998,0.0655,1.049999999999999,0.005830415400616301,0.0015975609756097562,0.025609756097560946,0.0001422052536735683,0.011660830801232602,1.095,11.699999999999992,0.013353658536585366,0.14268292682926814,0.000534348844409295,0.04381660524156219,0.964,9.59999999999999,0.01175609756097561,0.11707317073170723,0.0004742344430682979,0.038887224331600426,0.964,9.59999999999999,0.01175609756097561,0.11707317073170723,0.0004742344430682979,0.038887224331600426,0.061,0.0014878048780487805,0.028048780487804847,0.00018468478272091405,1.1499999999999988,0.061,1.1499999999999988,0.007572076091557476,0.0007439024390243903,0.014024390243902424,9.234239136045703e-05,0.007572076091557476,0.537,0.013097560975609757,0.13536585365853643,0.0006010293758803897,5.549999999999997,0.006548780487804879,0.06768292682926821,0.00030051468794019487,0.02464220441109598,0.476,0.011609756097560976,0.10731707317073158,0.0005496913481097853,4.399999999999997,0.005804878048780488,0.05365853658536579,0.00027484567405489265,0.022537345272501196,0.476,0.011609756097560976,0.10731707317073158,0.0005496913481097853,4.399999999999997,0.005804878048780488,0.05365853658536579,0.00027484567405489265,0.022537345272501196,0.07,0.001707317073170732,0.02317073170731705,0.00019689010630057378,0.9499999999999991,0.07,0.9499999999999991,0.008072494358323525,0.000853658536585366,0.011585365853658524,9.844505315028689e-05,0.008072494358323525,0.558,0.013609756097560977,0.14999999999999986,0.0006319414328897896,6.149999999999995,0.006804878048780489,0.07499999999999993,0.0003159707164448948,0.025909598748481373,0.488,0.011902439024390244,0.1268292682926828,0.0005638264730618772,5.199999999999994,0.005951219512195122,0.0634146341463414,0.0002819132365309386,0.023116885395536968,0.488,0.011902439024390244,0.1268292682926828,0.0005638264730618772,5.199999999999994,0.005951219512195122,0.0634146341463414,0.0002819132365309386,0.023116885395536968,0.131,2.099999999999998,0.0655,1.049999999999999,0.005830415400616301,0.0015975609756097562,0.025609756097560946,0.0001422052536735683,0.011660830801232602,4.339,49.24999999999997,0.05291463414634147,0.6006097560975605,0.0021744922507594415,0.1783083645622742,0.964,9.59999999999999,0.01175609756097561,0.11707317073170723,0.0004742344430682979,0.038887224331600426,0.964,9.59999999999999,0.01175609756097561,0.11707317073170723,0.0004742344430682979,0.038887224331600426,1.095,11.699999999999992,0.013353658536585366,0.14268292682926814,0.000534348844409295,0.04381660524156219,0.061,0.0014878048780487805,0.028048780487804847,0.00018468478272091405,1.1499999999999988,0.061,1.1499999999999988,0.007572076091557476,0.0007439024390243903,0.014024390243902424,9.234239136045703e-05,0.007572076091557476,2.131,0.05197560975609756,0.609756097560975,0.0024492375099375366,24.999999999999964,0.02598780487804878,0.3048780487804875,0.0012246187549687683,0.10041873790743899,0.476,0.011609756097560976,0.10731707317073158,0.0005496913481097853,4.399999999999997,0.005804878048780488,0.05365853658536579,0.00027484567405489265,0.022537345272501196,0.476,0.011609756097560976,0.10731707317073158,0.0005496913481097853,4.399999999999997,0.005804878048780488,0.05365853658536579,0.00027484567405489265,0.022537345272501196,0.537,0.013097560975609757,0.13536585365853643,0.0006010293758803897,5.549999999999997,0.006548780487804879,0.06768292682926821,0.00030051468794019487,0.02464220441109598,0.07,0.001707317073170732,0.02317073170731705,0.00019689010630057378,0.9499999999999991,0.07,0.9499999999999991,0.008072494358323525,0.000853658536585366,0.011585365853658524,9.844505315028689e-05,0.008072494358323525,2.208,0.05385365853658537,0.591463414634146,0.002539348351626366,24.249999999999986,0.026926829268292686,0.295731707317073,0.001269674175813183,0.104113282416681,0.488,0.011902439024390244,0.1268292682926828,0.0005638264730618772,5.199999999999994,0.005951219512195122,0.0634146341463414,0.0002819132365309386,0.023116885395536968,0.488,0.011902439024390244,0.1268292682926828,0.0005638264730618772,5.199999999999994,0.005951219512195122,0.0634146341463414,0.0002819132365309386,0.023116885395536968,0.558,0.013609756097560977,0.14999999999999986,0.0006319414328897896,6.149999999999995,0.006804878048780489,0.07499999999999993,0.0003159707164448948,0.025909598748481373,1000
0.34,1.224,20.75000000000002,0.014926829268292682,0.25304878048780516,0.0011450849782753411,0.09389696821857797,0.614,0.01497560975609756,0.2804878048780491,0.0015326998789938586,11.500000000000009,0.00748780487804878,0.14024390243902454,0.0007663499394969293,0.0628406950387482,0.61,0.014878048780487804,0.2256097560975613,0.0015444841330700429,9.25000000000001,0.007439024390243902,0.11280487804878064,0.0007722420665350214,0.06332384945587176,0.179,2.750000000000002,0.0895,1.375000000000001,0.0066921248146261094,0.0021829268292682925,0.03353658536585369,0.00016322255645429535,0.013384249629252219,1.364,16.650000000000016,0.016634146341463416,0.20304878048780506,0.0006158299988275877,0.05049805990386219,1.185,13.90000000000002,0.014451219512195123,0.16951219512195137,0.0005433005200168037,0.04455064264137791,1.185,13.90000000000002,0.014451219512195123,0.16951219512195137,0.0005433005200168037,0.04455064264137791,0.09,0.002195121951219512,0.035365853658536596,0.00022083878548454823,1.4500000000000004,0.09,1.4500000000000004,0.009054390204866477,0.001097560975609756,0.017682926829268298,0.00011041939274227411,0.009054390204866477,0.679,0.0165609756097561,0.20792682926829292,0.0006953451810034057,8.525000000000006,0.00828048780487805,0.10396341463414646,0.00034767259050170286,0.028509152421139636,0.589,0.014365853658536584,0.17256097560975625,0.0006326209382309854,7.075000000000008,0.007182926829268292,0.08628048780487813,0.0003163104691154927,0.0259374584674704,0.589,0.014365853658536584,0.17256097560975625,0.0006326209382309854,7.075000000000008,0.007182926829268292,0.08628048780487813,0.0003163104691154927,0.0259374584674704,0.089,0.002170731707317073,0.031707317073170774,0.0002197291071378419,1.3000000000000014,0.089,1.3000000000000014,0.009008893392651518,0.0010853658536585365,0.015853658536585387,0.00010986455356892094,0.009008893392651518,0.685,0.016707317073170733,0.1981707317073173,0.0007054692480691235,8.125000000000009,0.008353658536585366,0.09908536585365865,0.00035273462403456176,0.028924239170834067,0.596,0.014536585365853658,0.16646341463414654,0.0006310682582821098,6.825000000000006,0.007268292682926829,0.08323170731707327,0.0003155341291410549,0.025873798589566503,0.596,0.014536585365853658,0.16646341463414654,0.0006310682582821098,6.825000000000006,0.007268292682926829,0.08323170731707327,0.0003155341291410549,0.025873798589566503,0.179,2.750000000000002,0.0895,1.375000000000001,0.0066921248146261094,0.0021829268292682925,0.03353658536585369,0.00016322255645429535,0.013384249629252219,5.476,68.35000000000007,0.06678048780487805,0.8335365853658545,0.0024868783846602903,0.2039240275421438,1.185,13.90000000000002,0.014451219512195123,0.16951219512195137,0.0005433005200168037,0.04455064264137791,1.185,13.90000000000002,0.014451219512195123,0.16951219512195137,0.0005433005200168037,0.04455064264137791,1.364,16.650000000000016,0.016634146341463416,0.20304878048780506,0.0006158299988275877,0.05049805990386219,0.09,0.002195121951219512,0.035365853658536596,0.00022083878548454823,1.4500000000000004,0.09,1.4500000000000004,0.009054390204866477,0.001097560975609756,0.017682926829268298,0.00011041939274227411,0.009054390204866477,2.743,0.06690243902439025,0.8268292682926834,0.0028067007008281564,33.90000000000003,0.033451219512195124,0.4134146341463417,0.0014033503504140782,0.11507472873395441,0.589,0.014365853658536584,0.17256097560975625,0.0006326209382309854,7.075000000000008,0.007182926829268292,0.08628048780487813,0.0003163104691154927,0.0259374584674704,0.589,0.014365853658536584,0.17256097560975625,0.0006326209382309854,7.075000000000008,0.007182926829268292,0.08628048780487813,0.0003163104691154927,0.0259374584674704,0.679,0.0165609756097561,0.20792682926829292,0.0006953451810034057,8.525000000000006,0.00828048780487805,0.10396341463414646,0.00034767259050170286,0.028509152421139636,0.089,0.002170731707317073,0.031707317073170774,0.0002197291071378419,1.3000000000000014,0.089,1.3000000000000014,0.009008893392651518,0.0010853658536585365,0.015853658536585387,0.00010986455356892094,0.009008893392651518,2.733,0.06665853658536586,0.8402439024390249,0.0028371675096539426,34.45000000000003,0.03332926829268293,0.42012195121951246,0.0014185837548269713,0.11632386789581164,0.596,0.014536585365853658,0.16646341463414654,0.0006310682582821098,6.825000000000006,0.007268292682926829,0.08323170731707327,0.0003155341291410549,0.025873798589566503,0.596,0.014536585365853658,0.16646341463414654,0.0006310682582821098,6.825000000000006,0.007268292682926829,0.08323170731707327,0.0003155341291410549,0.025873798589566503,0.685,0.016707317073170733,0.1981707317073173,0.0007054692480691235,8.125000000000009,0.008353658536585366,0.09908536585365865,0.00035273462403456176,0.028924239170834067,1000
0.36,1.715,25.575000000000006,0.020914634146341465,0.31189024390243913,0.001429875969758878,0.11724982952022799,0.871,0.021243902439024392,0.25792682926829297,0.001875397442909229,10.575000000000012,0.010621951219512196,0.12896341463414648,0.0009376987214546145,0.0768912951592784,0.844,0.020585365853658538,0.3658536585365853,0.001792818489493103,14.999999999999996,0.010292682926829269,0.18292682926829265,0.0008964092447465515,0.07350555806921723,0.241,3.500000000000001,0.1205,1.7500000000000004,0.00798708604833725,0.0029390243902439024,0.04268292682926831,0.00019480697678871342,0.0159741720966745,1.761,20.25,0.02147560975609756,0.24695121951219523,0.0007433619182419523,0.06095567729584009,1.52,16.750000000000004,0.018536585365853658,0.20426829268292684,0.0006355889216018368,0.05211829157135062,1.52,16.750000000000004,0.018536585365853658,0.20426829268292684,0.0006355889216018368,0.05211829157135062,0.119,0.002902439024390244,0.0353658536585366,0.00024985890598381975,1.4500000000000006,0.119,1.4500000000000006,0.01024421514533661,0.001451219512195122,0.0176829268292683,0.00012492945299190988,0.01024421514533661,0.878,0.021414634146341465,0.2506097560975612,0.0008156099873942935,10.275000000000002,0.010707317073170733,0.1253048780487806,0.00040780499369714676,0.033440009483166035,0.759,0.01851219512195122,0.21524390243902453,0.0007226252608212065,8.825000000000001,0.00925609756097561,0.10762195121951226,0.00036131263041060325,0.029627635693669465,0.759,0.01851219512195122,0.21524390243902453,0.0007226252608212065,8.825000000000001,0.00925609756097561,0.10762195121951226,0.00036131263041060325,0.029627635693669465,0.122,0.002975609756097561,0.05000000000000002,0.0002525576759252872,2.0500000000000003,0.122,2.0500000000000003,0.010354864712936776,0.0014878048780487805,0.02500000000000001,0.0001262788379626436,0.010354864712936776,0.883,0.02153658536585366,0.24329268292682948,0.0008323027249636044,9.975000000000005,0.01076829268292683,0.12164634146341474,0.0004161513624818022,0.03412441172350778,0.761,0.018560975609756097,0.1932926829268295,0.0007287630894565779,7.925000000000006,0.009280487804878048,0.09664634146341475,0.00036438154472828894,0.029879286667719693,0.761,0.018560975609756097,0.1932926829268295,0.0007287630894565779,7.925000000000006,0.009280487804878048,0.09664634146341475,0.00036438154472828894,0.029879286667719693,0.241,3.500000000000001,0.1205,1.7500000000000004,0.00798708604833725,0.0029390243902439024,0.04268292682926831,0.00019480697678871342,0.0159741720966745,7.073,81.05000000000004,0.08625609756097562,0.988414634146342,0.002990063526240839,0.2451852091517488,1.52,16.750000000000004,0.018536585365853658,0.20426829268292684,0.0006355889216018368,0.05211829157135062,1.52,16.750000000000004,0.018536585365853658,0.20426829268292684,0.0006355889216018368,0.05211829157135062,1.761,20.25,0.02147560975609756,0.24695121951219523,0.0007433619182419523,0.06095567729584009,0.119,0.002902439024390244,0.0353658536585366,0.00024985890598381975,1.4500000000000006,0.119,1.4500000000000006,0.01024421514533661,0.001451219512195122,0.0176829268292683,0.00012492945299190988,0.01024421514533661,3.487,0.08504878048780488,0.9682926829268299,0.0032514676686626427,39.70000000000003,0.04252439024390244,0.48414634146341495,0.0016257338343313213,0.13331017441516835,0.759,0.01851219512195122,0.21524390243902453,0.0007226252608212065,8.825000000000001,0.00925609756097561,0.10762195121951226,0.00036131263041060325,0.029627635693669465,0.759,0.01851219512195122,0.21524390243902453,0.0007226252608212065,8.825000000000001,0.00925609756097561,0.10762195121951226,0.00036131263041060325,0.029627635693669465,0.878,0.021414634146341465,0.2506097560975612,0.0008156099873942935,10.275000000000002,0.010707317073170733,0.1253048780487806,0.00040780499369714676,0.033440009483166035,0.122,0.002975609756097561,0.05000000000000002,0.0002525576759252872,2.0500000000000003,0.122,2.0500000000000003,0.010354864712936776,0.0014878048780487805,0.02500000000000001,0.0001262788379626436,0.010354864712936776,3.586,0.08746341463414634,1.0085365853658539,0.003355545502979339,41.35000000000001,0.04373170731707317,0.5042682926829269,0.0016777727514896694,0.1375773656221529,0.761,0.018560975609756097,0.1932926829268295,0.0007287630894565779,7.925000000000006,0.009280487804878048,0.09664634146341475,0.00036438154472828894,0.029879286667719693,0.761,0.018560975609756097,0.1932926829268295,0.0007287630894565779,7.925000000000006,0.009280487804878048,0.09664634146341475,0.00036438154472828894,0.029879286667719693,0.883,0.02153658536585366,0.24329268292682948,0.0008323027249636044,9.975000000000005,0.01076829268292683,0.12164634146341474,0.0004161513624818022,0.03412441172350778,1000
0.38,2.247,27.124999999999964,0.027402439024390244,0.33079268292682884,0.0016020347082574922,0.13136684607711435,1.037,0.025292682926829266,0.3085365853658534,0.0019794027451165426,12.649999999999988,0.012646341463414633,0.1542682926829267,0.0009897013725582713,0.08115551254977825,1.21,0.029512195121951218,0.35304878048780464,0.002109633632619528,14.474999999999987,0.014756097560975609,0.17652439024390232,0.001054816816309764,0.08649497893740066,0.319,3.7499999999999964,0.1595,1.8749999999999982,0.009021703893452786,0.0038902439024390244,0.04573170731707313,0.00022004155837689724,0.018043407786905573,2.174,22.54999999999997,0.02651219512195122,0.2749999999999998,0.0008177300072130422,0.06705386059146946,1.855,18.799999999999976,0.022621951219512194,0.22926829268292653,0.0007013289715503374,0.05750897566712767,1.855,18.799999999999976,0.022621951219512194,0.22926829268292653,0.0007013289715503374,0.05750897566712767,0.148,0.0036097560975609753,0.044512195121951176,0.00027402113083500353,1.8249999999999988,0.148,1.8249999999999988,0.011234866364235145,0.0018048780487804877,0.022256097560975588,0.00013701056541750176,0.011234866364235145,1.09,0.02658536585365854,0.27134146341463394,0.0009227546284369443,11.124999999999986,0.01329268292682927,0.13567073170731697,0.00046137731421847216,0.037832939765914717,0.942,0.02297560975609756,0.22682926829268274,0.000813241012569907,9.299999999999994,0.01148780487804878,0.11341463414634137,0.0004066205062849535,0.033342881515366185,0.942,0.02297560975609756,0.22682926829268274,0.000813241012569907,9.299999999999994,0.01148780487804878,0.11341463414634137,0.0004066205062849535,0.033342881515366185,0.171,0.004170731707317073,0.04695121951219508,0.0002905418647869411,1.924999999999999,0.171,1.924999999999999,0.011912216456264587,0.0020853658536585367,0.02347560975609754,0.00014527093239347056,0.011912216456264587,1.084,0.026439024390243905,0.27865853658536555,0.0008774517747639636,11.42499999999999,0.013219512195121953,0.13932926829268277,0.0004387258873819818,0.03597552276532251,0.913,0.02226829268292683,0.23170731707317055,0.0007691344306507854,9.499999999999993,0.011134146341463416,0.11585365853658527,0.0003845672153253927,0.0315345116566822,0.913,0.02226829268292683,0.23170731707317055,0.0007691344306507854,9.499999999999993,0.011134146341463416,0.11585365853658527,0.0003845672153253927,0.0315345116566822,0.319,3.7499999999999964,0.1595,1.8749999999999982,0.009021703893452786,0.0038902439024390244,0.04573170731707313,0.00022004155837689724,0.018043407786905573,8.718,90.84999999999994,0.1063170731707317,1.1079268292682913,0.003192631057848171,0.26179574674355005,1.855,18.799999999999976,0.022621951219512194,0.22926829268292653,0.0007013289715503374,0.05750897566712767,1.855,18.799999999999976,0.022621951219512194,0.22926829268292653,0.0007013289715503374,0.05750897566712767,2.174,22.54999999999997,0.02651219512195122,0.2749999999999998,0.0008177300072130422,0.06705386059146946,0.148,0.0036097560975609753,0.044512195121951176,0.00027402113083500353,1.8249999999999988,0.148,1.8249999999999988,0.011234866364235145,0.0018048780487804877,0.022256097560975588,0.00013701056541750176,0.011234866364235145,4.331,0.10563414634146343,1.1896341463414624,0.0035643815816164973,48.77499999999995,0.05281707317073171,0.5948170731707312,0.0017821907908082486,0.1461396448462764,0.942,0.02297560975609756,0.22682926829268274,0.000813241012569907,9.299999999999994,0.01148780487804878,0.11341463414634137,0.0004066205062849535,0.033342881515366185,0.942,0.02297560975609756,0.22682926829268274,0.000813241012569907,9.299999999999994,0.01148780487804878,0.11341463414634137,0.0004066205062849535,0.033342881515366185,1.09,0.02658536585365854,0.27134146341463394,0.0009227546284369443,11.124999999999986,0.01329268292682927,0.13567073170731697,0.00046137731421847216,0.037832939765914717,0.171,0.004170731707317073,0.04695121951219508,0.0002905418647869411,1.924999999999999,0.171,1.924999999999999,0.011912216456264587,0.0020853658536585367,0.02347560975609754,0.00014527093239347056,0.011912216456264587,4.387,0.10699999999999998,1.0262195121951212,0.003486496826579903,42.07499999999996,0.05349999999999999,0.5131097560975606,0.0017432484132899515,0.14294636988977602,0.913,0.02226829268292683,0.23170731707317055,0.0007691344306507854,9.499999999999993,0.011134146341463416,0.11585365853658527,0.0003845672153253927,0.0315345116566822,0.913,0.02226829268292683,0.23170731707317055,0.0007691344306507854,9.499999999999993,0.011134146341463416,0.11585365853658527,0.0003845672153253927,0.0315345116566822,1.084,0.026439024390243905,0.27865853658536555,0.0008774517747639636,11.42499999999999,0.013219512195121953,0.13932926829268277,0.0004387258873819818,0.03597552276532251,1000
0.4,2.8,40.00000000000005,0.03414634146341463,0.48780487804878103,0.001734720593499866,0.142247088666989,1.377,0.03358536585365854,0.48170731707317105,0.002237169682467662,19.750000000000014,0.01679268292682927,0.24085365853658552,0.001118584841233831,0.09172395698117415,1.423,0.034707317073170735,0.4939024390243911,0.0022585215252152423,20.250000000000036,0.017353658536585367,0.24695121951219556,0.0011292607626076211,0.09259938253382494,0.391,5.475000000000009,0.1955,2.7375000000000047,0.009727506071669879,0.004768292682926829,0.06676829268292694,0.00023725624565048485,0.019455012143339757,2.663,25.05000000000002,0.03247560975609756,0.30548780487804894,0.0008676975808622779,0.07115120163070679,2.272,19.57500000000001,0.02770731707317073,0.238719512195122,0.000738150461262592,0.06052833782353254,2.272,19.57500000000001,0.02770731707317073,0.238719512195122,0.000738150461262592,0.06052833782353254,0.192,0.0046829268292682925,0.06585365853658545,0.0003039412840648788,2.700000000000003,0.192,2.700000000000003,0.01246159264666003,0.0023414634146341463,0.032926829268292726,0.0001519706420324394,0.01246159264666003,1.323,0.03226829268292683,0.31280487804878065,0.0009472020160652426,12.825000000000006,0.016134146341463415,0.15640243902439033,0.0004736010080326213,0.03883528265867495,1.131,0.027585365853658537,0.24695121951219534,0.0008289073798530046,10.12500000000001,0.013792682926829268,0.12347560975609767,0.0004144536899265023,0.03398520257397319,1.131,0.027585365853658537,0.24695121951219534,0.0008289073798530046,10.12500000000001,0.013792682926829268,0.12347560975609767,0.0004144536899265023,0.03398520257397319,0.199,0.004853658536585366,0.06768292682926838,0.00030808900202680754,2.775000000000004,0.199,2.775000000000004,0.01263164908309911,0.002426829268292683,0.03384146341463419,0.00015404450101340377,0.01263164908309911,1.34,0.032682926829268294,0.298170731707317,0.0009901501962295545,12.225000000000005,0.016341463414634147,0.1490853658536585,0.0004950750981147772,0.04059615804541174,1.141,0.027829268292682927,0.23048780487804865,0.0008645216051754949,9.449999999999996,0.013914634146341464,0.11524390243902433,0.00043226080258774747,0.03544538581219529,1.141,0.027829268292682927,0.23048780487804865,0.0008645216051754949,9.449999999999996,0.013914634146341464,0.11524390243902433,0.00043226080258774747,0.03544538581219529,0.391,5.475000000000009,0.1955,2.7375000000000047,0.009727506071669879,0.004768292682926829,0.06676829268292694,0.00023725624565048485,0.019455012143339757,10.707,99.10000000000005,0.13057317073170732,1.208536585365854,0.003365971461625565,0.27600965985329634,2.272,19.57500000000001,0.02770731707317073,0.238719512195122,0.000738150461262592,0.06052833782353254,2.272,19.57500000000001,0.02770731707317073,0.238719512195122,0.000738150461262592,0.06052833782353254,2.663,25.05000000000002,0.03247560975609756,0.30548780487804894,0.0008676975808622779,0.07115120163070679,0.192,0.0046829268292682925,0.06585365853658545,0.0003039412840648788,2.700000000000003,0.192,2.700000000000003,0.01246159264666003,0.0023414634146341463,0.032926829268292726,0.0001519706420324394,0.01246159264666003,5.438,0.13263414634146342,1.2493902439024391,0.003763847719415521,51.224999999999994,0.06631707317073171,0.6246951219512196,0.0018819238597077605,0.15431775649603635,1.131,0.027585365853658537,0.24695121951219534,0.0008289073798530046,10.12500000000001,0.013792682926829268,0.12347560975609767,0.0004144536899265023,0.03398520257397319,1.131,0.027585365853658537,0.24695121951219534,0.0008289073798530046,10.12500000000001,0.013792682926829268,0.12347560975609767,0.0004144536899265023,0.03398520257397319,1.323,0.03226829268292683,0.31280487804878065,0.0009472020160652426,12.825000000000006,0.016134146341463415,0.15640243902439033,0.0004736010080326213,0.03883528265867495,0.199,0.004853658536585366,0.06768292682926838,0.00030808900202680754,2.775000000000004,0.199,2.775000000000004,0.01263164908309911,0.002426829268292683,0.03384146341463419,0.00015404450101340377,0.01263164908309911,5.269,0.12851219512195122,1.1676829268292694,0.0037364155781257923,47.87500000000003,0.06425609756097561,0.5838414634146347,0.0018682077890628962,0.15319303870315748,1.141,0.027829268292682927,0.23048780487804865,0.0008645216051754949,9.449999999999996,0.013914634146341464,0.11524390243902433,0.00043226080258774747,0.03544538581219529,1.141,0.027829268292682927,0.23048780487804865,0.0008645216051754949,9.449999999999996,0.013914634146341464,0.11524390243902433,0.00043226080258774747,0.03544538581219529,1.34,0.032682926829268294,0.298170731707317,0.0009901501962295545,12.225000000000005,0.016341463414634147,0.1490853658536585,0.0004950750981147772,0.04059615804541174,1000
0.42,3.847,44.87500000000004,0.04691463414634146,0.5472560975609762,0.002016253332884665,0.16533277329654253,1.827,0.044560975609756096,0.607926829268293,0.002483669499409395,24.92500000000001,0.022280487804878048,0.3039634146341465,0.0012418347497046974,0.10183044947578519,2.02,0.04926829268292683,0.4865853658536594,0.002563953048588495,19.95000000000004,0.024634146341463416,0.2432926829268297,0.0012819765242942475,0.1051220749921283,0.538,6.375000000000005,0.269,3.1875000000000027,0.011102353906368786,0.006560975609756098,0.07774390243902449,0.0002707891196675314,0.022204707812737572,3.176,26.10000000000001,0.03873170731707317,0.3182926829268292,0.0010329346184374008,0.08470063871186687,2.638,19.72500000000001,0.032170731707317074,0.24054878048780504,0.000884648151810211,0.0725411484484373,2.638,19.72500000000001,0.032170731707317074,0.24054878048780504,0.000884648151810211,0.0725411484484373,0.256,0.006243902439024391,0.0853658536585366,0.0003367750037130279,3.500000000000001,0.256,3.500000000000001,0.013807775152234145,0.0031219512195121953,0.0426829268292683,0.00016838750185651396,0.013807775152234145,1.603,0.039097560975609756,0.3109756097560977,0.001119163157368807,12.750000000000007,0.019548780487804878,0.15548780487804886,0.0005595815786844035,0.04588568945212109,1.347,0.03285365853658537,0.22560975609756106,0.0009817523732157814,9.25000000000001,0.016426829268292684,0.11280487804878053,0.0004908761866078907,0.04025184730184704,1.347,0.03285365853658537,0.22560975609756106,0.0009817523732157814,9.25000000000001,0.016426829268292684,0.11280487804878053,0.0004908761866078907,0.04025184730184704,0.282,0.006878048780487804,0.07012195121951231,0.0003472323467144239,2.8750000000000044,0.282,2.8750000000000044,0.01423652621529138,0.003439024390243902,0.035060975609756156,0.00017361617335721194,0.01423652621529138,1.573,0.038365853658536585,0.32560975609756104,0.0010996467183769442,13.350000000000001,0.019182926829268292,0.16280487804878052,0.0005498233591884721,0.04508551545345471,1.291,0.03148780487804878,0.2554878048780487,0.0009470913633130238,10.474999999999998,0.01574390243902439,0.12774390243902434,0.0004735456816565119,0.038830745895833976,1.291,0.03148780487804878,0.2554878048780487,0.0009470913633130238,10.474999999999998,0.01574390243902439,0.12774390243902434,0.0004735456816565119,0.038830745895833976,0.538,6.375000000000005,0.269,3.1875000000000027,0.011102353906368786,0.006560975609756098,0.07774390243902449,0.0002707891196675314,0.022204707812737572,12.682,97.875,0.15465853658536585,1.1935975609756095,0.003838150525211786,0.31472834306736647,2.638,19.72500000000001,0.032170731707317074,0.24054878048780504,0.000884648151810211,0.0725411484484373,2.638,19.72500000000001,0.032170731707317074,0.24054878048780504,0.000884648151810211,0.0725411484484373,3.176,26.10000000000001,0.03873170731707317,0.3182926829268292,0.0010329346184374008,0.08470063871186687,0.256,0.006243902439024391,0.0853658536585366,0.0003367750037130279,3.500000000000001,0.256,3.500000000000001,0.013807775152234145,0.0031219512195121953,0.0426829268292683,0.00016838750185651396,0.013807775152234145,6.38,0.15560975609756098,1.0945121951219519,0.004184831326307961,44.87500000000003,0.07780487804878049,0.5472560975609759,0.0020924156631539803,0.1715780843786264,1.347,0.03285365853658537,0.22560975609756106,0.0009817523732157814,9.25000000000001,0.016426829268292684,0.11280487804878053,0.0004908761866078907,0.04025184730184704,1.347,0.03285365853658537,0.22560975609756106,0.0009817523732157814,9.25000000000001,0.016426829268292684,0.11280487804878053,0.0004908761866078907,0.04025184730184704,1.603,0.039097560975609756,0.3109756097560977,0.001119163157368807,12.750000000000007,0.019548780487804878,0.15548780487804886,0.0005595815786844035,0.04588568945212109,0.282,0.006878048780487804,0.07012195121951231,0.0003472323467144239,2.8750000000000044,0.282,2.8750000000000044,0.01423652621529138,0.003439024390243902,0.035060975609756156,0.00017361617335721194,0.01423652621529138,6.302,0.15370731707317073,1.2926829268292686,0.004140139523064408,53.00000000000006,0.07685365853658536,0.6463414634146343,0.002070069761532204,0.1697457204456407,1.291,0.03148780487804878,0.2554878048780487,0.0009470913633130238,10.474999999999998,0.01574390243902439,0.12774390243902434,0.0004735456816565119,0.038830745895833976,1.291,0.03148780487804878,0.2554878048780487,0.0009470913633130238,10.474999999999998,0.01574390243902439,0.12774390243902434,0.0004735456816565119,0.038830745895833976,1.573,0.038365853658536585,0.32560975609756104,0.0010996467183769442,13.350000000000001,0.019182926829268292,0.16280487804878052,0.0005498233591884721,0.04508551545345471,1000
0.44,4.595,39.22499999999998,0.05603658536585365,0.47835365853658485,0.002094100288302589,0.1717162236408123,2.374,0.05790243902439025,0.5567073170731702,0.0026825077522165883,22.82499999999998,0.028951219512195123,0.2783536585365851,0.0013412538761082941,0.10998281784088011,2.221,0.05417073170731707,0.39999999999999947,0.002625068225820015,16.39999999999999,0.027085365853658536,0.19999999999999973,0.0013125341129100075,0.10762779725862061,0.646,5.149999999999995,0.323,2.5749999999999975,0.011653617756165113,0.007878048780487805,0.0628048780487804,0.0002842345794186613,0.023307235512330226,3.707,29.47499999999998,0.04520731707317073,0.35945121951219494,0.0011334110381141412,0.09293970512535958,3.061,24.32499999999999,0.037329268292682925,0.2966463414634145,0.0009653072290633367,0.0791551927831936,3.061,24.32499999999999,0.037329268292682925,0.2966463414634145,0.0009653072290633367,0.0791551927831936,0.332,0.008097560975609756,0.07073170731707307,0.0003634048108002821,2.899999999999997,0.332,2.899999999999997,0.014899597242811567,0.004048780487804878,0.035365853658536534,0.00018170240540014106,0.014899597242811567,1.833,0.04470731707317073,0.3664634146341461,0.0011982350009510565,15.024999999999991,0.022353658536585365,0.18323170731707306,0.0005991175004755282,0.04912763503899332,1.501,0.03660975609756097,0.2957317073170731,0.0010444701080276333,12.124999999999993,0.018304878048780487,0.14786585365853655,0.0005222350540138167,0.04282327442913297,1.501,0.03660975609756097,0.2957317073170731,0.0010444701080276333,12.124999999999993,0.018304878048780487,0.14786585365853655,0.0005222350540138167,0.04282327442913297,0.314,0.0076585365853658535,0.05487804878048777,0.00035814614514848985,2.2499999999999982,0.314,2.2499999999999982,0.014683991951088084,0.0038292682926829268,0.027439024390243885,0.00017907307257424492,0.014683991951088084,1.874,0.04570731707317074,0.35243902439024355,0.0012177100383211467,14.449999999999982,0.02285365853658537,0.17621951219512177,0.0006088550191605734,0.04992611157116701,1.56,0.03804878048780488,0.2975609756097558,0.0010553600399689574,12.199999999999989,0.01902439024390244,0.1487804878048779,0.0005276800199844787,0.04326976163872725,1.56,0.03804878048780488,0.2975609756097558,0.0010553600399689574,12.199999999999989,0.01902439024390244,0.1487804878048779,0.0005276800199844787,0.04326976163872725,0.646,5.149999999999995,0.323,2.5749999999999975,0.011653617756165113,0.007878048780487805,0.0628048780487804,0.0002842345794186613,0.023307235512330226,14.622,106.87499999999994,0.1783170731707317,1.3033536585365844,0.004105945154880076,0.3366875027001663,3.061,24.32499999999999,0.037329268292682925,0.2966463414634145,0.0009653072290633367,0.0791551927831936,3.061,24.32499999999999,0.037329268292682925,0.2966463414634145,0.0009653072290633367,0.0791551927831936,3.707,29.47499999999998,0.04520731707317073,0.35945121951219494,0.0011334110381141412,0.09293970512535958,0.332,0.008097560975609756,0.07073170731707307,0.0003634048108002821,2.899999999999997,0.332,2.899999999999997,0.014899597242811567,0.004048780487804878,0.035365853658536534,0.00018170240540014106,0.014899597242811567,7.233,0.17641463414634145,1.3408536585365844,0.004359148253970196,54.974999999999966,0.08820731707317073,0.6704268292682922,0.002179574126985098,0.17872507841277802,1.501,0.03660975609756097,0.2957317073170731,0.0010444701080276333,12.124999999999993,0.018304878048780487,0.14786585365853655,0.0005222350540138167,0.04282327442913297,1.501,0.03660975609756097,0.2957317073170731,0.0010444701080276333,12.124999999999993,0.018304878048780487,0.14786585365853655,0.0005222350540138167,0.04282327442913297,1.833,0.04470731707317073,0.3664634146341461,0.0011982350009510565,15.024999999999991,0.022353658536585365,0.18323170731707306,0.0005991175004755282,0.04912763503899332,0.314,0.0076585365853658535,0.05487804878048777,0.00035814614514848985,2.2499999999999982,0.314,2.2499999999999982,0.014683991951088084,0.0038292682926829268,0.027439024390243885,0.00017907307257424492,0.014683991951088084,7.389,0.18021951219512194,1.2658536585365852,0.004446048309771106,51.89999999999995,0.09010975609756097,0.6329268292682926,0.002223024154885553,0.18228798070061533,1.56,0.03804878048780488,0.2975609756097558,0.0010553600399689574,12.199999999999989,0.01902439024390244,0.1487804878048779,0.0005276800199844787,0.04326976163872725,1.56,0.03804878048780488,0.2975609756097558,0.0010553600399689574,12.199999999999989,0.01902439024390244,0.1487804878048779,0.0005276800199844787,0.04326976163872725,1.874,0.04570731707317074,0.35243902439024355,0.0012177100383211467,14.449999999999982,0.02285365853658537,0.17621951219512177,0.0006088550191605734,0.04992611157116701,1000
0.46,5.416,41.37500000000003,0.06604878048780488,0.5045731707317078,0.0022982048984530115,0.18845280167314696,2.74,0.06682926829268293,0.4134146341463414,0.0028772545737909844,16.950000000000003,0.033414634146341465,0.2067073170731707,0.0014386272868954922,0.11796743752543036,2.676,0.06526829268292683,0.5957317073170736,0.0027941627933485876,24.42500000000001,0.032634146341463416,0.2978658536585368,0.0013970813966742938,0.11456067452729209,0.744,5.200000000000003,0.372,2.6000000000000014,0.012278711934350718,0.009073170731707316,0.06341463414634149,0.00029948077888660286,0.024557423868701436,4.355,37.35000000000001,0.05310975609756098,0.4554878048780493,0.00124637609257059,0.10220283959078838,3.611,32.15000000000005,0.04403658536585366,0.3920731707317079,0.0010692393599186672,0.0876776275133307,3.611,32.15000000000005,0.04403658536585366,0.3920731707317079,0.0010692393599186672,0.0876776275133307,0.372,0.009073170731707316,0.05243902439024395,0.00037297926687903705,2.1500000000000004,0.372,2.1500000000000004,0.015292149942040518,0.004536585365853658,0.026219512195121975,0.00018648963343951853,0.015292149942040518,2.204,0.053756097560975616,0.4524390243902441,0.001318722388239498,18.55000000000001,0.026878048780487808,0.22621951219512204,0.000659361194119749,0.05406761791781942,1.832,0.0446829268292683,0.40000000000000013,0.0011625854917418311,16.400000000000006,0.02234146341463415,0.20000000000000007,0.0005812927458709156,0.04766600516141508,1.832,0.0446829268292683,0.40000000000000013,0.0011625854917418311,16.400000000000006,0.02234146341463415,0.20000000000000007,0.0005812927458709156,0.04766600516141508,0.372,0.009073170731707316,0.07439024390243912,0.00037297926687903705,3.0500000000000025,0.372,3.0500000000000025,0.015292149942040518,0.004536585365853658,0.03719512195121956,0.00018648963343951853,0.015292149942040518,2.151,0.05246341463414634,0.45853658536585407,0.00132812977964464,18.800000000000026,0.02623170731707317,0.22926829268292703,0.00066406488982232,0.05445332096543024,1.779,0.04339024390243902,0.3841463414634151,0.0011539440159847472,15.750000000000014,0.02169512195121951,0.19207317073170754,0.0005769720079923736,0.04731170465537463,1.779,0.04339024390243902,0.3841463414634151,0.0011539440159847472,15.750000000000014,0.02169512195121951,0.19207317073170754,0.0005769720079923736,0.04731170465537463,0.744,5.200000000000003,0.372,2.6000000000000014,0.012278711934350718,0.009073170731707316,0.06341463414634149,0.00029948077888660286,0.024557423868701436,16.957,126.8250000000001,0.20679268292682929,1.5466463414634166,0.004298558105204385,0.3524817646267596,3.611,32.15000000000005,0.04403658536585366,0.3920731707317079,0.0010692393599186672,0.0876776275133307,3.611,32.15000000000005,0.04403658536585366,0.3920731707317079,0.0010692393599186672,0.0876776275133307,4.355,37.35000000000001,0.05310975609756098,0.4554878048780493,0.00124637609257059,0.10220283959078838,0.372,0.009073170731707316,0.05243902439024395,0.00037297926687903705,2.1500000000000004,0.372,2.1500000000000004,0.015292149942040518,0.004536585365853658,0.026219512195121975,0.00018648963343951853,0.015292149942040518,8.579,0.2092439024390244,1.578048780487805,0.004597757923859134,64.70000000000002,0.1046219512195122,0.7890243902439025,0.002298878961929567,0.18850807487822452,1.832,0.0446829268292683,0.40000000000000013,0.0011625854917418311,16.400000000000006,0.02234146341463415,0.20000000000000007,0.0005812927458709156,0.04766600516141508,1.832,0.0446829268292683,0.40000000000000013,0.0011625854917418311,16.400000000000006,0.02234146341463415,0.20000000000000007,0.0005812927458709156,0.04766600516141508,2.204,0.053756097560975616,0.4524390243902441,0.001318722388239498,18.55000000000001,0.026878048780487808,0.22621951219512204,0.000659361194119749,0.05406761791781942,0.372,0.009073170731707316,0.07439024390243912,0.00037297926687903705,3.0500000000000025,0.372,3.0500000000000025,0.015292149942040518,0.004536585365853658,0.03719512195121956,0.00018648963343951853,0.015292149942040518,8.378,0.20434146341463416,1.5152439024390265,0.004670064766608439,62.12500000000006,0.10217073170731708,0.7576219512195133,0.0023350323833042194,0.191472655430946,1.779,0.04339024390243902,0.3841463414634151,0.0011539440159847472,15.750000000000014,0.02169512195121951,0.19207317073170754,0.0005769720079923736,0.04731170465537463,1.779,0.04339024390243902,0.3841463414634151,0.0011539440159847472,15.750000000000014,0.02169512195121951,0.19207317073170754,0.0005769720079923736,0.04731170465537463,2.151,0.05246341463414634,0.45853658536585407,0.00132812977964464,18.800000000000026,0.02623170731707317,0.22926829268292703,0.00066406488982232,0.05445332096543024,1000
0.48,6.25,48.75,0.07621951219512195,0.5945121951219514,0.0023249495733065864,0.1906458650111401,3.052,0.0744390243902439,0.6841463414634144,0.0028802431941367997,28.049999999999983,0.03721951219512195,0.3420731707317072,0.0014401215970683999,0.11808997095960878,3.198,0.078,0.5048780487804885,0.002907149590343153,20.700000000000017,0.039,0.25243902439024424,0.0014535747951715766,0.11919313320406928,0.854,6.25,0.427,3.125,0.012681949054929682,0.010414634146341464,0.07621951219512199,0.000309315830608041,0.025363898109859364,5.201,43.45,0.06342682926829268,0.5298780487804877,0.001347591866427187,0.11050253304702932,4.347,37.2,0.053012195121951225,0.45365853658536603,0.0011704650866880574,0.09597813710842071,4.347,37.2,0.053012195121951225,0.45365853658536603,0.0011704650866880574,0.09597813710842071,0.418,0.010195121951219513,0.08841463414634143,0.00038061248701321714,3.6249999999999982,0.418,3.6249999999999982,0.015605111967541902,0.005097560975609756,0.044207317073170715,0.00019030624350660857,0.015605111967541902,2.575,0.06280487804878049,0.5268292682926827,0.0014263173554890168,21.6,0.031402439024390244,0.26341463414634136,0.0007131586777445084,0.058479011575049686,2.157,0.052609756097560974,0.4384146341463415,0.0012553277299958802,17.975,0.026304878048780487,0.21920731707317076,0.0006276638649979401,0.051468436929831086,2.157,0.052609756097560974,0.4384146341463415,0.0012553277299958802,17.975,0.026304878048780487,0.21920731707317076,0.0006276638649979401,0.051468436929831086,0.436,0.010634146341463415,0.0640243902439025,0.0003826627566620494,2.6250000000000018,0.436,2.6250000000000018,0.015689173023144026,0.005317073170731708,0.03201219512195125,0.0001913313783310247,0.015689173023144026,2.626,0.06404878048780488,0.5329268292682932,0.0014026895707124594,21.850000000000023,0.03202439024390244,0.2664634146341466,0.0007013447853562297,0.05751027239921083,2.19,0.05341463414634146,0.46890243902439055,0.0012433041360011476,19.225000000000016,0.02670731707317073,0.23445121951219527,0.0006216520680005738,0.05097546957604705,2.19,0.05341463414634146,0.46890243902439055,0.0012433041360011476,19.225000000000016,0.02670731707317073,0.23445121951219527,0.0006216520680005738,0.05097546957604705,0.854,6.25,0.427,3.125,0.012681949054929682,0.010414634146341464,0.07621951219512199,0.000309315830608041,0.025363898109859364,19.695,140.25,0.24018292682926828,1.710365853658538,0.004387590973826273,0.3597824598537544,4.347,37.2,0.053012195121951225,0.45365853658536603,0.0011704650866880574,0.09597813710842071,4.347,37.2,0.053012195121951225,0.45365853658536603,0.0011704650866880574,0.09597813710842071,5.201,43.45,0.06342682926829268,0.5298780487804877,0.001347591866427187,0.11050253304702932,0.418,0.010195121951219513,0.08841463414634143,0.00038061248701321714,3.6249999999999982,0.418,3.6249999999999982,0.015605111967541902,0.005097560975609756,0.044207317073170715,0.00019030624350660857,0.015605111967541902,9.821,0.23953658536585365,1.6890243902439028,0.004719395561639386,69.25,0.11976829268292682,0.8445121951219514,0.002359697780819693,0.19349521802721484,2.157,0.052609756097560974,0.4384146341463415,0.0012553277299958802,17.975,0.026304878048780487,0.21920731707317076,0.0006276638649979401,0.051468436929831086,2.157,0.052609756097560974,0.4384146341463415,0.0012553277299958802,17.975,0.026304878048780487,0.21920731707317076,0.0006276638649979401,0.051468436929831086,2.575,0.06280487804878049,0.5268292682926827,0.0014263173554890168,21.6,0.031402439024390244,0.26341463414634136,0.0007131586777445084,0.058479011575049686,0.436,0.010634146341463415,0.0640243902439025,0.0003826627566620494,2.6250000000000018,0.436,2.6250000000000018,0.015689173023144026,0.005317073170731708,0.03201219512195125,0.0001913313783310247,0.015689173023144026,9.874,0.24082926829268295,1.7317073170731723,0.004661067161271397,71.00000000000003,0.12041463414634147,0.8658536585365861,0.0023305335806356985,0.19110375361212728,2.19,0.05341463414634146,0.46890243902439055,0.0012433041360011476,19.225000000000016,0.02670731707317073,0.23445121951219527,0.0006216520680005738,0.05097546957604705,2.19,0.05341463414634146,0.46890243902439055,0.0012433041360011476,19.225000000000016,0.02670731707317073,0.23445121951219527,0.0006216520680005738,0.05097546957604705,2.626,0.06404878048780488,0.5329268292682932,0.0014026895707124594,21.850000000000023,0.03202439024390244,0.2664634146341466,0.0007013447853562297,0.05751027239921083,1000
0.5,7.366,61.32499999999993,0.08982926829268292,0.7478658536585361,0.0023383748306724924,0.19174673611514437,3.862,0.09419512195121951,0.7414634146341459,0.003024816682793693,30.399999999999963,0.047097560975609756,0.37073170731707294,0.0015124083413968466,0.12401748399454142,3.504,0.08546341463414635,0.7542682926829256,0.0029810947969718064,30.92499999999997,0.042731707317073174,0.3771341463414628,0.0014905473984859032,0.12222488667584407,0.994,7.799999999999994,0.497,3.899999999999997,0.012191785744493694,0.012121951219512195,0.09512195121951206,0.0002973606279144803,0.02438357148898739,6.093,49.74999999999994,0.07430487804878048,0.6067073170731698,0.0014642664069812862,0.12006984537246547,5.099,41.949999999999974,0.06218292682926829,0.5115853658536582,0.0012932836527234702,0.10604925952332456,5.099,41.949999999999974,0.06218292682926829,0.5115853658536582,0.0012932836527234702,0.10604925952332456,0.517,0.012609756097560976,0.09512195121951206,0.0003856135056056896,3.899999999999997,0.517,3.899999999999997,0.015810153729833274,0.006304878048780488,0.04756097560975603,0.0001928067528028448,0.015810153729833274,3.068,0.07482926829268292,0.6109756097560968,0.0015374270535162345,25.049999999999983,0.03741463414634146,0.3054878048780484,0.0007687135267581172,0.06303450919416562,2.551,0.06221951219512196,0.5158536585365852,0.0013563457159093803,21.149999999999977,0.03110975609756098,0.2579268292682926,0.0006781728579546901,0.05561017435228459,2.551,0.06221951219512196,0.5158536585365852,0.0013563457159093803,21.149999999999977,0.03110975609756098,0.2579268292682926,0.0006781728579546901,0.05561017435228459,0.477,0.011634146341463415,0.09512195121951206,0.00038542815235917286,3.899999999999995,0.477,3.899999999999995,0.015802554246726087,0.005817073170731707,0.04756097560975603,0.00019271407617958643,0.015802554246726087,3.025,0.07378048780487804,0.6024390243902433,0.0015302446238270283,24.69999999999999,0.03689024390243902,0.30121951219512166,0.0007651223119135141,0.06274002957690816,2.548,0.062146341463414634,0.5073170731707313,0.0013807766871965048,20.799999999999976,0.031073170731707317,0.25365853658536563,0.0006903883435982524,0.0566118441750567,2.548,0.062146341463414634,0.5073170731707313,0.0013807766871965048,20.799999999999976,0.031073170731707317,0.25365853658536563,0.0006903883435982524,0.0566118441750567,0.994,7.799999999999994,0.497,3.899999999999997,0.012191785744493694,0.012121951219512195,0.09512195121951206,0.0002973606279144803,0.02438357148898739,22.567,160.09999999999985,0.27520731707317075,1.9524390243902419,0.0045761505628337746,0.3752443461523695,5.099,41.949999999999974,0.06218292682926829,0.5115853658536582,0.0012932836527234702,0.10604925952332456,5.099,41.949999999999974,0.06218292682926829,0.5115853658536582,0.0012932836527234702,0.10604925952332456,6.093,49.74999999999994,0.07430487804878048,0.6067073170731698,0.0014642664069812862,0.12006984537246547,0.517,0.012609756097560976,0.09512195121951206,0.0003856135056056896,3.899999999999997,0.517,3.899999999999997,0.015810153729833274,0.006304878048780488,0.04756097560975603,0.0001928067528028448,0.015810153729833274,11.349,0.2768048780487805,1.8908536585365843,0.004891044421578717,77.52499999999995,0.13840243902439026,0.9454268292682921,0.0024455222107893585,0.20053282128472738,2.551,0.06221951219512196,0.5158536585365852,0.0013563457159093803,21.149999999999977,0.03110975609756098,0.2579268292682926,0.0006781728579546901,0.05561017435228459,2.551,0.06221951219512196,0.5158536585365852,0.0013563457159093803,21.149999999999977,0.03110975609756098,0.2579268292682926,0.0006781728579546901,0.05561017435228459,3.068,0.07482926829268292,0.6109756097560968,0.0015374270535162345,25.049999999999983,0.03741463414634146,0.3054878048780484,0.0007687135267581172,0.06303450919416562,0.477,0.011634146341463415,0.09512195121951206,0.00038542815235917286,3.899999999999995,0.477,3.899999999999995,0.015802554246726087,0.005817073170731707,0.04756097560975603,0.00019271407617958643,0.015802554246726087,11.218,0.273609756097561,2.0140243902439003,0.004877467432826045,82.57499999999993,0.1368048780487805,1.0070121951219502,0.0024387337164130224,0.19997616474586785,2.548,0.062146341463414634,0.5073170731707313,0.0013807766871965048,20.799999999999976,0.031073170731707317,0.25365853658536563,0.0006903883435982524,0.0566118441750567,2.548,0.062146341463414634,0.5073170731707313,0.0013807766871965048,20.799999999999976,0.031073170731707317,0.25365853658536563,0.0006903883435982524,0.0566118441750567,3.025,0.07378048780487804,0.6024390243902433,0.0015302446238270283,24.69999999999999,0.03689024390243902,0.30121951219512166,0.0007651223119135141,0.06274002957690816,1000
0.52,8.703,47.19999999999996,0.10613414634146341,0.5756097560975602,0.0023931447150250637,0.19623786663205522,4.268,0.10409756097560975,0.5817073170731701,0.0029855052533171453,23.849999999999966,0.052048780487804876,0.29085365853658507,0.0014927526266585727,0.12240571538600296,4.435,0.10817073170731706,0.5695121951219506,0.0030191829776492723,23.34999999999998,0.05408536585365853,0.2847560975609753,0.0015095914888246362,0.12378650208362017,1.166,6.049999999999994,0.583,3.024999999999997,0.012339500122098272,0.01421951219512195,0.07378048780487795,0.000300963417612153,0.024679000244196544,7.191,47.14999999999995,0.0876951219512195,0.575,0.0015633058042080399,0.12819107594505927,6.025,41.09999999999998,0.07347560975609757,0.5012195121951217,0.0013876378185232426,0.11378630111890589,6.025,41.09999999999998,0.07347560975609757,0.5012195121951217,0.0013876378185232426,0.11378630111890589,0.574,0.013999999999999999,0.0713414634146341,0.00038158750458814055,2.924999999999997,0.574,2.924999999999997,0.015645087688113762,0.006999999999999999,0.03567073170731705,0.00019079375229407027,0.015645087688113762,3.577,0.08724390243902438,0.5506097560975605,0.0016431513101973344,22.57499999999999,0.04362195121951219,0.27530487804878023,0.0008215756550986672,0.06736920371809071,3.003,0.0732439024390244,0.47926829268292614,0.0014752871345864484,19.64999999999999,0.0366219512195122,0.23963414634146307,0.0007376435672932242,0.060486772518044386,3.003,0.0732439024390244,0.47926829268292614,0.0014752871345864484,19.64999999999999,0.0366219512195122,0.23963414634146307,0.0007376435672932242,0.060486772518044386,0.592,0.014439024390243901,0.07621951219512185,0.00037924890372977564,3.1249999999999964,0.592,3.1249999999999964,0.015549205052920801,0.007219512195121951,0.038109756097560926,0.00018962445186488782,0.015549205052920801,3.614,0.08814634146341463,0.5993902439024388,0.001604450111848501,24.57499999999999,0.044073170731707315,0.2996951219512194,0.0008022250559242505,0.06578245458578855,3.022,0.07370731707317073,0.5231707317073169,0.0014526152466385735,21.44999999999999,0.036853658536585364,0.26158536585365844,0.0007263076233192867,0.05955722511218151,3.022,0.07370731707317073,0.5231707317073169,0.0014526152466385735,21.44999999999999,0.036853658536585364,0.26158536585365844,0.0007263076233192867,0.05955722511218151,1.166,6.049999999999994,0.583,3.024999999999997,0.012339500122098272,0.01421951219512195,0.07378048780487795,0.000300963417612153,0.024679000244196544,26.099,140.8499999999999,0.31828048780487805,1.7176829268292666,0.004619983455849135,0.378838643379629,6.025,41.09999999999998,0.07347560975609757,0.5012195121951217,0.0013876378185232426,0.11378630111890589,6.025,41.09999999999998,0.07347560975609757,0.5012195121951217,0.0013876378185232426,0.11378630111890589,7.191,47.14999999999995,0.0876951219512195,0.575,0.0015633058042080399,0.12819107594505927,0.574,0.013999999999999999,0.0713414634146341,0.00038158750458814055,2.924999999999997,0.574,2.924999999999997,0.015645087688113762,0.006999999999999999,0.03567073170731705,0.00019079375229407027,0.015645087688113762,12.922,0.3151707317073171,1.6707317073170724,0.004971031816466128,68.49999999999994,0.15758536585365854,0.8353658536585362,0.002485515908233064,0.20381230447511126,3.003,0.0732439024390244,0.47926829268292614,0.0014752871345864484,19.64999999999999,0.0366219512195122,0.23963414634146307,0.0007376435672932242,0.060486772518044386,3.003,0.0732439024390244,0.47926829268292614,0.0014752871345864484,19.64999999999999,0.0366219512195122,0.23963414634146307,0.0007376435672932242,0.060486772518044386,3.577,0.08724390243902438,0.5506097560975605,0.0016431513101973344,22.57499999999999,0.04362195121951219,0.27530487804878023,0.0008215756550986672,0.06736920371809071,0.592,0.014439024390243901,0.07621951219512185,0.00037924890372977564,3.1249999999999964,0.592,3.1249999999999964,0.015549205052920801,0.007219512195121951,0.038109756097560926,0.00018962445186488782,0.015549205052920801,13.177,0.32139024390243903,1.7646341463414625,0.004778624391494829,72.34999999999997,0.16069512195121952,0.8823170731707313,0.0023893121957474146,0.195923600051288,3.022,0.07370731707317073,0.5231707317073169,0.0014526152466385735,21.44999999999999,0.036853658536585364,0.26158536585365844,0.0007263076233192867,0.05955722511218151,3.022,0.07370731707317073,0.5231707317073169,0.0014526152466385735,21.44999999999999,0.036853658536585364,0.26158536585365844,0.0007263076233192867,0.05955722511218151,3.614,0.08814634146341463,0.5993902439024388,0.001604450111848501,24.57499999999999,0.044073170731707315,0.2996951219512194,0.0008022250559242505,0.06578245458578855,1000
0.54,9.254,41.07500000000002,0.11285365853658536,0.5009146341463411,0.0023490916323997573,0.19262551385678012,4.816,0.11746341463414633,0.584146341463414,0.0029866985646305475,23.94999999999999,0.05873170731707317,0.292073170731707,0.0014933492823152737,0.12245464114985245,4.438,0.10824390243902439,0.41768292682926855,0.0029536193448509414,17.125,0.054121951219512195,0.20884146341463428,0.0014768096724254707,0.1210983931388886,1.236,5.674999999999994,0.618,2.837499999999997,0.012133557731482683,0.015073170731707317,0.06920731707317074,0.0002959404324751874,0.024267115462965366,7.979,48.39999999999998,0.09730487804878049,0.5902439024390245,0.001649132496242036,0.13522886469184695,6.743,42.72499999999994,0.08223170731707317,0.5210365853658532,0.0014764464775809873,0.12106861116164096,6.743,42.72499999999994,0.08223170731707317,0.5210365853658532,0.0014764464775809873,0.12106861116164096,0.634,0.015463414634146341,0.08048780487804874,0.00037172226161964875,3.299999999999997,0.634,3.299999999999997,0.0152406127264056,0.007731707317073171,0.04024390243902437,0.00018586113080982437,0.0152406127264056,3.971,0.09685365853658537,0.6079268292682927,0.0016949004922872301,24.92499999999997,0.048426829268292684,0.30396341463414633,0.0008474502461436151,0.06949092018377644,3.337,0.08139024390243903,0.5274390243902434,0.0015347240740848126,21.624999999999986,0.040695121951219514,0.2637195121951217,0.0007673620370424063,0.06292368703747732,3.337,0.08139024390243903,0.5274390243902434,0.0015347240740848126,21.624999999999986,0.040695121951219514,0.2637195121951217,0.0007673620370424063,0.06292368703747732,0.602,0.014682926829268292,0.05792682926829268,0.0003777227829965613,2.375,0.602,2.375,0.015486634102859014,0.007341463414634146,0.02896341463414634,0.00018886139149828065,0.015486634102859014,4.008,0.09775609756097561,0.5725609756097554,0.0017099023720266878,23.47499999999998,0.04887804878048781,0.2862804878048777,0.0008549511860133439,0.0701059972530942,3.406,0.08307317073170732,0.514634146341463,0.001538934546707964,21.099999999999994,0.04153658536585366,0.2573170731707315,0.000769467273353982,0.06309631641502653,3.406,0.08307317073170732,0.514634146341463,0.001538934546707964,21.099999999999994,0.04153658536585366,0.2573170731707315,0.000769467273353982,0.06309631641502653,1.236,5.674999999999994,0.618,2.837499999999997,0.012133557731482683,0.015073170731707317,0.06920731707317074,0.0002959404324751874,0.024267115462965366,28.201,130.4749999999999,0.3439146341463415,1.5911585365853647,0.004724735555641875,0.38742831556263374,6.743,42.72499999999994,0.08223170731707317,0.5210365853658532,0.0014764464775809873,0.12106861116164096,6.743,42.72499999999994,0.08223170731707317,0.5210365853658532,0.0014764464775809873,0.12106861116164096,7.979,48.39999999999998,0.09730487804878049,0.5902439024390245,0.001649132496242036,0.13522886469184695,0.634,0.015463414634146341,0.08048780487804874,0.00037172226161964875,3.299999999999997,0.634,3.299999999999997,0.0152406127264056,0.007731707317073171,0.04024390243902437,0.00018586113080982437,0.0152406127264056,14.089,0.34363414634146344,1.669512195121949,0.004948770705687434,68.44999999999993,0.17181707317073172,0.8347560975609745,0.002474385352843717,0.2028995989331848,3.337,0.08139024390243903,0.5274390243902434,0.0015347240740848126,21.624999999999986,0.040695121951219514,0.2637195121951217,0.0007673620370424063,0.06292368703747732,3.337,0.08139024390243903,0.5274390243902434,0.0015347240740848126,21.624999999999986,0.040695121951219514,0.2637195121951217,0.0007673620370424063,0.06292368703747732,3.971,0.09685365853658537,0.6079268292682927,0.0016949004922872301,24.92499999999997,0.048426829268292684,0.30396341463414633,0.0008474502461436151,0.06949092018377644,0.602,0.014682926829268292,0.05792682926829268,0.0003777227829965613,2.375,0.602,2.375,0.015486634102859014,0.007341463414634146,0.02896341463414634,0.00018886139149828065,0.015486634102859014,14.112,0.34419512195121954,1.5128048780487795,0.00496225184730711,62.02499999999992,0.17209756097560977,0.7564024390243897,0.002481125923653555,0.20345232573959152,3.406,0.08307317073170732,0.514634146341463,0.001538934546707964,21.099999999999994,0.04153658536585366,0.2573170731707315,0.000769467273353982,0.06309631641502653,3.406,0.08307317073170732,0.514634146341463,0.001538934546707964,21.099999999999994,0.04153658536585366,0.2573170731707315,0.000769467273353982,0.06309631641502653,4.008,0.09775609756097561,0.5725609756097554,0.0017099023720266878,23.47499999999998,0.04887804878048781,0.2862804878048777,0.0008549511860133439,0.0701059972530942,1000
0.56,10.346,51.000000000000114,0.12617073170731707,0.621951219512197,0.0022330001523778063,0.18310601249498012,5.226,0.12746341463414634,0.46036585365853755,0.0028153831112666325,18.87500000000003,0.06373170731707317,0.23018292682926877,0.0014076915556333162,0.11543070756193193,5.12,0.1248780487804878,0.7835365853658547,0.002886470275571575,32.12500000000007,0.0624390243902439,0.39176829268292734,0.0014432351377857875,0.11834528129843458,1.393,6.850000000000012,0.6965,3.425000000000006,0.01139155465761884,0.01698780487804878,0.08353658536585379,0.0002778427965272888,0.02278310931523768,9.127,57.57500000000016,0.11130487804878049,0.7021341463414648,0.0017136909601683623,0.1405226587338057,7.734,50.72500000000011,0.09431707317073171,0.6185975609756111,0.001562006597868936,0.12808454102525274,7.734,50.72500000000011,0.09431707317073171,0.6185975609756111,0.001562006597868936,0.12808454102525274,0.706,0.01721951219512195,0.07134146341463421,0.0003515680619514211,2.9250000000000043,0.706,2.9250000000000043,0.014414290540008265,0.008609756097560975,0.035670731707317105,0.00017578403097571056,0.014414290540008265,4.574,0.1115609756097561,0.706097560975611,0.001749933570876809,28.95000000000006,0.05578048780487805,0.3530487804878055,0.0008749667854384046,0.07174727640594918,3.868,0.09434146341463415,0.634756097560977,0.0016021421729888073,26.02500000000005,0.04717073170731707,0.3173780487804885,0.0008010710864944036,0.0656878290925411,3.868,0.09434146341463415,0.634756097560977,0.0016021421729888073,26.02500000000005,0.04717073170731707,0.3173780487804885,0.0008010710864944036,0.0656878290925411,0.687,0.01675609756097561,0.09573170731707337,0.00035783592251165304,3.9250000000000096,0.687,3.9250000000000096,0.014671272822977775,0.008378048780487805,0.04786585365853668,0.00017891796125582652,0.014671272822977775,4.553,0.11104878048780488,0.6981707317073189,0.0017780647571140598,28.625000000000057,0.05552439024390244,0.34908536585365946,0.0008890323785570299,0.07290065504167645,3.866,0.09429268292682927,0.6024390243902453,0.001635882321920936,24.70000000000006,0.047146341463414634,0.30121951219512266,0.000817941160960468,0.06707117519875838,3.866,0.09429268292682927,0.6024390243902453,0.001635882321920936,24.70000000000006,0.047146341463414634,0.30121951219512266,0.000817941160960468,0.06707117519875838,1.393,6.850000000000012,0.6965,3.425000000000006,0.01139155465761884,0.01698780487804878,0.08353658536585379,0.0002778427965272888,0.02278310931523768,31.318,157.50000000000045,0.3819268292682927,1.920731707317076,0.004582869359608288,0.37579528748787966,7.734,50.72500000000011,0.09431707317073171,0.6185975609756111,0.001562006597868936,0.12808454102525274,7.734,50.72500000000011,0.09431707317073171,0.6185975609756111,0.001562006597868936,0.12808454102525274,9.127,57.57500000000016,0.11130487804878049,0.7021341463414648,0.0017136909601683623,0.1405226587338057,0.706,0.01721951219512195,0.07134146341463421,0.0003515680619514211,2.9250000000000043,0.706,2.9250000000000043,0.014414290540008265,0.008609756097560975,0.035670731707317105,0.00017578403097571056,0.014414290540008265,15.66,0.38195121951219513,1.8743902439024414,0.004769689312190688,76.8500000000002,0.19097560975609756,0.9371951219512207,0.002384844656095344,0.19555726179981822,3.868,0.09434146341463415,0.634756097560977,0.0016021421729888073,26.02500000000005,0.04717073170731707,0.3173780487804885,0.0008010710864944036,0.0656878290925411,3.868,0.09434146341463415,0.634756097560977,0.0016021421729888073,26.02500000000005,0.04717073170731707,0.3173780487804885,0.0008010710864944036,0.0656878290925411,4.574,0.1115609756097561,0.706097560975611,0.001749933570876809,28.95000000000006,0.05578048780487805,0.3530487804878055,0.0008749667854384046,0.07174727640594918,0.687,0.01675609756097561,0.09573170731707337,0.00035783592251165304,3.9250000000000096,0.687,3.9250000000000096,0.014671272822977775,0.008378048780487805,0.04786585365853668,0.00017891796125582652,0.014671272822977775,15.658,0.38190243902439025,1.9670731707317124,0.0048754256967535195,80.65000000000026,0.19095121951219513,0.9835365853658562,0.0024377128483767598,0.1998924535668943,3.866,0.09429268292682927,0.6024390243902453,0.001635882321920936,24.70000000000006,0.047146341463414634,0.30121951219512266,0.000817941160960468,0.06707117519875838,3.866,0.09429268292682927,0.6024390243902453,0.001635882321920936,24.70000000000006,0.047146341463414634,0.30121951219512266,0.000817941160960468,0.06707117519875838,4.553,0.11104878048780488,0.6981707317073189,0.0017780647571140598,28.625000000000057,0.05552439024390244,0.34908536585365946,0.0008890323785570299,0.07290065504167645,1000
0.58,11.294,33.10000000000008,0.13773170731707318,0.4036585365853669,0.0021722827184776443,0.17812718291516683,5.571,0.1358780487804878,0.3018292682926842,0.0027392722530350674,12.375000000000028,0.0679390243902439,0.1509146341463421,0.0013696361265175337,0.11231016237443776,5.723,0.13958536585365852,0.50548780487805,0.002773117982015227,20.72500000000008,0.06979268292682926,0.252743902439025,0.0013865589910076134,0.1136978372626243,1.51,4.675000000000011,0.755,2.3375000000000057,0.01082090994750867,0.018414634146341462,0.057012195121951326,0.0002639246328660651,0.02164181989501734,10.282,56.42500000000004,0.12539024390243902,0.6881097560975622,0.0018142722154391678,0.14877032166601176,8.772,51.750000000000114,0.10697560975609756,0.6310975609756109,0.0016727702905059475,0.1371671638214877,8.772,51.750000000000114,0.10697560975609756,0.6310975609756109,0.0016727702905059475,0.1371671638214877,0.751,0.018317073170731706,0.04451219512195137,0.0003336975677732262,1.8250000000000064,0.751,1.8250000000000064,0.013681600278702275,0.009158536585365853,0.022256097560975685,0.0001668487838866131,0.013681600278702275,5.129,0.12509756097560976,0.6762195121951224,0.0018766671001238491,27.725000000000037,0.06254878048780488,0.3381097560975612,0.0009383335500619246,0.07694335110507781,4.378,0.10678048780487805,0.6317073170731717,0.0017346546841931745,25.900000000000034,0.05339024390243902,0.31585365853658587,0.0008673273420965873,0.07112084205192015,4.378,0.10678048780487805,0.6317073170731717,0.0017346546841931745,25.900000000000034,0.05339024390243902,0.31585365853658587,0.0008673273420965873,0.07112084205192015,0.759,0.01851219512195122,0.06951219512195139,0.00033003713498818414,2.850000000000005,0.759,2.850000000000005,0.01353152253451555,0.00925609756097561,0.034756097560975696,0.00016501856749409207,0.01353152253451555,5.153,0.1256829268292683,0.7000000000000011,0.001841955078007,28.700000000000045,0.06284146341463415,0.35000000000000053,0.0009209775390035,0.075520158198287,4.394,0.10717073170731707,0.63048780487805,0.0017124823770038903,25.85000000000005,0.053585365853658536,0.315243902439025,0.0008562411885019452,0.07021177745715951,4.394,0.10717073170731707,0.63048780487805,0.0017124823770038903,25.85000000000005,0.053585365853658536,0.315243902439025,0.0008562411885019452,0.07021177745715951,1.51,4.675000000000011,0.755,2.3375000000000057,0.01082090994750867,0.018414634146341462,0.057012195121951326,0.0002639246328660651,0.02164181989501734,34.501,145.2500000000001,0.4207439024390244,1.7713414634146378,0.00460469733990661,0.377585181872342,8.772,51.750000000000114,0.10697560975609756,0.6310975609756109,0.0016727702905059475,0.1371671638214877,8.772,51.750000000000114,0.10697560975609756,0.6310975609756109,0.0016727702905059475,0.1371671638214877,10.282,56.42500000000004,0.12539024390243902,0.6881097560975622,0.0018142722154391678,0.14877032166601176,0.751,0.018317073170731706,0.04451219512195137,0.0003336975677732262,1.8250000000000064,0.751,1.8250000000000064,0.013681600278702275,0.009158536585365853,0.022256097560975685,0.0001668487838866131,0.013681600278702275,17.163,0.41860975609756096,1.7359756097560979,0.0049156508087250745,71.17500000000013,0.20930487804878048,0.8679878048780489,0.0024578254043625372,0.20154168315772805,4.378,0.10678048780487805,0.6317073170731717,0.0017346546841931745,25.900000000000034,0.05339024390243902,0.31585365853658587,0.0008673273420965873,0.07112084205192015,4.378,0.10678048780487805,0.6317073170731717,0.0017346546841931745,25.900000000000034,0.05339024390243902,0.31585365853658587,0.0008673273420965873,0.07112084205192015,5.129,0.12509756097560976,0.6762195121951224,0.0018766671001238491,27.725000000000037,0.06254878048780488,0.3381097560975612,0.0009383335500619246,0.07694335110507781,0.759,0.01851219512195122,0.06951219512195139,0.00033003713498818414,2.850000000000005,0.759,2.850000000000005,0.01353152253451555,0.00925609756097561,0.034756097560975696,0.00016501856749409207,0.01353152253451555,17.338,0.42287804878048785,1.8067073170731724,0.004709846726152132,74.07500000000016,0.21143902439024392,0.9033536585365862,0.002354923363076066,0.1931037157722374,4.394,0.10717073170731707,0.63048780487805,0.0017124823770038903,25.85000000000005,0.053585365853658536,0.315243902439025,0.0008562411885019452,0.07021177745715951,4.394,0.10717073170731707,0.63048780487805,0.0017124823770038903,25.85000000000005,0.053585365853658536,0.315243902439025,0.0008562411885019452,0.07021177745715951,5.153,0.1256829268292683,0.7000000000000011,0.001841955078007,28.700000000000045,0.06284146341463415,0.35000000000000053,0.0009209775390035,0.075520158198287,1000
0.6,11.67,29.074999999999932,0.1423170731707317,0.3545731707317068,0.001993737511931404,0.16348647597837512,5.721,0.13953658536585367,0.35304878048780575,0.0026046866152781944,14.475000000000023,0.06976829268292684,0.17652439024390287,0.0013023433076390972,0.10679215122640598,5.949,0.14509756097560975,0.3560975609756101,0.002575169325164815,14.599999999999994,0.07254878048780487,0.17804878048780504,0.0012875846625824076,0.10558194233175743,1.58,3.874999999999993,0.79,1.9374999999999964,0.01009960405174391,0.01926829268292683,0.04725609756097565,0.00024633180614009535,0.02019920810348782,11.384,54.39999999999998,0.13882926829268294,0.6634146341463407,0.001869159992440529,0.1532711193801234,9.804,50.52499999999995,0.1195609756097561,0.6161585365853646,0.0017442026025166412,0.14302461340636458,9.804,50.52499999999995,0.1195609756097561,0.6161585365853646,0.0017442026025166412,0.14302461340636458,0.779,0.019,0.04329268292682925,0.00032018299657795554,1.7749999999999986,0.779,1.7749999999999986,0.013127502859696178,0.0095,0.021646341463414626,0.00016009149828897777,0.013127502859696178,5.683,0.13860975609756096,0.662195121951219,0.0019072212604007704,27.149999999999977,0.06930487804878048,0.3310975609756095,0.0009536106302003852,0.07819607167643158,4.904,0.11960975609756097,0.61890243902439,0.0017903456095539544,25.37499999999997,0.059804878048780485,0.309451219512195,0.0008951728047769772,0.07340416999171213,4.904,0.11960975609756097,0.61890243902439,0.0017903456095539544,25.37499999999997,0.059804878048780485,0.309451219512195,0.0008951728047769772,0.07340416999171213,0.801,0.01953658536585366,0.05121951219512194,0.00030808900202680754,2.099999999999998,0.801,2.099999999999998,0.01263164908309911,0.00976829268292683,0.02560975609756097,0.00015404450101340377,0.01263164908309911,5.701,0.13904878048780486,0.6646341463414629,0.001906141910241471,27.25,0.06952439024390243,0.33231707317073145,0.0009530709551207355,0.07815181831990031,4.9,0.11951219512195123,0.6134146341463409,0.001789217054713176,25.149999999999977,0.059756097560975614,0.30670731707317045,0.000894608527356588,0.07335789924324021,4.9,0.11951219512195123,0.6134146341463409,0.001789217054713176,25.149999999999977,0.059756097560975614,0.30670731707317045,0.000894608527356588,0.07335789924324021,1.58,3.874999999999993,0.79,1.9374999999999964,0.01009960405174391,0.01926829268292683,0.04725609756097565,0.00024633180614009535,0.02019920810348782,37.128,128.5250000000001,0.45278048780487806,1.5673780487804887,0.0044671748421640815,0.3663083370574547,9.804,50.52499999999995,0.1195609756097561,0.6161585365853646,0.0017442026025166412,0.14302461340636458,9.804,50.52499999999995,0.1195609756097561,0.6161585365853646,0.0017442026025166412,0.14302461340636458,11.384,54.39999999999998,0.13882926829268294,0.6634146341463407,0.001869159992440529,0.1532711193801234,0.779,0.019,0.04329268292682925,0.00032018299657795554,1.7749999999999986,0.779,1.7749999999999986,0.013127502859696178,0.0095,0.021646341463414626,0.00016009149828897777,0.013127502859696178,18.507,0.45139024390243904,1.6481707317073155,0.004662972061705494,67.57499999999993,0.22569512195121952,0.8240853658536578,0.002331486030852747,0.19118185452992525,4.904,0.11960975609756097,0.61890243902439,0.0017903456095539544,25.37499999999997,0.059804878048780485,0.309451219512195,0.0008951728047769772,0.07340416999171213,4.904,0.11960975609756097,0.61890243902439,0.0017903456095539544,25.37499999999997,0.059804878048780485,0.309451219512195,0.0008951728047769772,0.07340416999171213,5.683,0.13860975609756096,0.662195121951219,0.0019072212604007704,27.149999999999977,0.06930487804878048,0.3310975609756095,0.0009536106302003852,0.07819607167643158,0.801,0.01953658536585366,0.05121951219512194,0.00030808900202680754,2.099999999999998,0.801,2.099999999999998,0.01263164908309911,0.00976829268292683,0.02560975609756097,0.00015404450101340377,0.01263164908309911,18.621,0.45417073170731703,1.4865853658536565,0.00465398633405835,60.94999999999993,0.22708536585365852,0.7432926829268283,0.002326993167029175,0.19081343969639236,4.9,0.11951219512195123,0.6134146341463409,0.001789217054713176,25.149999999999977,0.059756097560975614,0.30670731707317045,0.000894608527356588,0.07335789924324021,4.9,0.11951219512195123,0.6134146341463409,0.001789217054713176,25.149999999999977,0.059756097560975614,0.30670731707317045,0.000894608527356588,0.07335789924324021,5.701,0.13904878048780486,0.6646341463414629,0.001906141910241471,27.25,0.06952439024390243,0.33231707317073145,0.0009530709551207355,0.07815181831990031,1000
0.62,12.457,32.14999999999992,0.15191463414634146,0.39207317073170733,0.0019466268599453243,0.1596234025155166,6.15,0.15000000000000002,0.45121951219512146,0.002562315159136199,18.49999999999997,0.07500000000000001,0.22560975609756073,0.0012811575795680995,0.10505492152458415,6.307,0.15382926829268292,0.33292682926829276,0.0024612323023485,13.649999999999977,0.07691463414634146,0.16646341463414638,0.00123061615117425,0.10091052439628849,1.665,4.574999999999989,0.8325,2.2874999999999943,0.009234664532565816,0.02030487804878049,0.05579268292682921,0.00022523572030648333,0.018469329065131632,12.458,63.62499999999994,0.15192682926829268,0.775914634146341,0.0019157956285522654,0.15709524154128576,10.793,59.049999999999955,0.13162195121951217,0.7201219512195114,0.0018103981665079203,0.14845264965364946,10.793,59.049999999999955,0.13162195121951217,0.7201219512195114,0.0018103981665079203,0.14845264965364946,0.822,0.02004878048780488,0.06707317073170732,0.000295174821370331,2.7499999999999964,0.822,2.7499999999999964,0.012102167676183571,0.01002439024390244,0.03353658536585366,0.0001475874106851655,0.012102167676183571,6.215,0.15158536585365853,0.7798780487804868,0.0019455922113913932,31.974999999999966,0.07579268292682927,0.3899390243902434,0.0009727961056956966,0.07976928066704712,5.393,0.13153658536585366,0.7128048780487806,0.0018404932422920793,29.22499999999998,0.06576829268292683,0.3564024390243903,0.0009202466211460397,0.07546022293397525,5.393,0.13153658536585366,0.7128048780487806,0.0018404932422920793,29.22499999999998,0.06576829268292683,0.3564024390243903,0.0009202466211460397,0.07546022293397525,0.843,0.0205609756097561,0.044512195121951204,0.00028073529217634784,1.8249999999999957,0.843,1.8249999999999957,0.011510146979230262,0.01028048780487805,0.022256097560975602,0.00014036764608817392,0.011510146979230262,6.243,0.15226829268292683,0.7719512195121947,0.0019509678723939141,31.649999999999977,0.07613414634146341,0.38597560975609735,0.0009754839361969571,0.07998968276815048,5.4,0.13170731707317074,0.7274390243902427,0.0018545860615553852,29.824999999999974,0.06585365853658537,0.36371951219512133,0.0009272930307776926,0.0760380285237708,5.4,0.13170731707317074,0.7274390243902427,0.0018545860615553852,29.824999999999974,0.06585365853658537,0.36371951219512133,0.0009272930307776926,0.0760380285237708,1.665,4.574999999999989,0.8325,2.2874999999999943,0.009234664532565816,0.02030487804878049,0.05579268292682921,0.00022523572030648333,0.018469329065131632,39.642,142.17499999999984,0.48343902439024394,1.7338414634146329,0.004314195419948293,0.35376402443576,10.793,59.049999999999955,0.13162195121951217,0.7201219512195114,0.0018103981665079203,0.14845264965364946,10.793,59.049999999999955,0.13162195121951217,0.7201219512195114,0.0018103981665079203,0.14845264965364946,12.458,63.62499999999994,0.15192682926829268,0.775914634146341,0.0019157956285522654,0.15709524154128576,0.822,0.02004878048780488,0.06707317073170732,0.000295174821370331,2.7499999999999964,0.822,2.7499999999999964,0.012102167676183571,0.01002439024390244,0.03353658536585366,0.0001475874106851655,0.012102167676183571,19.866,0.48453658536585364,1.7884146341463385,0.004496812013457533,73.32499999999993,0.24226829268292682,0.8942073170731692,0.0022484060067287665,0.18436929255175885,5.393,0.13153658536585366,0.7128048780487806,0.0018404932422920793,29.22499999999998,0.06576829268292683,0.3564024390243903,0.0009202466211460397,0.07546022293397525,5.393,0.13153658536585366,0.7128048780487806,0.0018404932422920793,29.22499999999998,0.06576829268292683,0.3564024390243903,0.0009202466211460397,0.07546022293397525,6.215,0.15158536585365853,0.7798780487804868,0.0019455922113913932,31.974999999999966,0.07579268292682927,0.3899390243902434,0.0009727961056956966,0.07976928066704712,0.843,0.0205609756097561,0.044512195121951204,0.00028073529217634784,1.8249999999999957,0.843,1.8249999999999957,0.011510146979230262,0.01028048780487805,0.022256097560975602,0.00014036764608817392,0.011510146979230262,19.776,0.48234146341463413,1.6792682926829272,0.004472232090619284,68.84999999999997,0.24117073170731707,0.8396341463414636,0.002236116045309642,0.18336151571539064,5.4,0.13170731707317074,0.7274390243902427,0.0018545860615553852,29.824999999999974,0.06585365853658537,0.36371951219512133,0.0009272930307776926,0.0760380285237708,5.4,0.13170731707317074,0.7274390243902427,0.0018545860615553852,29.824999999999974,0.06585365853658537,0.36371951219512133,0.0009272930307776926,0.0760380285237708,6.243,0.15226829268292683,0.7719512195121947,0.0019509678723939141,31.649999999999977,0.07613414634146341,0.38597560975609735,0.0009754839361969571,0.07998968276815048,1000
0.64,12.956,21.224999999999966,0.158,0.25884146341463365,0.0016717041346154798,0.13707973903846934,6.461,0.15758536585365854,0.32865853658536537,0.0021873196734065506,13.474999999999966,0.07879268292682927,0.16432926829268268,0.0010936598367032753,0.08968010660966858,6.495,0.15841463414634147,0.18902439024390238,0.002302894990233805,7.75,0.07920731707317073,0.09451219512195119,0.0011514474951169024,0.094418694599586,1.763,3.749999999999993,0.8815,1.8749999999999964,0.007633217933218991,0.0215,0.0457317073170731,0.0001861760471516827,0.015266435866437982,13.929,74.2999999999999,0.1698658536585366,0.9060975609756095,0.0019629930189976937,0.1609654275578109,12.166,70.54999999999995,0.14836585365853658,0.860365853658537,0.001883753779623634,0.154467809929138,12.166,70.54999999999995,0.14836585365853658,0.860365853658537,0.001883753779623634,0.154467809929138,0.889,0.021682926829268295,0.05975609756097566,0.0002424073417215541,2.4499999999999993,0.889,2.4499999999999993,0.009938701010583717,0.010841463414634147,0.02987804878048783,0.00012120367086077704,0.009938701010583717,6.962,0.16980487804878047,0.9219512195121942,0.0019810453908636716,37.79999999999998,0.08490243902439024,0.4609756097560971,0.0009905226954318358,0.08122286102541054,6.073,0.14812195121951222,0.8621951219512183,0.0019039651109781374,35.349999999999994,0.07406097560975611,0.43109756097560914,0.0009519825554890687,0.07806256955010363,6.073,0.14812195121951222,0.8621951219512183,0.0019039651109781374,35.349999999999994,0.07406097560975611,0.43109756097560914,0.0009519825554890687,0.07806256955010363,0.874,0.02131707317073171,0.03170731707317076,0.00025607924932702353,1.3000000000000007,0.874,1.3000000000000007,0.010499249222407964,0.010658536585365854,0.01585365853658538,0.00012803962466351177,0.010499249222407964,6.967,0.16992682926829267,0.8902439024390234,0.0020024749189694034,36.49999999999997,0.08496341463414633,0.4451219512195117,0.0010012374594847017,0.08210147167774554,6.093,0.14860975609756097,0.8585365853658531,0.0019280020511761497,35.19999999999996,0.07430487804878048,0.42926829268292654,0.0009640010255880749,0.07904808409822214,6.093,0.14860975609756097,0.8585365853658531,0.0019280020511761497,35.19999999999996,0.07430487804878048,0.42926829268292654,0.0009640010255880749,0.07904808409822214,1.763,3.749999999999993,0.8815,1.8749999999999964,0.007633217933218991,0.0215,0.0457317073170731,0.0001861760471516827,0.015266435866437982,42.815,156.54999999999973,0.5221341463414634,1.9091463414634138,0.004142253134133383,0.3396647569989374,12.166,70.54999999999995,0.14836585365853658,0.860365853658537,0.001883753779623634,0.154467809929138,12.166,70.54999999999995,0.14836585365853658,0.860365853658537,0.001883753779623634,0.154467809929138,13.929,74.2999999999999,0.1698658536585366,0.9060975609756095,0.0019629930189976937,0.1609654275578109,0.889,0.021682926829268295,0.05975609756097566,0.0002424073417215541,2.4499999999999993,0.889,2.4499999999999993,0.009938701010583717,0.010841463414634147,0.02987804878048783,0.00012120367086077704,0.009938701010583717,21.44,0.5229268292682927,1.8981707317073138,0.004212402598321293,77.82499999999987,0.26146341463414635,0.9490853658536569,0.0021062012991606466,0.172708506531173,6.073,0.14812195121951222,0.8621951219512183,0.0019039651109781374,35.349999999999994,0.07406097560975611,0.43109756097560914,0.0009519825554890687,0.07806256955010363,6.073,0.14812195121951222,0.8621951219512183,0.0019039651109781374,35.349999999999994,0.07406097560975611,0.43109756097560914,0.0009519825554890687,0.07806256955010363,6.962,0.16980487804878047,0.9219512195121942,0.0019810453908636716,37.79999999999998,0.08490243902439024,0.4609756097560971,0.0009905226954318358,0.08122286102541054,0.874,0.02131707317073171,0.03170731707317076,0.00025607924932702353,1.3000000000000007,0.874,1.3000000000000007,0.010499249222407964,0.010658536585365854,0.01585365853658538,0.00012803962466351177,0.010499249222407964,21.375,0.5213414634146342,1.920121951219512,0.004360218009528957,78.72499999999997,0.2606707317073171,0.960060975609756,0.0021801090047644787,0.17876893839068725,6.093,0.14860975609756097,0.8585365853658531,0.0019280020511761497,35.19999999999996,0.07430487804878048,0.42926829268292654,0.0009640010255880749,0.07904808409822214,6.093,0.14860975609756097,0.8585365853658531,0.0019280020511761497,35.19999999999996,0.07430487804878048,0.42926829268292654,0.0009640010255880749,0.07904808409822214,6.967,0.16992682926829267,0.8902439024390234,0.0020024749189694034,36.49999999999997,0.08496341463414633,0.4451219512195117,0.0010012374594847017,0.08210147167774554,1000
0.66,13.306,13.875,0.1622682926829268,0.1692073170731705,0.001570045057976927,0.12874369475410802,6.689,0.16314634146341464,0.1634146341463416,0.0019888038680714883,6.699999999999989,0.08157317073170732,0.0817073170731708,0.0009944019340357442,0.08154095859093102,6.617,0.16139024390243903,0.17500000000000027,0.0021612788372791353,7.175000000000011,0.08069512195121951,0.08750000000000013,0.0010806394186395677,0.08861243232844455,1.815,2.5,0.9075,1.25,0.007052906740734171,0.022134146341463413,0.030487804878048697,0.00017202211562766272,0.014105813481468343,15.43,71.92500000000001,0.18817073170731707,0.8771341463414624,0.0020013392315683023,0.16410981698860078,13.615,69.4249999999999,0.16603658536585367,0.8466463414634142,0.0019316805578671668,0.15839780574510767,13.615,69.4249999999999,0.16603658536585367,0.8466463414634142,0.0019316805578671668,0.15839780574510767,0.92,0.022439024390243905,0.02378048780487807,0.00020934968238423612,0.9750000000000014,0.92,0.9750000000000014,0.00858333697775368,0.011219512195121953,0.011890243902439035,0.00010467484119211806,0.00858333697775368,7.727,0.18846341463414634,0.8817073170731708,0.002009385808040651,36.14999999999998,0.09423170731707317,0.4408536585365854,0.0010046929040203256,0.08238481812966669,6.807,0.16602439024390245,0.8579268292682922,0.0019588571862253993,35.17499999999998,0.08301219512195122,0.4289634146341461,0.0009794285931126996,0.08031314463524138,6.807,0.16602439024390245,0.8579268292682922,0.0019588571862253993,35.17499999999998,0.08301219512195122,0.4289634146341461,0.0009794285931126996,0.08031314463524138,0.895,0.02182926829268293,0.037195121951219545,0.0002365590494152429,1.5250000000000021,0.895,1.5250000000000021,0.00969892102602496,0.010914634146341464,0.018597560975609773,0.00011827952470762145,0.00969892102602496,7.703,0.1878780487804878,0.8725609756097548,0.0020417706443058964,35.77499999999998,0.0939390243902439,0.4362804878048774,0.0010208853221529482,0.08371259641654176,6.808,0.1660487804878049,0.8353658536585358,0.0019575472970867636,34.24999999999997,0.08302439024390244,0.4176829268292679,0.0009787736485433818,0.08025943918055731,6.808,0.1660487804878049,0.8353658536585358,0.0019575472970867636,34.24999999999997,0.08302439024390244,0.4176829268292679,0.0009787736485433818,0.08025943918055731,1.815,2.5,0.9075,1.25,0.007052906740734171,0.022134146341463413,0.030487804878048697,0.00017202211562766272,0.014105813481468343,45.904,139.67499999999995,0.5598048780487805,1.7033536585365834,0.004034175358490738,0.3308023793962405,13.615,69.4249999999999,0.16603658536585367,0.8466463414634142,0.0019316805578671668,0.15839780574510767,13.615,69.4249999999999,0.16603658536585367,0.8466463414634142,0.0019316805578671668,0.15839780574510767,15.43,71.92500000000001,0.18817073170731707,0.8771341463414624,0.0020013392315683023,0.16410981698860078,0.92,0.022439024390243905,0.02378048780487807,0.00020934968238423612,0.9750000000000014,0.92,0.9750000000000014,0.00858333697775368,0.011219512195121953,0.011890243902439035,0.00010467484119211806,0.00858333697775368,22.979,0.5604634146341463,1.6713414634146329,0.004131195309670533,68.52499999999998,0.28023170731707314,0.8356707317073164,0.0020655976548352665,0.16937900769649186,6.807,0.16602439024390245,0.8579268292682922,0.0019588571862253993,35.17499999999998,0.08301219512195122,0.4289634146341461,0.0009794285931126996,0.08031314463524138,6.807,0.16602439024390245,0.8579268292682922,0.0019588571862253993,35.17499999999998,0.08301219512195122,0.4289634146341461,0.0009794285931126996,0.08031314463524138,7.727,0.18846341463414634,0.8817073170731708,0.002009385808040651,36.14999999999998,0.09423170731707317,0.4408536585365854,0.0010046929040203256,0.08238481812966669,0.895,0.02182926829268293,0.037195121951219545,0.0002365590494152429,1.5250000000000021,0.895,1.5250000000000021,0.00969892102602496,0.010914634146341464,0.018597560975609773,0.00011827952470762145,0.00969892102602496,22.925,0.5591463414634147,1.735365853658534,0.004223624273087696,71.14999999999998,0.27957317073170734,0.867682926829267,0.002111812136543848,0.17316859519659553,6.808,0.1660487804878049,0.8353658536585358,0.0019575472970867636,34.24999999999997,0.08302439024390244,0.4176829268292679,0.0009787736485433818,0.08025943918055731,6.808,0.1660487804878049,0.8353658536585358,0.0019575472970867636,34.24999999999997,0.08302439024390244,0.4176829268292679,0.0009787736485433818,0.08025943918055731,7.703,0.1878780487804878,0.8725609756097548,0.0020417706443058964,35.77499999999998,0.0939390243902439,0.4362804878048774,0.0010208853221529482,0.08371259641654176,1000
0.68,13.511,2.3000000000000114,0.1647682926829268,0.028048780487806013,0.0013895410001992247,0.11394236201633642,6.729,0.1641219512195122,-0.0036585365853651908,0.0019294235108872691,-0.15000000000000568,0.0820609756097561,-0.0018292682926825954,0.0009647117554436346,0.07910636394637803,6.782,0.16541463414634147,0.05975609756097544,0.0019415634262775615,2.4499999999999886,0.08270731707317074,0.02987804878048772,0.0009707817131387808,0.07960410047738002,1.863,2.000000000000007,0.9315,1.0000000000000036,0.005966015700896482,0.02271951219512195,0.024390243902439157,0.00014551257807064592,0.011932031401792964,16.806,66.70000000000016,0.20495121951219514,0.8134146341463424,0.0019943819483503097,0.1635393197647254,14.943,64.70000000000016,0.18223170731707317,0.7890243902439034,0.001937335818991762,0.15886153715732448,14.943,64.70000000000016,0.18223170731707317,0.7890243902439034,0.001937335818991762,0.15886153715732448,0.928,0.022634146341463417,0.016463414634146356,0.00019946818478582164,0.6750000000000043,0.928,0.6750000000000043,0.008178195576218687,0.011317073170731709,0.008231707317073178,9.973409239291082e-05,0.008178195576218687,8.408,0.2050731707317073,0.7932926829268316,0.002018708804849857,32.52500000000009,0.10253658536585365,0.3966463414634158,0.0010093544024249285,0.08276706099884414,7.48,0.18243902439024393,0.7768292682926843,0.0019670250253591374,31.85000000000005,0.09121951219512196,0.38841463414634214,0.0009835125126795687,0.08064802603972464,7.48,0.18243902439024393,0.7768292682926843,0.0019670250253591374,31.85000000000005,0.09121951219512196,0.38841463414634214,0.0009835125126795687,0.08064802603972464,0.935,0.02280487804878049,0.032317073170731736,0.00019023739175200104,1.3249999999999993,0.935,1.3249999999999993,0.007799733061832043,0.011402439024390245,0.016158536585365868,9.511869587600052e-05,0.007799733061832043,8.398,0.20482926829268291,0.8335365853658558,0.0020190126117736757,34.17500000000007,0.10241463414634146,0.4167682926829279,0.0010095063058868379,0.0827795170827207,7.463,0.18202439024390243,0.8012195121951242,0.0019592948876881525,32.85000000000008,0.09101219512195122,0.4006097560975621,0.0009796474438440762,0.08033109039521426,7.463,0.18202439024390243,0.8012195121951242,0.0019592948876881525,32.85000000000008,0.09101219512195122,0.4006097560975621,0.0009796474438440762,0.08033109039521426,1.863,2.000000000000007,0.9315,1.0000000000000036,0.005966015700896482,0.02271951219512195,0.024390243902439157,0.00014551257807064592,0.011932031401792964,48.402,122.20000000000027,0.5902682926829268,1.490243902439028,0.0038437999425665202,0.31519159529045465,14.943,64.70000000000016,0.18223170731707317,0.7890243902439034,0.001937335818991762,0.15886153715732448,14.943,64.70000000000016,0.18223170731707317,0.7890243902439034,0.001937335818991762,0.15886153715732448,16.806,66.70000000000016,0.20495121951219514,0.8134146341463424,0.0019943819483503097,0.1635393197647254,0.928,0.022634146341463417,0.016463414634146356,0.00019946818478582164,0.6750000000000043,0.928,0.6750000000000043,0.008178195576218687,0.011317073170731709,0.008231707317073178,9.973409239291082e-05,0.008178195576218687,24.181,0.589780487804878,1.466463414634152,0.0040442034614441265,60.12500000000023,0.294890243902439,0.733231707317076,0.0020221017307220633,0.16581234191920918,7.48,0.18243902439024393,0.7768292682926843,0.0019670250253591374,31.85000000000005,0.09121951219512196,0.38841463414634214,0.0009835125126795687,0.08064802603972464,7.48,0.18243902439024393,0.7768292682926843,0.0019670250253591374,31.85000000000005,0.09121951219512196,0.38841463414634214,0.0009835125126795687,0.08064802603972464,8.408,0.2050731707317073,0.7932926829268316,0.002018708804849857,32.52500000000009,0.10253658536585365,0.3966463414634158,0.0010093544024249285,0.08276706099884414,0.935,0.02280487804878049,0.032317073170731736,0.00019023739175200104,1.3249999999999993,0.935,1.3249999999999993,0.007799733061832043,0.011402439024390245,0.016158536585365868,9.511869587600052e-05,0.007799733061832043,24.221,0.5907560975609756,1.5140243902439057,0.003921144575235131,62.07500000000016,0.2953780487804878,0.7570121951219528,0.0019605722876175655,0.16076692758464037,7.463,0.18202439024390243,0.8012195121951242,0.0019592948876881525,32.85000000000008,0.09101219512195122,0.4006097560975621,0.0009796474438440762,0.08033109039521426,7.463,0.18202439024390243,0.8012195121951242,0.0019592948876881525,32.85000000000008,0.09101219512195122,0.4006097560975621,0.0009796474438440762,0.08033109039521426,8.398,0.20482926829268291,0.8335365853658558,0.0020190126117736757,34.17500000000007,0.10241463414634146,0.4167682926829279,0.0010095063058868379,0.0827795170827207,1000
0.7,13.398,3.699999999999932,0.16339024390243903,0.04512195121951201,0.0012877694670590395,0.10559709629884123,6.683,0.163,0.02378048780487685,0.001768884807635417,0.9749999999999375,0.0815,0.011890243902438424,0.0008844424038177085,0.0725242771130521,6.715,0.16378048780487806,0.06646341463414451,0.0017653910615629308,2.7249999999999375,0.08189024390243903,0.03323170731707226,0.0008826955307814654,0.07238103352408017,1.895,1.8499999999999943,0.9475,0.9249999999999972,0.0051981507068159126,0.023109756097560975,0.022560975609756118,0.0001267841635808759,0.010396301413631825,18.098,70.375,0.2207073170731707,0.8582317073170724,0.001978796162853377,0.16226128535397694,16.203,68.52500000000003,0.19759756097560974,0.8356707317073182,0.001931719707780917,0.1584010160380352,16.203,68.52500000000003,0.19759756097560974,0.8356707317073182,0.001931719707780917,0.1584010160380352,0.947,0.023097560975609756,0.02378048780487807,0.00017288062481088997,0.9749999999999943,0.947,0.9749999999999943,0.007088105617246489,0.011548780487804878,0.011890243902439035,8.644031240544498e-05,0.007088105617246489,9.028,0.2201951219512195,0.8512195121951232,0.002002371579618762,34.900000000000034,0.11009756097560976,0.4256097560975616,0.001001185789809381,0.08209723476436924,8.081,0.19709756097560974,0.8274390243902436,0.0019537873128070557,33.92500000000001,0.09854878048780487,0.4137195121951218,0.0009768936564035278,0.08010527982508928,8.081,0.19709756097560974,0.8274390243902436,0.0019537873128070557,33.92500000000001,0.09854878048780487,0.4137195121951218,0.0009768936564035278,0.08010527982508928,0.948,0.023121951219512195,0.021341463414634054,0.0001713322978979778,0.8749999999999964,0.948,0.8749999999999964,0.00702462421381709,0.011560975609756097,0.010670731707317027,8.56661489489889e-05,0.00702462421381709,9.07,0.22121951219512195,0.8652439024390244,0.0019984845260449372,35.47500000000005,0.11060975609756098,0.4326219512195122,0.0009992422630224686,0.08193786556784242,8.122,0.19809756097560977,0.843902439024391,0.0019566314507028573,34.599999999999994,0.09904878048780488,0.4219512195121955,0.0009783157253514287,0.08022188947881714,8.122,0.19809756097560977,0.843902439024391,0.0019566314507028573,34.599999999999994,0.09904878048780488,0.4219512195121955,0.0009783157253514287,0.08022188947881714,1.895,1.8499999999999943,0.9475,0.9249999999999972,0.0051981507068159126,0.023109756097560975,0.022560975609756118,0.0001267841635808759,0.010396301413631825,50.792,129.0,0.6194146341463415,1.5731707317073198,0.003642402308671972,0.2986769893111017,16.203,68.52500000000003,0.19759756097560974,0.8356707317073182,0.001931719707780917,0.1584010160380352,16.203,68.52500000000003,0.19759756097560974,0.8356707317073182,0.001931719707780917,0.1584010160380352,18.098,70.375,0.2207073170731707,0.8582317073170724,0.001978796162853377,0.16226128535397694,0.947,0.023097560975609756,0.02378048780487807,0.00017288062481088997,0.9749999999999943,0.947,0.9749999999999943,0.007088105617246489,0.011548780487804878,0.011890243902439035,8.644031240544498e-05,0.007088105617246489,25.384,0.6191219512195122,1.5493902439024403,0.0037862774426185722,63.52500000000009,0.3095609756097561,0.7746951219512201,0.0018931387213092861,0.15523737514736147,8.081,0.19709756097560974,0.8274390243902436,0.0019537873128070557,33.92500000000001,0.09854878048780487,0.4137195121951218,0.0009768936564035278,0.08010527982508928,8.081,0.19709756097560974,0.8274390243902436,0.0019537873128070557,33.92500000000001,0.09854878048780487,0.4137195121951218,0.0009768936564035278,0.08010527982508928,9.028,0.2201951219512195,0.8512195121951232,0.002002371579618762,34.900000000000034,0.11009756097560976,0.4256097560975616,0.001001185789809381,0.08209723476436924,0.948,0.023121951219512195,0.021341463414634054,0.0001713322978979778,0.8749999999999964,0.948,0.8749999999999964,0.00702462421381709,0.011560975609756097,0.010670731707317027,8.56661489489889e-05,0.00702462421381709,25.408,0.6197073170731707,1.5969512195121975,0.003752231396651514,65.47500000000002,0.30985365853658536,0.7984756097560988,0.001876115698325757,0.15384148726271207,8.122,0.19809756097560977,0.843902439024391,0.0019566314507028573,34.599999999999994,0.09904878048780488,0.4219512195121955,0.0009783157253514287,0.08022188947881714,8.122,0.19809756097560977,0.843902439024391,0.0019566314507028573,34.599999999999994,0.09904878048780488,0.4219512195121955,0.0009783157253514287,0.08022188947881714,9.07,0.22121951219512195,0.8652439024390244,0.0019984845260449372,35.47500000000005,0.11060975609756098,0.4326219512195122,0.0009992422630224686,0.08193786556784242,1000
0.72,13.659,1.6999999999999886,0.16657317073170733,0.02073170731707208,0.0011608949539505245,0.09519338622394301,6.768,0.16507317073170732,0.03780487804878074,0.001567499003793147,1.5500000000000114,0.08253658536585366,0.01890243902439037,0.0007837495018965735,0.06426745915551903,6.891,0.16807317073170733,0.003658536585366079,0.0016258549323029561,0.15000000000000568,0.08403658536585366,0.0018292682926830395,0.0008129274661514781,0.0666600522244212,1.937,1.5500000000000043,0.9685,0.7750000000000021,0.003971589546204834,0.023621951219512195,0.01890243902439026,9.686803771231303e-05,0.007943179092409668,19.621,72.67499999999995,0.23928048780487804,0.8862804878048784,0.002040756731517537,0.16734205198443805,17.684,71.12499999999989,0.21565853658536588,0.8673780487804876,0.0020142792394465597,0.1651708976346179,17.684,71.12499999999989,0.21565853658536588,0.8673780487804876,0.0020142792394465597,0.1651708976346179,0.967,0.023585365853658537,0.02195121951219514,0.00013784899562078892,0.8999999999999986,0.967,0.8999999999999986,0.005651808820452346,0.011792682926829268,0.01097560975609757,6.892449781039446e-05,0.005651808820452346,9.804,0.2391219512195122,0.9109756097560968,0.0020546780217735434,37.349999999999966,0.1195609756097561,0.4554878048780484,0.0010273390108867717,0.08424179889271527,8.837,0.21553658536585366,0.8890243902439021,0.0020311913915203894,36.44999999999999,0.10776829268292683,0.44451219512195106,0.0010155956957601947,0.08327884705233597,8.837,0.21553658536585366,0.8890243902439021,0.0020311913915203894,36.44999999999999,0.10776829268292683,0.44451219512195106,0.0010155956957601947,0.08327884705233597,0.97,0.023658536585365854,0.01585365853658538,0.0001316375811975404,0.6500000000000021,0.97,0.6500000000000021,0.0053971408290991564,0.011829268292682927,0.00792682926829269,6.58187905987702e-05,0.0053971408290991564,9.817,0.2394390243902439,0.8615853658536574,0.0020572741513335473,35.32500000000002,0.11971951219512195,0.4307926829268287,0.0010286370756667736,0.08434824020467543,8.847,0.21578048780487805,0.8457317073170723,0.0020304818020158133,34.67499999999998,0.10789024390243902,0.42286585365853613,0.0010152409010079067,0.08324975388264834,8.847,0.21578048780487805,0.8457317073170723,0.0020304818020158133,34.67499999999998,0.10789024390243902,0.42286585365853613,0.0010152409010079067,0.08324975388264834,1.937,1.5500000000000043,0.9685,0.7750000000000021,0.003971589546204834,0.023621951219512195,0.01890243902439026,9.686803771231303e-05,0.007943179092409668,53.562,126.62499999999977,0.6531951219512195,1.5442073170731678,0.0035697319638663175,0.29271802103703803,17.684,71.12499999999989,0.21565853658536588,0.8673780487804876,0.0020142792394465597,0.1651708976346179,17.684,71.12499999999989,0.21565853658536588,0.8673780487804876,0.0020142792394465597,0.1651708976346179,19.621,72.67499999999995,0.23928048780487804,0.8862804878048784,0.002040756731517537,0.16734205198443805,0.967,0.023585365853658537,0.02195121951219514,0.00013784899562078892,0.8999999999999986,0.967,0.8999999999999986,0.005651808820452346,0.011792682926829268,0.01097560975609757,6.892449781039446e-05,0.005651808820452346,26.722,0.6517560975609756,1.5591463414634124,0.0037526424073855928,63.924999999999955,0.3258780487804878,0.7795731707317062,0.0018763212036927964,0.1538583387028093,8.837,0.21553658536585366,0.8890243902439021,0.0020311913915203894,36.44999999999999,0.10776829268292683,0.44451219512195106,0.0010155956957601947,0.08327884705233597,8.837,0.21553658536585366,0.8890243902439021,0.0020311913915203894,36.44999999999999,0.10776829268292683,0.44451219512195106,0.0010155956957601947,0.08327884705233597,9.804,0.2391219512195122,0.9109756097560968,0.0020546780217735434,37.349999999999966,0.1195609756097561,0.4554878048780484,0.0010273390108867717,0.08424179889271527,0.97,0.023658536585365854,0.01585365853658538,0.0001316375811975404,0.6500000000000021,0.97,0.6500000000000021,0.0053971408290991564,0.011829268292682927,0.00792682926829269,6.58187905987702e-05,0.0053971408290991564,26.84,0.6546341463414634,1.5292682926829269,0.0035930813037372217,62.69999999999993,0.3273170731707317,0.7646341463414634,0.0017965406518686109,0.1473163334532261,8.847,0.21578048780487805,0.8457317073170723,0.0020304818020158133,34.67499999999998,0.10789024390243902,0.42286585365853613,0.0010152409010079067,0.08324975388264834,8.847,0.21578048780487805,0.8457317073170723,0.0020304818020158133,34.67499999999998,0.10789024390243902,0.42286585365853613,0.0010152409010079067,0.08324975388264834,9.817,0.2394390243902439,0.8615853658536574,0.0020572741513335473,35.32500000000002,0.11971951219512195,0.4307926829268287,0.0010286370756667736,0.08434824020467543,1000
0.74,13.466,-6.550000000000011,0.16421951219512193,-0.07987804878048799,0.001078193667883515,0.08841188076644824,6.745,0.16451219512195123,-0.00548780487804823,0.0014341447719487912,-0.22499999999999432,0.08225609756097561,-0.002743902439024115,0.0007170723859743956,0.05879993564990044,6.721,0.1639268292682927,-0.15426829268292686,0.0015377723124023518,-6.325000000000017,0.08196341463414634,-0.07713414634146343,0.0007688861562011759,0.06304866480849643,1.957,0.8249999999999957,0.9785,0.41249999999999787,0.0033614058143950796,0.023865853658536586,0.010060975609756162,8.198550766817267e-05,0.006722811628790159,21.005,79.29999999999995,0.25615853658536586,0.9670731707317053,0.001955966014207769,0.16038921316503707,19.048,78.47499999999997,0.23229268292682925,0.9570121951219503,0.0019337187282523478,0.15856493571669253,19.048,78.47499999999997,0.23229268292682925,0.9570121951219503,0.0019337187282523478,0.15856493571669253,0.983,0.02397560975609756,0.014024390243902451,9.975498755339179e-05,0.5749999999999993,0.983,0.5749999999999993,0.004089954489689063,0.01198780487804878,0.007012195121951226,4.987749377669589e-05,0.004089954489689063,10.522,0.2566341463414634,0.975609756097561,0.00196852539350754,39.99999999999994,0.1283170731707317,0.4878048780487805,0.00098426269675377,0.08070954113380914,9.539,0.23265853658536584,0.961585365853658,0.0019522689077311876,39.42499999999998,0.11632926829268292,0.480792682926829,0.0009761344538655938,0.08004302521697869,9.539,0.23265853658536584,0.961585365853658,0.0019522689077311876,39.42499999999998,0.11632926829268292,0.480792682926829,0.0009761344538655938,0.08004302521697869,0.974,0.02375609756097561,0.0060975609756097615,0.00012280033500776228,0.25,0.974,0.25,0.005034813735318254,0.011878048780487805,0.0030487804878048808,6.140016750388114e-05,0.005034813735318254,10.483,0.2556829268292683,0.9585365853658523,0.001971577523944722,39.299999999999955,0.12784146341463415,0.47926829268292614,0.000985788761972361,0.0808346784817336,9.509,0.2319268292682927,0.9524390243902427,0.001944848941354075,39.04999999999998,0.11596341463414635,0.4762195121951214,0.0009724244706770375,0.07973880659551708,9.509,0.2319268292682927,0.9524390243902427,0.001944848941354075,39.04999999999998,0.11596341463414635,0.4762195121951214,0.0009724244706770375,0.07973880659551708,1.957,0.8249999999999957,0.9785,0.41249999999999787,0.0033614058143950796,0.023865853658536586,0.010060975609756162,8.198550766817267e-05,0.006722811628790159,55.857,128.5250000000001,0.6811829268292683,1.567378048780487,0.0032456299815527088,0.26614165848732213,19.048,78.47499999999997,0.23229268292682925,0.9570121951219503,0.0019337187282523478,0.15856493571669253,19.048,78.47499999999997,0.23229268292682925,0.9570121951219503,0.0019337187282523478,0.15856493571669253,21.005,79.29999999999995,0.25615853658536586,0.9670731707317053,0.001955966014207769,0.16038921316503707,0.983,0.02397560975609756,0.014024390243902451,9.975498755339179e-05,0.5749999999999993,0.983,0.5749999999999993,0.004089954489689063,0.01198780487804878,0.007012195121951226,4.987749377669589e-05,0.004089954489689063,27.941,0.6814878048780487,1.5963414634146318,0.0033446062595059393,65.44999999999982,0.34074390243902436,0.7981707317073159,0.0016723031297529696,0.1371288566397435,9.539,0.23265853658536584,0.961585365853658,0.0019522689077311876,39.42499999999998,0.11632926829268292,0.480792682926829,0.0009761344538655938,0.08004302521697869,9.539,0.23265853658536584,0.961585365853658,0.0019522689077311876,39.42499999999998,0.11632926829268292,0.480792682926829,0.0009761344538655938,0.08004302521697869,10.522,0.2566341463414634,0.975609756097561,0.00196852539350754,39.99999999999994,0.1283170731707317,0.4878048780487805,0.00098426269675377,0.08070954113380914,0.974,0.02375609756097561,0.0060975609756097615,0.00012280033500776228,0.25,0.974,0.25,0.005034813735318254,0.011878048780487805,0.0030487804878048808,6.140016750388114e-05,0.005034813735318254,27.916,0.6808780487804879,1.5384146341463385,0.0033445550721175124,63.07499999999993,0.3404390243902439,0.7692073170731692,0.0016722775360587562,0.137126757956818,9.509,0.2319268292682927,0.9524390243902427,0.001944848941354075,39.04999999999998,0.11596341463414635,0.4762195121951214,0.0009724244706770375,0.07973880659551708,9.509,0.2319268292682927,0.9524390243902427,0.001944848941354075,39.04999999999998,0.11596341463414635,0.4762195121951214,0.0009724244706770375,0.07973880659551708,10.483,0.2556829268292683,0.9585365853658523,0.001971577523944722,39.299999999999955,0.12784146341463415,0.47926829268292614,0.000985788761972361,0.0808346784817336,1000
0.76,13.397,-5.774999999999977,0.1633780487804878,-0.07042682926829169,0.0010284836553457863,0.08433565973835448,6.759,0.16485365853658537,-0.07439024390243887,0.0013584339018471597,-3.049999999999983,0.08242682926829269,-0.037195121951219434,0.0006792169509235799,0.05569578997573355,6.638,0.16190243902439025,-0.06646341463414629,0.0014598612425279261,-2.7249999999999943,0.08095121951219512,-0.033231707317073145,0.0007299306212639631,0.059854310943644976,1.97,0.7749999999999986,0.985,0.3874999999999993,0.002878069367350843,0.02402439024390244,0.009451219512195186,7.019681383782544e-05,0.005756138734701686,22.793,79.17499999999995,0.2779634146341463,0.9655487804878033,0.0019104230407114588,0.15665468933833962,20.823,78.40000000000003,0.2539390243902439,0.9560975609756097,0.001892947113695358,0.15522166332301934,20.823,78.40000000000003,0.2539390243902439,0.9560975609756097,0.001892947113695358,0.15522166332301934,0.99,0.024146341463414635,0.0060975609756097615,7.678051069943376e-05,0.25,0.99,0.25,0.003148000938676784,0.012073170731707317,0.0030487804878048808,3.839025534971688e-05,0.003148000938676784,11.404,0.27814634146341466,0.9560975609756079,0.0019141203198895943,39.19999999999993,0.13907317073170733,0.47804878048780397,0.0009570601599447971,0.07847893311547337,10.414,0.254,0.9499999999999984,0.0019037982475094166,38.94999999999993,0.127,0.4749999999999992,0.0009518991237547083,0.07805572814788608,10.414,0.254,0.9499999999999984,0.0019037982475094166,38.94999999999993,0.127,0.4749999999999992,0.0009518991237547083,0.07805572814788608,0.98,0.023902439024390244,0.0128048780487805,0.00010803424341898362,0.5249999999999986,0.98,0.5249999999999986,0.004429403980178328,0.011951219512195122,0.00640243902439025,5.401712170949181e-05,0.004429403980178328,11.389,0.277780487804878,0.9750000000000005,0.0019291333761426686,39.974999999999966,0.138890243902439,0.48750000000000027,0.0009645666880713343,0.07909446842184942,10.409,0.2538780487804878,0.9621951219512193,0.001905848231250868,39.44999999999999,0.1269390243902439,0.48109756097560963,0.000952924115625434,0.07813977748128559,10.409,0.2538780487804878,0.9621951219512193,0.001905848231250868,39.44999999999999,0.1269390243902439,0.48109756097560963,0.000952924115625434,0.07813977748128559,1.97,0.7749999999999986,0.985,0.3874999999999993,0.002878069367350843,0.02402439024390244,0.009451219512195186,7.019681383782544e-05,0.005756138734701686,58.703,122.49999999999977,0.715890243902439,1.4939024390243887,0.003000578229282346,0.24604741480115236,20.823,78.40000000000003,0.2539390243902439,0.9560975609756097,0.001892947113695358,0.15522166332301934,20.823,78.40000000000003,0.2539390243902439,0.9560975609756097,0.001892947113695358,0.15522166332301934,22.793,79.17499999999995,0.2779634146341463,0.9655487804878033,0.0019104230407114588,0.15665468933833962,0.99,0.024146341463414635,0.0060975609756097615,7.678051069943376e-05,0.25,0.99,0.25,0.003148000938676784,0.012073170731707317,0.0030487804878048808,3.839025534971688e-05,0.003148000938676784,29.34,0.715609756097561,1.491463414634147,0.0030545393497146884,61.14999999999998,0.3578048780487805,0.7457317073170735,0.0015272696748573442,0.12523611333830223,10.414,0.254,0.9499999999999984,0.0019037982475094166,38.94999999999993,0.127,0.4749999999999992,0.0009518991237547083,0.07805572814788608,10.414,0.254,0.9499999999999984,0.0019037982475094166,38.94999999999993,0.127,0.4749999999999992,0.0009518991237547083,0.07805572814788608,11.404,0.27814634146341466,0.9560975609756079,0.0019141203198895943,39.19999999999993,0.13907317073170733,0.47804878048780397,0.0009570601599447971,0.07847893311547337,0.98,0.023902439024390244,0.0128048780487805,0.00010803424341898362,0.5249999999999986,0.98,0.5249999999999986,0.004429403980178328,0.011951219512195122,0.00640243902439025,5.401712170949181e-05,0.004429403980178328,29.363,0.716170731707317,1.4963414634146304,0.003105083858681731,61.35000000000002,0.3580853658536585,0.7481707317073152,0.0015525419293408655,0.12730843820595097,10.409,0.2538780487804878,0.9621951219512193,0.001905848231250868,39.44999999999999,0.1269390243902439,0.48109756097560963,0.000952924115625434,0.07813977748128559,10.409,0.2538780487804878,0.9621951219512193,0.001905848231250868,39.44999999999999,0.1269390243902439,0.48109756097560963,0.000952924115625434,0.07813977748128559,11.389,0.277780487804878,0.9750000000000005,0.0019291333761426686,39.974999999999966,0.138890243902439,0.48750000000000027,0.0009645666880713343,0.07909446842184942,1000
0.78,13.235,-11.449999999999989,0.16140243902439025,-0.13963414634146387,0.0009523033906791467,0.07808887803569003,6.623,0.16153658536585366,-0.15853658536585424,0.0012789469522753694,-6.5,0.08076829268292683,-0.07926829268292712,0.0006394734761376847,0.05243682504329015,6.612,0.16126829268292683,-0.12073170731707306,0.00128001389841554,-4.94999999999996,0.08063414634146342,-0.06036585365853653,0.00064000694920777,0.05248056983503714,1.988,0.42500000000000426,0.994,0.21250000000000213,0.0017224885970499103,0.02424390243902439,0.005182926829268242,4.2011917001217325e-05,0.0034449771940998205,24.172,84.02499999999998,0.29478048780487803,1.0246951219512201,0.0019457190715808296,0.15954896386962802,22.184,83.59999999999991,0.2705365853658537,1.0195121951219512,0.0019404221630740714,0.15911461737207386,22.184,83.59999999999991,0.2705365853658537,1.0195121951219512,0.0019404221630740714,0.15911461737207386,0.993,0.024219512195121952,0.003658536585365857,6.433644259131172e-05,0.14999999999999858,0.993,0.14999999999999858,0.0026377941462437807,0.012109756097560976,0.0018292682926829285,3.216822129565586e-05,0.0026377941462437807,12.09,0.2948780487804878,1.0195121951219495,0.001946376347304646,41.80000000000001,0.1474390243902439,0.5097560975609747,0.000973188173652323,0.07980143023949049,11.097,0.2706585365853658,1.0158536585365843,0.0019405073207949632,41.64999999999998,0.1353292682926829,0.5079268292682921,0.0009702536603974816,0.0795608001525935,11.097,0.2706585365853658,1.0158536585365843,0.0019405073207949632,41.64999999999998,0.1353292682926829,0.5079268292682921,0.0009702536603974816,0.0795608001525935,0.995,0.02426829268292683,0.006707317073170738,5.4428948166948535e-05,0.2749999999999986,0.995,0.2749999999999986,0.00223158687484489,0.012134146341463415,0.003353658536585369,2.7214474083474267e-05,0.00223158687484489,12.082,0.29468292682926833,1.0298780487804873,0.0019609118633826033,42.224999999999966,0.14734146341463417,0.5149390243902436,0.0009804559316913017,0.08039738639868674,11.087,0.2704146341463415,1.0231707317073155,0.0019566793835257864,41.94999999999993,0.13520731707317074,0.5115853658536578,0.0009783396917628932,0.08022385472455724,11.087,0.2704146341463415,1.0231707317073155,0.0019566793835257864,41.94999999999993,0.13520731707317074,0.5115853658536578,0.0009783396917628932,0.08022385472455724,1.988,0.42500000000000426,0.994,0.21250000000000213,0.0017224885970499103,0.02424390243902439,0.005182926829268242,4.2011917001217325e-05,0.0034449771940998205,60.757,118.79999999999973,0.7409390243902438,1.448780487804875,0.002925902152818768,0.23992397653113898,22.184,83.59999999999991,0.2705365853658537,1.0195121951219512,0.0019404221630740714,0.15911461737207386,22.184,83.59999999999991,0.2705365853658537,1.0195121951219512,0.0019404221630740714,0.15911461737207386,24.172,84.02499999999998,0.29478048780487803,1.0246951219512201,0.0019457190715808296,0.15954896386962802,0.993,0.024219512195121952,0.003658536585365857,6.433644259131172e-05,0.14999999999999858,0.993,0.14999999999999858,0.0026377941462437807,0.012109756097560976,0.0018292682926829285,3.216822129565586e-05,0.0026377941462437807,30.387,0.7411463414634146,1.453658536585369,0.002953929304108306,59.60000000000002,0.3705731707317073,0.7268292682926845,0.001476964652054153,0.12111110146844054,11.097,0.2706585365853658,1.0158536585365843,0.0019405073207949632,41.64999999999998,0.1353292682926829,0.5079268292682921,0.0009702536603974816,0.0795608001525935,11.097,0.2706585365853658,1.0158536585365843,0.0019405073207949632,41.64999999999998,0.1353292682926829,0.5079268292682921,0.0009702536603974816,0.0795608001525935,12.09,0.2948780487804878,1.0195121951219495,0.001946376347304646,41.80000000000001,0.1474390243902439,0.5097560975609747,0.000973188173652323,0.07980143023949049,0.995,0.02426829268292683,0.006707317073170738,5.4428948166948535e-05,0.2749999999999986,0.995,0.2749999999999986,0.00223158687484489,0.012134146341463415,0.003353658536585369,2.7214474083474267e-05,0.00223158687484489,30.37,0.7407317073170732,1.4439024390243915,0.003035639052330246,59.200000000000045,0.3703658536585366,0.7219512195121958,0.001517819526165123,0.12446120114554009,11.087,0.2704146341463415,1.0231707317073155,0.0019566793835257864,41.94999999999993,0.13520731707317074,0.5115853658536578,0.0009783396917628932,0.08022385472455724,11.087,0.2704146341463415,1.0231707317073155,0.0019566793835257864,41.94999999999993,0.13520731707317074,0.5115853658536578,0.0009783396917628932,0.08022385472455724,12.082,0.29468292682926833,1.0298780487804873,0.0019609118633826033,42.224999999999966,0.14734146341463417,0.5149390243902436,0.0009804559316913017,0.08039738639868674,1000
0.8,12.939,-7.999999999999943,0.15779268292682927,-0.09756097560975485,0.000874690684124748,0.07172463609822934,6.499,0.15851219512195122,-0.11097560975609788,0.0011687725719669883,-4.549999999999983,0.07925609756097561,-0.05548780487804894,0.0005843862859834942,0.04791967545064652,6.44,0.15707317073170732,-0.0841463414634136,0.0012862659830563292,-3.44999999999996,0.07853658536585366,-0.0420731707317068,0.0006431329915281646,0.0527369053053095,1.987,0.2500000000000071,0.9935,0.12500000000000355,0.001791915444701831,0.02423170731707317,0.0030487804878049918,4.3705254748825146e-05,0.003583830889403662,26.154,76.02500000000009,0.3189512195121951,0.9271341463414648,0.0018697070758127083,0.15331598021664208,24.167,75.77500000000009,0.294719512195122,0.9240853658536592,0.001863119767064493,0.15277582089928843,24.167,75.77500000000009,0.294719512195122,0.9240853658536592,0.001863119767064493,0.15277582089928843,0.996,0.02429268292682927,0.004268292682926944,4.870718875850552e-05,0.17500000000000426,0.996,0.17500000000000426,0.0019969947390987264,0.012146341463414635,0.002134146341463472,2.435359437925276e-05,0.0019969947390987264,13.076,0.3189268292682927,0.9286585365853668,0.0018820322306430262,38.075000000000045,0.15946341463414634,0.4643292682926834,0.0009410161153215131,0.07716332145636408,12.08,0.2946341463414634,0.9243902439024412,0.001876546678280117,37.900000000000034,0.1473170731707317,0.4621951219512206,0.0009382733391400585,0.0769384138094848,12.08,0.2946341463414634,0.9243902439024412,0.001876546678280117,37.900000000000034,0.1473170731707317,0.4621951219512206,0.0009382733391400585,0.0769384138094848,0.991,0.024170731707317074,0.0018292682926831505,7.287716690591883e-05,0.0750000000000064,0.991,0.0750000000000064,0.002987963843142672,0.012085365853658537,0.0009146341463415752,3.6438583452959414e-05,0.002987963843142672,13.078,0.31897560975609757,0.9256097560975611,0.0018711946197703716,37.950000000000045,0.15948780487804878,0.46280487804878057,0.0009355973098851858,0.07671897941058524,12.087,0.29480487804878047,0.923780487804879,0.0018641028406498664,37.87500000000006,0.14740243902439024,0.4618902439024395,0.0009320514203249332,0.07642821646664452,12.087,0.29480487804878047,0.923780487804879,0.0018641028406498664,37.87500000000006,0.14740243902439024,0.4618902439024395,0.0009320514203249332,0.07642821646664452,1.987,0.2500000000000071,0.9935,0.12500000000000355,0.001791915444701831,0.02423170731707317,0.0030487804878049918,4.3705254748825146e-05,0.003583830889403662,63.455,104.70000000000027,0.7738414634146341,1.276829268292687,0.0026657364119876932,0.21859038578299084,24.167,75.77500000000009,0.294719512195122,0.9240853658536592,0.001863119767064493,0.15277582089928843,24.167,75.77500000000009,0.294719512195122,0.9240853658536592,0.001863119767064493,0.15277582089928843,26.154,76.02500000000009,0.3189512195121951,0.9271341463414648,0.0018697070758127083,0.15331598021664208,0.996,0.02429268292682927,0.004268292682926944,4.870718875850552e-05,0.17500000000000426,0.996,0.17500000000000426,0.0019969947390987264,0.012146341463414635,0.002134146341463472,2.435359437925276e-05,0.0019969947390987264,31.724,0.7737560975609756,1.2725609756097604,0.0027419735727110582,52.17500000000007,0.3868780487804878,0.6362804878048802,0.0013709867863555291,0.11242091648115339,12.08,0.2946341463414634,0.9243902439024412,0.001876546678280117,37.900000000000034,0.1473170731707317,0.4621951219512206,0.0009382733391400585,0.0769384138094848,12.08,0.2946341463414634,0.9243902439024412,0.001876546678280117,37.900000000000034,0.1473170731707317,0.4621951219512206,0.0009382733391400585,0.0769384138094848,13.076,0.3189268292682927,0.9286585365853668,0.0018820322306430262,38.075000000000045,0.15946341463414634,0.4643292682926834,0.0009410161153215131,0.07716332145636408,0.991,0.024170731707317074,0.0018292682926831505,7.287716690591883e-05,0.0750000000000064,0.991,0.0750000000000064,0.002987963843142672,0.012085365853658537,0.0009146341463415752,3.6438583452959414e-05,0.002987963843142672,31.731,0.7739268292682927,1.2810975609756134,0.002716096514056608,52.52499999999998,0.38696341463414635,0.6405487804878067,0.001358048257028304,0.11135995707632093,12.087,0.29480487804878047,0.923780487804879,0.0018641028406498664,37.87500000000006,0.14740243902439024,0.4618902439024395,0.0009320514203249332,0.07642821646664452,12.087,0.29480487804878047,0.923780487804879,0.0018641028406498664,37.87500000000006,0.14740243902439024,0.4618902439024395,0.0009320514203249332,0.07642821646664452,13.078,0.31897560975609757,0.9256097560975611,0.0018711946197703716,37.950000000000045,0.15948780487804878,0.46280487804878057,0.0009355973098851858,0.07671897941058524,1000
0.82,12.915,-13.675000000000011,0.1575,-0.16676829268292703,0.0008754133830962233,0.07178389741389031,6.441,0.15709756097560976,-0.2030487804878045,0.0011509367536548611,-8.324999999999989,0.07854878048780488,-0.10152439024390225,0.0005754683768274306,0.04718840689984931,6.474,0.15790243902439025,-0.13048780487804867,0.0011772313615244056,-5.349999999999994,0.07895121951219512,-0.06524390243902434,0.0005886156807622028,0.04826648582250063,1.998,0.25,0.999,0.125,0.0007067527852789117,0.024365853658536586,0.0030487804878048808,1.7237872811680773e-05,0.0014135055705578234,27.213,73.72499999999991,0.3318658536585366,0.8990853658536588,0.0018772300371775452,0.15393286304855872,25.215,73.47500000000002,0.3075,0.8960365853658523,0.0018756887068064043,0.15380647395812516,25.215,73.47500000000002,0.3075,0.8960365853658523,0.0018756887068064043,0.15380647395812516,1.0,0.024390243902439025,0.0006097560975608651,0.0,0.02499999999999858,1.0,0.02499999999999858,0.0,0.012195121951219513,0.00030487804878043256,0.0,0.0,13.613,0.3320243902439024,0.8993902439024382,0.0018812421662694092,36.87499999999994,0.1660121951219512,0.4496951219512191,0.0009406210831347046,0.07713092881704578,12.613,0.3076341463414634,0.8987804878048786,0.0018812421662694092,36.85000000000002,0.1538170731707317,0.4493902439024393,0.0009406210831347046,0.07713092881704578,12.613,0.3076341463414634,0.8987804878048786,0.0018812421662694092,36.85000000000002,0.1538170731707317,0.4493902439024393,0.0009406210831347046,0.07713092881704578,0.998,0.024341463414634147,0.005487804878048785,3.447574562336155e-05,0.22499999999999787,0.998,0.22499999999999787,0.0014135055705578234,0.012170731707317074,0.0027439024390243927,1.7237872811680773e-05,0.0014135055705578234,13.6,0.33170731707317075,0.898780487804876,0.001882313174987226,36.849999999999966,0.16585365853658537,0.449390243902438,0.000941156587493613,0.07717484017447626,12.602,0.3073658536585366,0.8932926829268295,0.0018793998202708193,36.625,0.1536829268292683,0.44664634146341475,0.0009396999101354096,0.07705539263110359,12.602,0.3073658536585366,0.8932926829268295,0.0018793998202708193,36.625,0.1536829268292683,0.44664634146341475,0.0009396999101354096,0.07705539263110359,1.998,0.25,0.999,0.125,0.0007067527852789117,0.024365853658536586,0.0030487804878048808,1.7237872811680773e-05,0.0014135055705578234,64.945,99.17499999999973,0.7920121951219511,1.209451219512193,0.0025936133465275565,0.21267629441525965,25.215,73.47500000000002,0.3075,0.8960365853658523,0.0018756887068064043,0.15380647395812516,25.215,73.47500000000002,0.3075,0.8960365853658523,0.0018756887068064043,0.15380647395812516,27.213,73.72499999999991,0.3318658536585366,0.8990853658536588,0.0018772300371775452,0.15393286304855872,1.0,0.024390243902439025,0.0006097560975608651,0.0,0.02499999999999858,1.0,0.02499999999999858,0.0,0.012195121951219513,0.00030487804878043256,0.0,0.0,32.474,0.7920487804878048,1.2128048780487823,0.0026197507341157436,49.72499999999991,0.3960243902439024,0.6064024390243912,0.0013098753670578718,0.1074097800987455,12.613,0.3076341463414634,0.8987804878048786,0.0018812421662694092,36.85000000000002,0.1538170731707317,0.4493902439024393,0.0009406210831347046,0.07713092881704578,12.613,0.3076341463414634,0.8987804878048786,0.0018812421662694092,36.85000000000002,0.1538170731707317,0.4493902439024393,0.0009406210831347046,0.07713092881704578,13.613,0.3320243902439024,0.8993902439024382,0.0018812421662694092,36.87499999999994,0.1660121951219512,0.4496951219512191,0.0009406210831347046,0.07713092881704578,0.998,0.024341463414634147,0.005487804878048785,3.447574562336155e-05,0.22499999999999787,0.998,0.22499999999999787,0.0014135055705578234,0.012170731707317074,0.0027439024390243927,1.7237872811680773e-05,0.0014135055705578234,32.471,0.7919756097560975,1.2060975609756106,0.0026799575844610956,49.44999999999993,0.39598780487804874,0.6030487804878053,0.0013399787922305478,0.10987826096290491,12.602,0.3073658536585366,0.8932926829268295,0.0018793998202708193,36.625,0.1536829268292683,0.44664634146341475,0.0009396999101354096,0.07705539263110359,12.602,0.3073658536585366,0.8932926829268295,0.0018793998202708193,36.625,0.1536829268292683,0.44664634146341475,0.0009396999101354096,0.07705539263110359,13.6,0.33170731707317075,0.898780487804876,0.001882313174987226,36.849999999999966,0.16585365853658537,0.449390243902438,0.000941156587493613,0.07717484017447626,1000
0.84,12.392,-17.474999999999966,0.1511219512195122,-0.21310975609756122,0.0008090005967898271,0.06633804893676583,6.166,0.15039024390243905,-0.17256097560975547,0.0010821169275367784,-7.074999999999989,0.07519512195121952,-0.08628048780487774,0.0005410584637683892,0.044366794029007915,6.226,0.15185365853658536,-0.25365853658536563,0.0011195709190802107,-10.400000000000006,0.07592682926829268,-0.12682926829268282,0.0005597854595401053,0.045902407682288635,1.997,0.0,0.9985,0.0,0.0008651580771734716,0.024353658536585367,0.0,2.1101416516426137e-05,0.0017303161543469432,29.103,85.37499999999989,0.3549146341463415,1.041158536585364,0.00178390037102083,0.14627983042370807,27.106,85.37499999999989,0.3305609756097561,1.0411585365853657,0.001782663727715147,0.14617842567264205,27.106,85.37499999999989,0.3305609756097561,1.0411585365853657,0.001782663727715147,0.14617842567264205,0.997,0.024317073170731708,0.0,4.220283303285227e-05,0.0,0.997,0.0,0.0017303161543469432,0.012158536585365854,0.0,2.1101416516426137e-05,0.0017303161543469432,14.551,0.3549024390243902,1.036585365853659,0.0017911129331887271,42.5,0.1774512195121951,0.5182926829268295,0.0008955564665943636,0.07343563026073781,13.554,0.33058536585365855,1.036585365853659,0.0017887317436444388,42.5,0.16529268292682928,0.5182926829268295,0.0008943658718222194,0.07333800148942199,13.554,0.33058536585365855,1.036585365853659,0.0017887317436444388,42.5,0.16529268292682928,0.5182926829268295,0.0008943658718222194,0.07333800148942199,1.0,0.024390243902439025,0.0,0.0,0.0,1.0,0.0,0.0,0.012195121951219513,0.0,0.0,0.0,14.552,0.35492682926829267,1.0457317073170724,0.0017841003522817006,42.87499999999994,0.17746341463414633,0.5228658536585362,0.0008920501761408503,0.07314811444354972,13.552,0.3305365853658537,1.0457317073170715,0.0017841003522817006,42.875,0.16526829268292684,0.5228658536585358,0.0008920501761408503,0.07314811444354972,13.552,0.3305365853658537,1.0457317073170715,0.0017841003522817006,42.875,0.16526829268292684,0.5228658536585358,0.0008920501761408503,0.07314811444354972,1.997,0.0,0.9985,0.0,0.0008651580771734716,0.024353658536585367,0.0,2.1101416516426137e-05,0.0017303161543469432,67.422,112.95000000000005,0.8222195121951219,1.3774390243902452,0.002387075744771738,0.1957402110712825,27.106,85.37499999999989,0.3305609756097561,1.0411585365853657,0.001782663727715147,0.14617842567264205,27.106,85.37499999999989,0.3305609756097561,1.0411585365853657,0.001782663727715147,0.14617842567264205,29.103,85.37499999999989,0.3549146341463415,1.041158536585364,0.00178390037102083,0.14627983042370807,0.997,0.024317073170731708,0.0,4.220283303285227e-05,0.0,0.997,0.0,0.0017303161543469432,0.012158536585365854,0.0,2.1101416516426137e-05,0.0017303161543469432,33.713,0.8222682926829269,1.3810975609756078,0.0024339691012247038,56.625,0.41113414634146345,0.6905487804878039,0.0012169845506123519,0.09979273315021285,13.554,0.33058536585365855,1.036585365853659,0.0017887317436444388,42.5,0.16529268292682928,0.5182926829268295,0.0008943658718222194,0.07333800148942199,13.554,0.33058536585365855,1.036585365853659,0.0017887317436444388,42.5,0.16529268292682928,0.5182926829268295,0.0008943658718222194,0.07333800148942199,14.551,0.3549024390243902,1.036585365853659,0.0017911129331887271,42.5,0.1774512195121951,0.5182926829268295,0.0008955564665943636,0.07343563026073781,1.0,0.024390243902439025,0.0,0.0,0.0,1.0,0.0,0.0,0.012195121951219513,0.0,0.0,0.0,33.709,0.8221707317073171,1.3737804878048756,0.0024297681975650313,56.325000000000045,0.41108536585365857,0.6868902439024378,0.0012148840987825156,0.09962049610016628,13.552,0.3305365853658537,1.0457317073170715,0.0017841003522817006,42.875,0.16526829268292684,0.5228658536585358,0.0008920501761408503,0.07314811444354972,13.552,0.3305365853658537,1.0457317073170715,0.0017841003522817006,42.875,0.16526829268292684,0.5228658536585358,0.0008920501761408503,0.07314811444354972,14.552,0.35492682926829267,1.0457317073170724,0.0017841003522817006,42.87499999999994,0.17746341463414633,0.5228658536585362,0.0008920501761408503,0.07314811444354972,1000
0.86,12.216,-14.425000000000011,0.14897560975609755,-0.17591463414634134,0.0007737292521207622,0.0634457986739025,6.158,0.15019512195121953,-0.16402439024390247,0.0010894090302162067,-6.725000000000023,0.07509756097560977,-0.08201219512195124,0.0005447045151081033,0.04466577023886447,6.058,0.1477560975609756,-0.18780487804877977,0.0010274085644787633,-7.699999999999989,0.0738780487804878,-0.09390243902438988,0.0005137042822393816,0.0421237511436293,1.998,0.07499999999999574,0.999,0.03749999999999787,0.0007067527852789117,0.024365853658536586,0.0009146341463415197,1.7237872811680773e-05,0.0014135055705578234,30.628,77.54999999999995,0.3735121951219512,0.945731707317071,0.0016774626979443464,0.1375519412314364,28.63,77.47499999999991,0.3491463414634146,0.9448170731707304,0.0016754862016424088,0.13738986853467752,28.63,77.47499999999991,0.3491463414634146,0.9448170731707304,0.0016754862016424088,0.13738986853467752,1.0,0.024390243902439025,0.0018292682926829285,0.0,0.07499999999999929,1.0,0.07499999999999929,0.0,0.012195121951219513,0.0009146341463414642,0.0,0.0,15.313,0.3734878048780488,0.9432926829268276,0.0016805884742367848,38.674999999999955,0.1867439024390244,0.4716463414634138,0.0008402942371183924,0.06890412744370818,14.313,0.3490975609756098,0.9414634146341445,0.0016805884742367848,38.599999999999966,0.1745487804878049,0.47073170731707226,0.0008402942371183924,0.06890412744370818,14.313,0.3490975609756098,0.9414634146341445,0.0016805884742367848,38.599999999999966,0.1745487804878049,0.47073170731707226,0.0008402942371183924,0.06890412744370818,0.998,0.024341463414634147,0.0,3.447574562336155e-05,0.0,0.998,0.0,0.0014135055705578234,0.012170731707317074,0.0,1.7237872811680773e-05,0.0014135055705578234,15.315,0.37353658536585366,0.9481707317073145,0.0016775285469644706,38.87499999999994,0.18676829268292683,0.47408536585365724,0.0008387642734822353,0.0687786704255433,14.317,0.3491951219512195,0.9481707317073162,0.0016733943920443656,38.87499999999994,0.17459756097560974,0.4740853658536581,0.0008366971960221828,0.06860917007381899,14.317,0.3491951219512195,0.9481707317073162,0.0016733943920443656,38.87499999999994,0.17459756097560974,0.4740853658536581,0.0008366971960221828,0.06860917007381899,1.998,0.07499999999999574,0.999,0.03749999999999787,0.0007067527852789117,0.024365853658536586,0.0009146341463415197,1.7237872811680773e-05,0.0014135055705578234,69.463,97.17499999999973,0.8471097560975609,1.1850609756097548,0.002095651469229086,0.17184342047678508,28.63,77.47499999999991,0.3491463414634146,0.9448170731707304,0.0016754862016424088,0.13738986853467752,28.63,77.47499999999991,0.3491463414634146,0.9448170731707304,0.0016754862016424088,0.13738986853467752,30.628,77.54999999999995,0.3735121951219512,0.945731707317071,0.0016774626979443464,0.1375519412314364,1.0,0.024390243902439025,0.0018292682926829285,0.0,0.07499999999999929,1.0,0.07499999999999929,0.0,0.012195121951219513,0.0009146341463414642,0.0,0.0,34.739,0.8472926829268292,1.1774390243902424,0.002126079174826484,48.27499999999998,0.4236463414634146,0.5887195121951212,0.001063039587413242,0.08716924616788584,14.313,0.3490975609756098,0.9414634146341445,0.0016805884742367848,38.599999999999966,0.1745487804878049,0.47073170731707226,0.0008402942371183924,0.06890412744370818,14.313,0.3490975609756098,0.9414634146341445,0.0016805884742367848,38.599999999999966,0.1745487804878049,0.47073170731707226,0.0008402942371183924,0.06890412744370818,15.313,0.3734878048780488,0.9432926829268276,0.0016805884742367848,38.674999999999955,0.1867439024390244,0.4716463414634138,0.0008402942371183924,0.06890412744370818,0.998,0.024341463414634147,0.0,3.447574562336155e-05,0.0,0.998,0.0,0.0014135055705578234,0.012170731707317074,0.0,1.7237872811680773e-05,0.0014135055705578234,34.724,0.8469268292682925,1.1926829268292671,0.002136548821591011,48.899999999999864,0.4234634146341463,0.5963414634146336,0.0010682744107955056,0.08759850168523146,14.317,0.3491951219512195,0.9481707317073162,0.0016733943920443656,38.87499999999994,0.17459756097560974,0.4740853658536581,0.0008366971960221828,0.06860917007381899,14.317,0.3491951219512195,0.9481707317073162,0.0016733943920443656,38.87499999999994,0.17459756097560974,0.4740853658536581,0.0008366971960221828,0.06860917007381899,15.315,0.37353658536585366,0.9481707317073145,0.0016775285469644706,38.87499999999994,0.18676829268292683,0.47408536585365724,0.0008387642734822353,0.0687786704255433,1000
0.88,11.815,-16.44999999999999,0.14408536585365853,-0.20060975609756104,0.0006745826077295682,0.0553157738338246,5.897,0.14382926829268294,-0.2591463414634152,0.0009007085434714295,-10.625,0.07191463414634147,-0.1295731707317076,0.00045035427173571475,0.03692905028232861,5.918,0.14434146341463416,-0.1420731707317069,0.0009605009434455554,-5.824999999999989,0.07217073170731708,-0.07103658536585344,0.0004802504717227777,0.03938053868126777,2.0,0.04999999999999716,1.0,0.02499999999999858,0.0,0.024390243902439025,0.0006097560975609762,0.0,0.0,32.205,80.84999999999991,0.39274390243902435,0.9859756097560979,0.0015153593672164831,0.12425946811175162,30.205,80.79999999999995,0.36835365853658536,0.9853658536585339,0.0015153593672164831,0.12425946811175162,30.205,80.79999999999995,0.36835365853658536,0.9853658536585339,0.0015153593672164831,0.12425946811175162,1.0,0.024390243902439025,0.0,0.0,0.0,1.0,0.0,0.0,0.012195121951219513,0.0,0.0,0.0,16.098,0.3926341463414634,0.9878048780487791,0.0015189217570858889,40.49999999999994,0.1963170731707317,0.4939024390243896,0.0007594608785429444,0.062275792040521444,15.098,0.3682439024390244,0.9878048780487791,0.0015189217570858889,40.49999999999994,0.1841219512195122,0.4939024390243896,0.0007594608785429444,0.062275792040521444,15.098,0.3682439024390244,0.9878048780487791,0.0015189217570858889,40.49999999999994,0.1841219512195122,0.4939024390243896,0.0007594608785429444,0.062275792040521444,1.0,0.024390243902439025,0.0012195121951219523,0.0,0.05000000000000071,1.0,0.05000000000000071,0.0,0.012195121951219513,0.0006097560975609762,0.0,0.0,16.107,0.3928536585365853,0.9841463414634131,0.001514830199873499,40.349999999999966,0.19642682926829266,0.49207317073170653,0.0007574150999367495,0.06210803819481346,15.107,0.36846341463414634,0.9829268292682922,0.001514830199873499,40.299999999999955,0.18423170731707317,0.4914634146341461,0.0007574150999367495,0.06210803819481346,15.107,0.36846341463414634,0.9829268292682922,0.001514830199873499,40.299999999999955,0.18423170731707317,0.4914634146341461,0.0007574150999367495,0.06210803819481346,2.0,0.04999999999999716,1.0,0.02499999999999858,0.0,0.024390243902439025,0.0006097560975609762,0.0,0.0,71.309,96.10000000000014,0.8696219512195121,1.1719512195121986,0.0018432944121630612,0.15115014179737102,30.205,80.79999999999995,0.36835365853658536,0.9853658536585339,0.0015153593672164831,0.12425946811175162,30.205,80.79999999999995,0.36835365853658536,0.9853658536585339,0.0015153593672164831,0.12425946811175162,32.205,80.84999999999991,0.39274390243902435,0.9859756097560979,0.0015153593672164831,0.12425946811175162,1.0,0.024390243902439025,0.0,0.0,0.0,1.0,0.0,0.0,0.012195121951219513,0.0,0.0,0.0,35.644,0.8693658536585366,1.1780487804878064,0.0018783964193920851,48.299999999999955,0.4346829268292683,0.5890243902439032,0.0009391982096960426,0.07701425319507549,15.098,0.3682439024390244,0.9878048780487791,0.0015189217570858889,40.49999999999994,0.1841219512195122,0.4939024390243896,0.0007594608785429444,0.062275792040521444,15.098,0.3682439024390244,0.9878048780487791,0.0015189217570858889,40.49999999999994,0.1841219512195122,0.4939024390243896,0.0007594608785429444,0.062275792040521444,16.098,0.3926341463414634,0.9878048780487791,0.0015189217570858889,40.49999999999994,0.1963170731707317,0.4939024390243896,0.0007594608785429444,0.062275792040521444,1.0,0.024390243902439025,0.0012195121951219523,0.0,0.05000000000000071,1.0,0.05000000000000071,0.0,0.012195121951219513,0.0006097560975609762,0.0,0.0,35.665,0.8698780487804878,1.1658536585365908,0.0018662329647343844,47.80000000000007,0.4349390243902439,0.5829268292682954,0.0009331164823671922,0.07651555155410976,15.107,0.36846341463414634,0.9829268292682922,0.001514830199873499,40.299999999999955,0.18423170731707317,0.4914634146341461,0.0007574150999367495,0.06210803819481346,15.107,0.36846341463414634,0.9829268292682922,0.001514830199873499,40.299999999999955,0.18423170731707317,0.4914634146341461,0.0007574150999367495,0.06210803819481346,16.107,0.3928536585365853,0.9841463414634131,0.001514830199873499,40.349999999999966,0.19642682926829266,0.49207317073170653,0.0007574150999367495,0.06210803819481346,1000
0.9,11.558,-14.849999999999966,0.1409512195121951,-0.18109756097560936,0.0006193411535556862,0.05078597459156627,5.733,0.1398292682926829,-0.17439024390243985,0.0008150969285134117,-7.150000000000006,0.06991463414634146,-0.08719512195121992,0.00040754846425670587,0.03341897406904988,5.825,0.14207317073170733,-0.1878048780487802,0.0008947333245291774,-7.699999999999989,0.07103658536585367,-0.0939024390243901,0.0004473666622645887,0.036684066305696275,2.0,0.0,1.0,0.0,0.0,0.024390243902439025,0.0,0.0,0.0,33.862,83.875,0.41295121951219516,1.022865853658537,0.0014416538054142945,0.11821561204397216,31.862,83.875,0.38856097560975605,1.022865853658537,0.0014416538054142945,0.11821561204397214,31.862,83.875,0.38856097560975605,1.022865853658537,0.0014416538054142945,0.11821561204397214,1.0,0.024390243902439025,0.0,0.0,0.0,1.0,0.0,0.0,0.012195121951219513,0.0,0.0,0.0,16.933,0.413,1.0243902439024382,0.0014396433135719108,41.99999999999994,0.2065,0.5121951219512191,0.0007198216567859554,0.05902537585644834,15.933,0.388609756097561,1.0243902439024382,0.0014396433135719108,41.999999999999886,0.1943048780487805,0.5121951219512191,0.0007198216567859554,0.05902537585644834,15.933,0.388609756097561,1.0243902439024382,0.0014396433135719108,41.999999999999886,0.1943048780487805,0.5121951219512191,0.0007198216567859554,0.05902537585644834,1.0,0.024390243902439025,0.0,0.0,0.0,1.0,0.0,0.0,0.012195121951219513,0.0,0.0,0.0,16.929,0.4129024390243902,1.0213414634146343,0.0014453088220168326,41.875,0.2064512195121951,0.5106707317073171,0.0007226544110084163,0.05925766170269014,15.929,0.38851219512195123,1.0213414634146325,0.0014453088220168328,41.875,0.19425609756097562,0.5106707317073162,0.0007226544110084164,0.059257661702690145,15.929,0.38851219512195123,1.0213414634146325,0.0014453088220168328,41.875,0.19425609756097562,0.5106707317073162,0.0007226544110084164,0.059257661702690145,2.0,0.0,1.0,0.0,0.0,0.024390243902439025,0.0,0.0,0.0,73.307,96.60000000000014,0.8939878048780489,1.1780487804878064,0.001698415257919103,0.13927005114936644,31.862,83.875,0.38856097560975605,1.022865853658537,0.0014416538054142945,0.11821561204397214,31.862,83.875,0.38856097560975605,1.022865853658537,0.0014416538054142945,0.11821561204397214,33.862,83.875,0.41295121951219516,1.022865853658537,0.0014416538054142945,0.11821561204397216,1.0,0.024390243902439025,0.0,0.0,0.0,1.0,0.0,0.0,0.012195121951219513,0.0,0.0,0.0,36.671,0.8944146341463415,1.1859756097560954,0.0016957083724361758,48.624999999999886,0.44720731707317074,0.5929878048780477,0.0008478541862180879,0.0695240432698832,15.933,0.388609756097561,1.0243902439024382,0.0014396433135719108,41.999999999999886,0.1943048780487805,0.5121951219512191,0.0007198216567859554,0.05902537585644834,15.933,0.388609756097561,1.0243902439024382,0.0014396433135719108,41.999999999999886,0.1943048780487805,0.5121951219512191,0.0007198216567859554,0.05902537585644834,16.933,0.413,1.0243902439024382,0.0014396433135719108,41.99999999999994,0.2065,0.5121951219512191,0.0007198216567859554,0.05902537585644834,1.0,0.024390243902439025,0.0,0.0,0.0,1.0,0.0,0.0,0.012195121951219513,0.0,0.0,0.0,36.636,0.8935609756097561,1.1701219512195138,0.0017443063865467843,47.97500000000002,0.44678048780487806,0.5850609756097569,0.0008721531932733922,0.07151656184841816,15.929,0.38851219512195123,1.0213414634146325,0.0014453088220168328,41.875,0.19425609756097562,0.5106707317073162,0.0007226544110084164,0.059257661702690145,15.929,0.38851219512195123,1.0213414634146325,0.0014453088220168328,41.875,0.19425609756097562,0.5106707317073162,0.0007226544110084164,0.059257661702690145,16.929,0.4129024390243902,1.0213414634146343,0.0014453088220168326,41.875,0.2064512195121951,0.5106707317073171,0.0007226544110084163,0.05925766170269014,1000
0.92,11.221,-14.474999999999966,0.13684146341463416,-0.17652439024390265,0.0005777455471246819,0.047375134864223914,5.611,0.13685365853658535,-0.14146341463414558,0.000761449841933713,-5.7999999999999545,0.06842682926829267,-0.07073170731707279,0.0003807249209668565,0.031219443519282235,5.61,0.13682926829268294,-0.2115853658536584,0.0007560428229048598,-8.675000000000011,0.06841463414634147,-0.1057926829268292,0.0003780214114524299,0.030997755739099252,2.0,7.105427357601002e-15,1.0,3.552713678800501e-15,0.0,0.024390243902439025,1.1102230246251565e-16,0.0,0.0,35.56,78.2750000000002,0.4336585365853659,0.9545731707317096,0.0013640510159590958,0.11185218330864585,33.56,78.27500000000032,0.40926829268292686,0.9545731707317113,0.0013640510159590958,0.11185218330864585,33.56,78.27500000000032,0.40926829268292686,0.9545731707317113,0.0013640510159590958,0.11185218330864585,1.0,0.024390243902439025,1.1102230246251565e-16,0.0,3.552713678800501e-15,1.0,3.552713678800501e-15,0.0,0.012195121951219513,5.551115123125783e-17,0.0,0.0,17.778,0.4336097560975609,0.9530487804878067,0.0013666930904499205,39.075000000000045,0.21680487804878046,0.47652439024390336,0.0006833465452249603,0.05603441670844674,16.778,0.4092195121951219,0.9530487804878067,0.0013666930904499205,39.0750000000001,0.20460975609756096,0.47652439024390336,0.0006833465452249603,0.05603441670844674,16.778,0.4092195121951219,0.9530487804878067,0.0013666930904499205,39.0750000000001,0.20460975609756096,0.47652439024390336,0.0006833465452249603,0.05603441670844674,1.0,0.024390243902439025,1.1102230246251565e-16,0.0,3.552713678800501e-15,1.0,3.552713678800501e-15,0.0,0.012195121951219513,5.551115123125783e-17,0.0,0.0,17.782,0.43370731707317073,0.9560975609756142,0.0013622765867719743,39.20000000000016,0.21685365853658536,0.4780487804878071,0.0006811382933859871,0.05585334005765095,16.782,0.4093170731707317,0.9560975609756124,0.0013622765867719743,39.2000000000001,0.20465853658536584,0.4780487804878062,0.0006811382933859871,0.05585334005765095,16.782,0.4093170731707317,0.9560975609756124,0.0013622765867719743,39.2000000000001,0.20465853658536584,0.4780487804878062,0.0006811382933859871,0.05585334005765095,2.0,7.105427357601002e-15,1.0,3.552713678800501e-15,0.0,0.024390243902439025,1.1102230246251565e-16,0.0,0.0,75.173,86.35000000000014,0.9167439024390244,1.0530487804878064,0.0015589455364653192,0.12783353399015618,33.56,78.27500000000032,0.40926829268292686,0.9545731707317113,0.0013640510159590958,0.11185218330864585,33.56,78.27500000000032,0.40926829268292686,0.9545731707317113,0.0013640510159590958,0.11185218330864585,35.56,78.2750000000002,0.4336585365853659,0.9545731707317096,0.0013640510159590958,0.11185218330864585,1.0,0.024390243902439025,1.1102230246251565e-16,0.0,3.552713678800501e-15,1.0,3.552713678800501e-15,0.0,0.012195121951219513,5.551115123125783e-17,0.0,0.0,37.589,0.9168048780487804,1.0365853658536643,0.001570895921431775,42.50000000000023,0.4584024390243902,0.5182926829268322,0.0007854479607158875,0.06440673277870278,16.778,0.4092195121951219,0.9530487804878067,0.0013666930904499205,39.0750000000001,0.20460975609756096,0.47652439024390336,0.0006833465452249603,0.05603441670844674,16.778,0.4092195121951219,0.9530487804878067,0.0013666930904499205,39.0750000000001,0.20460975609756096,0.47652439024390336,0.0006833465452249603,0.05603441670844674,17.778,0.4336097560975609,0.9530487804878067,0.0013666930904499205,39.075000000000045,0.21680487804878046,0.47652439024390336,0.0006833465452249603,0.05603441670844674,1.0,0.024390243902439025,1.1102230246251565e-16,0.0,3.552713678800501e-15,1.0,3.552713678800501e-15,0.0,0.012195121951219513,5.551115123125783e-17,0.0,0.0,37.584,0.9166829268292683,1.0695121951219555,0.001578622267929405,43.850000000000136,0.45834146341463416,0.5347560975609778,0.0007893111339647025,0.0647235129851056,16.782,0.4093170731707317,0.9560975609756124,0.0013622765867719743,39.2000000000001,0.20465853658536584,0.4780487804878062,0.0006811382933859871,0.05585334005765095,16.782,0.4093170731707317,0.9560975609756124,0.0013622765867719743,39.2000000000001,0.20465853658536584,0.4780487804878062,0.0006811382933859871,0.05585334005765095,17.782,0.43370731707317073,0.9560975609756142,0.0013622765867719743,39.20000000000016,0.21685365853658536,0.4780487804878071,0.0006811382933859871,0.05585334005765095,1000
0.94,10.979,-14.500000000000057,0.133890243902439,-0.17682926829268375,0.0005223148655433881,0.04282981897455782,5.501,0.13417073170731708,-0.1652439024390242,0.0006841390746911087,-6.775000000000006,0.06708536585365854,-0.0826219512195121,0.00034206953734555436,0.028049702062335456,5.478,0.13360975609756098,-0.18841463414634196,0.0007028227044739384,-7.725000000000023,0.06680487804878049,-0.09420731707317098,0.0003514113522369692,0.02881573088343147,2.0,-7.105427357601002e-15,1.0,-3.552713678800501e-15,0.0,0.024390243902439025,-1.1102230246251565e-16,0.0,0.0,36.993,75.25,0.4511341463414634,0.9176829268292668,0.0012024831581517307,0.09860361896844191,34.993,75.24999999999989,0.42674390243902444,0.9176829268292686,0.0012024831581517307,0.09860361896844191,34.993,75.24999999999989,0.42674390243902444,0.9176829268292686,0.0012024831581517307,0.09860361896844191,1.0,0.024390243902439025,-1.1102230246251565e-16,0.0,-3.552713678800501e-15,1.0,-3.552713678800501e-15,0.0,0.012195121951219513,-5.551115123125783e-17,0.0,0.0,18.496,0.45112195121951215,0.918902439024393,0.0012034103874529402,37.67500000000001,0.22556097560975608,0.4594512195121965,0.0006017051937264701,0.04933982588557055,17.496,0.42673170731707316,0.9189024390243912,0.0012034103874529402,37.67500000000001,0.21336585365853658,0.4594512195121956,0.0006017051937264701,0.04933982588557055,17.496,0.42673170731707316,0.9189024390243912,0.0012034103874529402,37.67500000000001,0.21336585365853658,0.4594512195121956,0.0006017051937264701,0.04933982588557055,1.0,0.024390243902439025,-1.1102230246251565e-16,0.0,-3.552713678800501e-15,1.0,-3.552713678800501e-15,0.0,0.012195121951219513,-5.551115123125783e-17,0.0,0.0,18.497,0.45114634146341465,0.9164634146341477,0.0012019267249393326,37.57499999999999,0.22557317073170732,0.45823170731707386,0.0006009633624696663,0.04927899572251264,17.497,0.4267560975609756,0.9164634146341477,0.0012019267249393326,37.57499999999999,0.2133780487804878,0.45823170731707386,0.0006009633624696663,0.04927899572251264,17.497,0.4267560975609756,0.9164634146341477,0.0012019267249393326,37.57499999999999,0.2133780487804878,0.45823170731707386,0.0006009633624696663,0.04927899572251264,2.0,-7.105427357601002e-15,1.0,-3.552713678800501e-15,0.0,0.024390243902439025,-1.1102230246251565e-16,0.0,0.0,76.761,82.69999999999982,0.936109756097561,1.0085365853658494,0.001335010135429248,0.10947083110519834,34.993,75.24999999999989,0.42674390243902444,0.9176829268292686,0.0012024831581517307,0.09860361896844191,34.993,75.24999999999989,0.42674390243902444,0.9176829268292686,0.0012024831581517307,0.09860361896844191,36.993,75.25,0.4511341463414634,0.9176829268292668,0.0012024831581517307,0.09860361896844191,1.0,0.024390243902439025,-1.1102230246251565e-16,0.0,-3.552713678800501e-15,1.0,-3.552713678800501e-15,0.0,0.012195121951219513,-5.551115123125783e-17,0.0,0.0,38.371,0.9358780487804879,1.0067073170731717,0.0013519394558724493,41.27500000000009,0.46793902439024393,0.5033536585365859,0.0006759697279362247,0.055429517690770425,17.496,0.42673170731707316,0.9189024390243912,0.0012034103874529402,37.67500000000001,0.21336585365853658,0.4594512195121956,0.0006017051937264701,0.04933982588557055,17.496,0.42673170731707316,0.9189024390243912,0.0012034103874529402,37.67500000000001,0.21336585365853658,0.4594512195121956,0.0006017051937264701,0.04933982588557055,18.496,0.45112195121951215,0.918902439024393,0.0012034103874529402,37.67500000000001,0.22556097560975608,0.4594512195121965,0.0006017051937264701,0.04933982588557055,1.0,0.024390243902439025,-1.1102230246251565e-16,0.0,-3.552713678800501e-15,1.0,-3.552713678800501e-15,0.0,0.012195121951219513,-5.551115123125783e-17,0.0,0.0,38.39,0.9363414634146342,1.0103658536585307,0.0013383358020921936,41.42499999999984,0.4681707317073171,0.5051829268292654,0.0006691679010460968,0.05487176788577994,17.497,0.4267560975609756,0.9164634146341477,0.0012019267249393326,37.57499999999999,0.2133780487804878,0.45823170731707386,0.0006009633624696663,0.04927899572251264,17.497,0.4267560975609756,0.9164634146341477,0.0012019267249393326,37.57499999999999,0.2133780487804878,0.45823170731707386,0.0006009633624696663,0.04927899572251264,18.497,0.45114634146341465,0.9164634146341477,0.0012019267249393326,37.57499999999999,0.22557317073170732,0.45823170731707386,0.0006009633624696663,0.04927899572251264,1000
0.96,10.641,-15.875,0.12976829268292683,-0.1935975609756091,0.0004127043081485173,0.03384175326817842,5.34,0.1302439024390244,-0.204878048780488,0.0005929342992932695,-8.400000000000006,0.0651219512195122,-0.102439024390244,0.00029646714964663473,0.024310306271024047,5.301,0.12929268292682927,-0.18231707317073198,0.0005502192023883965,-7.474999999999966,0.06464634146341464,-0.09115853658536599,0.00027510960119419826,0.022558987297924257,2.0,0.0,1.0,0.0,0.0,0.024390243902439025,0.0,0.0,0.0,38.57,82.67499999999984,0.4703658536585366,1.0082317073170728,0.0010013258493367415,0.08210871964561281,36.57,82.67499999999973,0.44597560975609757,1.008231707317071,0.0010013258493367415,0.08210871964561281,36.57,82.67499999999973,0.44597560975609757,1.008231707317071,0.0010013258493367415,0.08210871964561281,1.0,0.024390243902439025,0.0,0.0,0.0,1.0,0.0,0.0,0.012195121951219513,0.0,0.0,0.0,19.285,0.4703658536585366,1.0085365853658548,0.0010013258493367415,41.349999999999966,0.2351829268292683,0.5042682926829274,0.0005006629246683708,0.041054359822806405,18.285,0.44597560975609757,1.008536585365853,0.0010013258493367415,41.349999999999966,0.22298780487804878,0.5042682926829265,0.0005006629246683708,0.041054359822806405,18.285,0.44597560975609757,1.008536585365853,0.0010013258493367415,41.349999999999966,0.22298780487804878,0.5042682926829265,0.0005006629246683708,0.041054359822806405,1.0,0.024390243902439025,0.0,0.0,0.0,1.0,0.0,0.0,0.012195121951219513,0.0,0.0,0.0,19.285,0.4703658536585366,1.0079268292682926,0.0010013258493367415,41.32499999999993,0.2351829268292683,0.5039634146341463,0.0005006629246683708,0.041054359822806405,18.285,0.44597560975609757,1.0079268292682926,0.0010013258493367415,41.32499999999993,0.22298780487804878,0.5039634146341463,0.0005006629246683708,0.041054359822806405,18.285,0.44597560975609757,1.0079268292682926,0.0010013258493367415,41.32499999999993,0.22298780487804878,0.5039634146341463,0.0005006629246683708,0.041054359822806405,2.0,0.0,1.0,0.0,0.0,0.024390243902439025,0.0,0.0,0.0,78.481,87.94999999999982,0.9570853658536584,1.072560975609754,0.001065331000827979,0.08735714206789429,36.57,82.67499999999973,0.44597560975609757,1.008231707317071,0.0010013258493367415,0.08210871964561281,36.57,82.67499999999973,0.44597560975609757,1.008231707317071,0.0010013258493367415,0.08210871964561281,38.57,82.67499999999984,0.4703658536585366,1.0082317073170728,0.0010013258493367415,0.08210871964561281,1.0,0.024390243902439025,0.0,0.0,0.0,1.0,0.0,0.0,0.012195121951219513,0.0,0.0,0.0,39.24,0.9570731707317074,1.077439024390241,0.0010782458583668564,44.174999999999955,0.4785365853658537,0.5387195121951205,0.0005391229291834282,0.04420808019304111,18.285,0.44597560975609757,1.008536585365853,0.0010013258493367415,41.349999999999966,0.22298780487804878,0.5042682926829265,0.0005006629246683708,0.041054359822806405,18.285,0.44597560975609757,1.008536585365853,0.0010013258493367415,41.349999999999966,0.22298780487804878,0.5042682926829265,0.0005006629246683708,0.041054359822806405,19.285,0.4703658536585366,1.0085365853658548,0.0010013258493367415,41.349999999999966,0.2351829268292683,0.5042682926829274,0.0005006629246683708,0.041054359822806405,1.0,0.024390243902439025,0.0,0.0,0.0,1.0,0.0,0.0,0.012195121951219513,0.0,0.0,0.0,39.241,0.9570975609756097,1.0676829268292671,0.0010622548541956562,43.774999999999864,0.47854878048780486,0.5338414634146336,0.0005311274270978281,0.0435524490220219,18.285,0.44597560975609757,1.0079268292682926,0.0010013258493367415,41.32499999999993,0.22298780487804878,0.5039634146341463,0.0005006629246683708,0.041054359822806405,18.285,0.44597560975609757,1.0079268292682926,0.0010013258493367415,41.32499999999993,0.22298780487804878,0.5039634146341463,0.0005006629246683708,0.041054359822806405,19.285,0.4703658536585366,1.0079268292682926,0.0010013258493367415,41.32499999999993,0.2351829268292683,0.5039634146341463,0.0005006629246683708,0.041054359822806405,1000
0.98,10.344,-16.024999999999977,0.12614634146341464,-0.19542682926829258,0.0003071375536203402,0.025185279396867894,5.165,0.12597560975609756,-0.20731707317073145,0.0004153974788993619,-8.5,0.06298780487804878,-0.10365853658536572,0.00020769873944968096,0.01703129663487384,5.179,0.1263170731707317,-0.1835365853658537,0.00042892743414776527,-7.525000000000006,0.06315853658536585,-0.09176829268292686,0.00021446371707388264,0.017586024800058376,2.0,0.0,1.0,0.0,0.0,0.024390243902439025,0.0,0.0,0.0,40.3,85.74999999999989,0.49146341463414633,1.0457317073170724,0.0006725077418555105,0.05514563483215187,38.3,85.74999999999989,0.4670731707317073,1.0457317073170724,0.0006725077418555105,0.05514563483215187,38.3,85.74999999999989,0.4670731707317073,1.0457317073170724,0.0006725077418555105,0.05514563483215187,1.0,0.024390243902439025,0.0,0.0,0.0,1.0,0.0,0.0,0.012195121951219513,0.0,0.0,0.0,20.15,0.49146341463414633,1.0457317073170724,0.0006725077418555105,42.87499999999994,0.24573170731707317,0.5228658536585362,0.00033625387092775527,0.027572817416075934,19.15,0.4670731707317073,1.0457317073170724,0.0006725077418555105,42.87499999999994,0.23353658536585364,0.5228658536585362,0.00033625387092775527,0.027572817416075934,19.15,0.4670731707317073,1.0457317073170724,0.0006725077418555105,42.87499999999994,0.23353658536585364,0.5228658536585362,0.00033625387092775527,0.027572817416075934,1.0,0.024390243902439025,0.0,0.0,0.0,1.0,0.0,0.0,0.012195121951219513,0.0,0.0,0.0,20.15,0.49146341463414633,1.0457317073170724,0.0006725077418555105,42.87499999999994,0.24573170731707317,0.5228658536585362,0.00033625387092775527,0.027572817416075934,19.15,0.4670731707317073,1.0457317073170724,0.0006725077418555105,42.87499999999994,0.23353658536585364,0.5228658536585362,0.00033625387092775527,0.027572817416075934,19.15,0.4670731707317073,1.0457317073170724,0.0006725077418555105,42.87499999999994,0.23353658536585364,0.5228658536585362,0.00033625387092775527,0.027572817416075934,2.0,0.0,1.0,0.0,0.0,0.024390243902439025,0.0,0.0,0.0,80.279,87.97499999999991,0.9790121951219511,1.0728658536585378,0.0006909770915682984,0.05666012150860047,38.3,85.74999999999989,0.4670731707317073,1.0457317073170724,0.0006725077418555105,0.05514563483215187,38.3,85.74999999999989,0.4670731707317073,1.0457317073170724,0.0006725077418555105,0.05514563483215187,40.3,85.74999999999989,0.49146341463414633,1.0457317073170724,0.0006725077418555105,0.05514563483215187,1.0,0.024390243902439025,0.0,0.0,0.0,1.0,0.0,0.0,0.012195121951219513,0.0,0.0,0.0,40.138,0.9789756097560975,1.0731707317073145,0.0006974815636930595,43.999999999999886,0.48948780487804877,0.5365853658536572,0.00034874078184652974,0.02859674411141544,19.15,0.4670731707317073,1.0457317073170724,0.0006725077418555105,42.87499999999994,0.23353658536585364,0.5228658536585362,0.00033625387092775527,0.027572817416075934,19.15,0.4670731707317073,1.0457317073170724,0.0006725077418555105,42.87499999999994,0.23353658536585364,0.5228658536585362,0.00033625387092775527,0.027572817416075934,20.15,0.49146341463414633,1.0457317073170724,0.0006725077418555105,42.87499999999994,0.24573170731707317,0.5228658536585362,0.00033625387092775527,0.027572817416075934,1.0,0.024390243902439025,0.0,0.0,0.0,1.0,0.0,0.0,0.012195121951219513,0.0,0.0,0.0,40.141,0.9790487804878049,1.0725609756097576,0.000687230738104853,43.97499999999991,0.48952439024390243,0.5362804878048788,0.0003436153690524265,0.02817646026229897,19.15,0.4670731707317073,1.0457317073170724,0.0006725077418555105,42.87499999999994,0.23353658536585364,0.5228658536585362,0.00033625387092775527,0.027572817416075934,19.15,0.4670731707317073,1.0457317073170724,0.0006725077418555105,42.87499999999994,0.23353658536585364,0.5228658536585362,0.00033625387092775527,0.027572817416075934,20.15,0.49146341463414633,1.0457317073170724,0.0006725077418555105,42.87499999999994,0.24573170731707317,0.5228658536585362,0.00033625387092775527,0.027572817416075934,1000
1.0,10.0,-17.199999999999957,0.12195121951219512,-0.2097560975609756,0.0,0.0,5.0,0.12195121951219512,-0.20121951219512196,0.0,-8.249999999999995,0.06097560975609756,-0.10060975609756098,0.0,0.0,5.0,0.12195121951219512,-0.21829268292682927,0.0,-8.950000000000006,0.06097560975609756,-0.10914634146341463,0.0,0.0,2.0,0.0,1.0,0.0,0.0,0.024390243902439025,0.0,0.0,0.0,42.0,85.00000000000007,0.5121951219512195,1.0365853658536586,0.0,0.0,40.0,85.00000000000007,0.4878048780487805,1.0365853658536586,0.0,0.0,40.0,85.00000000000007,0.4878048780487805,1.0365853658536586,0.0,0.0,1.0,0.024390243902439025,0.0,0.0,0.0,1.0,0.0,0.0,0.012195121951219513,0.0,0.0,0.0,21.0,0.5121951219512195,1.0365853658536586,0.0,42.500000000000036,0.25609756097560976,0.5182926829268293,0.0,0.0,20.0,0.4878048780487805,1.0365853658536586,0.0,42.500000000000036,0.24390243902439024,0.5182926829268293,0.0,0.0,20.0,0.4878048780487805,1.0365853658536586,0.0,42.500000000000036,0.24390243902439024,0.5182926829268293,0.0,0.0,1.0,0.024390243902439025,0.0,0.0,0.0,1.0,0.0,0.0,0.012195121951219513,0.0,0.0,0.0,21.0,0.5121951219512195,1.0365853658536586,0.0,42.500000000000036,0.25609756097560976,0.5182926829268293,0.0,0.0,20.0,0.4878048780487805,1.0365853658536586,0.0,42.500000000000036,0.24390243902439024,0.5182926829268293,0.0,0.0,20.0,0.4878048780487805,1.0365853658536586,0.0,42.500000000000036,0.24390243902439024,0.5182926829268293,0.0,0.0,2.0,0.0,1.0,0.0,0.0,0.024390243902439025,0.0,0.0,0.0,82.0,86.05000000000011,1.0,1.0493902439024418,0.0,0.0,40.0,85.00000000000007,0.4878048780487805,1.0365853658536586,0.0,0.0,40.0,85.00000000000007,0.4878048780487805,1.0365853658536586,0.0,0.0,42.0,85.00000000000007,0.5121951219512195,1.0365853658536586,0.0,0.0,1.0,0.024390243902439025,0.0,0.0,0.0,1.0,0.0,0.0,0.012195121951219513,0.0,0.0,0.0,41.0,1.0,1.051219512195122,0.0,43.10000000000006,0.5,0.525609756097561,0.0,0.0,20.0,0.4878048780487805,1.0365853658536586,0.0,42.500000000000036,0.24390243902439024,0.5182926829268293,0.0,0.0,20.0,0.4878048780487805,1.0365853658536586,0.0,42.500000000000036,0.24390243902439024,0.5182926829268293,0.0,0.0,21.0,0.5121951219512195,1.0365853658536586,0.0,42.500000000000036,0.25609756097560976,0.5182926829268293,0.0,0.0,1.0,0.024390243902439025,0.0,0.0,0.0,1.0,0.0,0.0,0.012195121951219513,0.0,0.0,0.0,41.0,1.0,1.0475609756097561,0.0,42.95000000000005,0.5,0.5237804878048781,0.0,0.0,20.0,0.4878048780487805,1.0365853658536586,0.0,42.500000000000036,0.24390243902439024,0.5182926829268293,0.0,0.0,20.0,0.4878048780487805,1.0365853658536586,0.0,42.500000000000036,0.24390243902439024,0.5182926829268293,0.0,0.0,21.0,0.5121951219512195,1.0365853658536586,0.0,42.500000000000036,0.25609756097560976,0.5182926829268293,0.0,0.0,1000
